# https://github.com/mikedh/trimesh
v -0.50781250 -0.82031250 -0.05468750 0.47058824 0.60392157 0.75294118
v -0.55468750 -0.74218750 -0.03906250 0.47058824 0.60392157 0.75294118
v -0.50781250 -0.82031250 0.00781250 0.47058824 0.60392157 0.75294118
v -0.46093750 -0.88281250 -0.00781250 0.47058824 0.60392157 0.75294118
v -0.46093750 -0.88281250 -0.07031250 0.47058824 0.60392157 0.75294118
v -0.49218750 -0.82031250 -0.11718750 0.47058824 0.60392157 0.75294118
v -0.52343750 -0.74218750 -0.11718750 0.47058824 0.60392157 0.75294118
v -0.55468750 -0.67968750 -0.03906250 0.47058824 0.60392157 0.75294118
v -0.52343750 -0.67968750 -0.10156250 0.47058824 0.60392157 0.75294118
v -0.53906250 -0.60156250 -0.02343750 0.47058824 0.60392157 0.75294118
v -0.55468750 -0.60156250 0.03906250 0.47058824 0.60392157 0.75294118
v -0.55468750 -0.67968750 0.02343750 0.47058824 0.60392157 0.75294118
v -0.53906250 -0.74218750 0.02343750 0.47058824 0.60392157 0.75294118
v -0.52343750 -0.67968750 0.10156250 0.47058824 0.60392157 0.75294118
v -0.50781250 -0.74218750 0.08593750 0.47058824 0.60392157 0.75294118
v -0.47656250 -0.82031250 0.07031250 0.47058824 0.60392157 0.75294118
v -0.47656250 -0.74218750 -0.17968750 0.47058824 0.60392157 0.75294118
v -0.44531250 -0.82031250 -0.16406250 0.47058824 0.60392157 0.75294118
v -0.41406250 -0.74218750 -0.21093750 0.47058824 0.60392157 0.75294118
v -0.47656250 -0.67968750 -0.16406250 0.47058824 0.60392157 0.75294118
v -0.50781250 -0.60156250 -0.08593750 0.47058824 0.60392157 0.75294118
v -0.46093750 -0.61718750 -0.13281250 0.47058824 0.60392157 0.75294118
v -0.47656250 -0.53906250 -0.05468750 0.47058824 0.60392157 0.75294118
v -0.50781250 -0.52343750 -0.00781250 0.47058824 0.60392157 0.75294118
v -0.52343750 -0.52343750 0.03906250 0.47058824 0.60392157 0.75294118
v -0.46093750 -0.46093750 0.07031250 0.47058824 0.60392157 0.75294118
v -0.46093750 -0.47656250 0.11718750 0.47058824 0.60392157 0.75294118
v -0.53906250 -0.50781250 0.10156250 0.47058824 0.60392157 0.75294118
v -0.44531250 -0.47656250 0.02343750 0.47058824 0.60392157 0.75294118
v -0.41406250 -0.49218750 -0.00781250 0.47058824 0.60392157 0.75294118
v -0.33593750 -0.50781250 0.03906250 0.47058824 0.60392157 0.75294118
v -0.35156250 -0.49218750 0.08593750 0.47058824 0.60392157 0.75294118
v -0.42968750 -0.88281250 0.03906250 0.47058824 0.60392157 0.75294118
v -0.38281250 -0.88281250 0.08593750 0.47058824 0.60392157 0.75294118
v -0.35156250 -0.92968750 0.02343750 0.47058824 0.60392157 0.75294118
v -0.38281250 -0.92968750 -0.00781250 0.47058824 0.60392157 0.75294118
v -0.46093750 -0.67968750 0.14843750 0.47058824 0.60392157 0.75294118
v -0.50781250 -0.60156250 0.14843750 0.47058824 0.60392157 0.75294118
v -0.44531250 -0.63281250 0.16406250 0.47058824 0.60392157 0.75294118
v -0.36718750 -0.67968750 0.14843750 0.47058824 0.60392157 0.75294118
v -0.44531250 -0.75781250 0.13281250 0.47058824 0.60392157 0.75294118
v -0.41406250 -0.82031250 0.11718750 0.47058824 0.60392157 0.75294118
v -0.33593750 -0.82031250 0.13281250 0.47058824 0.60392157 0.75294118
v -0.32031250 -0.88281250 0.10156250 0.47058824 0.60392157 0.75294118
v -0.53906250 -0.60156250 0.10156250 0.47058824 0.60392157 0.75294118
v -0.55468750 -0.50781250 0.13281250 0.47058824 0.60392157 0.75294118
v -0.47656250 -0.53906250 0.17968750 0.47058824 0.60392157 0.75294118
v -0.50781250 -0.46093750 0.16406250 0.47058824 0.60392157 0.75294118
v -0.46093750 -0.47656250 0.17968750 0.47058824 0.60392157 0.75294118
v -0.41406250 -0.52343750 0.17968750 0.47058824 0.60392157 0.75294118
v -0.50781250 -0.46093750 0.13281250 0.47058824 0.60392157 0.75294118
v -0.46093750 -0.46093750 0.14843750 0.47058824 0.60392157 0.75294118
v -0.30468750 -0.94531250 -0.05468750 0.47058824 0.60392157 0.75294118
v -0.30468750 -0.94531250 -0.03906250 0.47058824 0.60392157 0.75294118
v -0.24218750 -0.94531250 -0.02343750 0.47058824 0.60392157 0.75294118
v -0.22656250 -0.94531250 -0.03906250 0.47058824 0.60392157 0.75294118
v -0.28906250 -0.94531250 -0.07031250 0.47058824 0.60392157 0.75294118
v -0.36718750 -0.92968750 -0.10156250 0.47058824 0.60392157 0.75294118
v -0.38281250 -0.92968750 -0.05468750 0.47058824 0.60392157 0.75294118
v -0.30468750 -0.94531250 -0.02343750 0.47058824 0.60392157 0.75294118
v -0.28906250 -0.94531250 -0.00781250 0.47058824 0.60392157 0.75294118
v -0.24218750 -0.94531250 -0.00781250 0.47058824 0.60392157 0.75294118
v -0.42968750 -0.88281250 -0.11718750 0.47058824 0.60392157 0.75294118
v -0.27343750 -0.94531250 -0.08593750 0.47058824 0.60392157 0.75294118
v -0.22656250 -0.94531250 -0.05468750 0.47058824 0.60392157 0.75294118
v -0.21093750 -0.94531250 -0.05468750 0.47058824 0.60392157 0.75294118
v -0.25781250 -0.94531250 -0.10156250 0.47058824 0.60392157 0.75294118
v -0.30468750 -0.91406250 -0.14843750 0.47058824 0.60392157 0.75294118
v -0.33593750 -0.91406250 -0.13281250 0.47058824 0.60392157 0.75294118
v -0.17968750 -0.91406250 0.02343750 0.47058824 0.60392157 0.75294118
v -0.14843750 -0.91406250 -0.00781250 0.47058824 0.60392157 0.75294118
v -0.33593750 -0.85156250 -0.19531250 0.47058824 0.60392157 0.75294118
v -0.39843750 -0.86718750 -0.16406250 0.47058824 0.60392157 0.75294118
v -0.25781250 -0.94531250 0.00781250 0.47058824 0.60392157 0.75294118
v -0.27343750 -0.94531250 0.00781250 0.47058824 0.60392157 0.75294118
v -0.28906250 -0.91406250 0.07031250 0.47058824 0.60392157 0.75294118
v -0.22656250 -0.91406250 0.05468750 0.47058824 0.60392157 0.75294118
v -0.32031250 -0.91406250 0.05468750 0.47058824 0.60392157 0.75294118
v -0.21093750 -0.94531250 -0.07031250 0.47058824 0.60392157 0.75294118
v -0.14843750 -0.91406250 -0.03906250 0.47058824 0.60392157 0.75294118
v -0.13281250 -0.91406250 -0.07031250 0.47058824 0.60392157 0.75294118
v -0.21093750 -0.92968750 -0.08593750 0.47058824 0.60392157 0.75294118
v -0.22656250 -0.92968750 -0.10156250 0.47058824 0.60392157 0.75294118
v -0.25781250 -0.91406250 -0.14843750 0.47058824 0.60392157 0.75294118
v -0.21093750 -0.91406250 -0.14843750 0.47058824 0.60392157 0.75294118
v -0.19531250 -0.86718750 -0.17968750 0.47058824 0.60392157 0.75294118
v -0.25781250 -0.86718750 -0.19531250 0.47058824 0.60392157 0.75294118
v -0.19531250 -0.86718750 0.10156250 0.47058824 0.60392157 0.75294118
v -0.13281250 -0.86718750 0.05468750 0.47058824 0.60392157 0.75294118
v -0.10156250 -0.86718750 0.00781250 0.47058824 0.60392157 0.75294118
v -0.36718750 -0.80468750 -0.21093750 0.47058824 0.60392157 0.75294118
v -0.16406250 -0.91406250 -0.11718750 0.47058824 0.60392157 0.75294118
v -0.08593750 -0.86718750 -0.07031250 0.47058824 0.60392157 0.75294118
v -0.11718750 -0.86718750 -0.13281250 0.47058824 0.60392157 0.75294118
v -0.19531250 -0.80468750 -0.21093750 0.47058824 0.60392157 0.75294118
v -0.27343750 -0.80468750 -0.22656250 0.47058824 0.60392157 0.75294118
v -0.05468750 -0.80468750 -0.07031250 0.47058824 0.60392157 0.75294118
v -0.08593750 -0.80468750 -0.14843750 0.47058824 0.60392157 0.75294118
v -0.07031250 -0.80468750 0.02343750 0.47058824 0.60392157 0.75294118
v -0.07031250 -0.74218750 -0.07031250 0.47058824 0.60392157 0.75294118
v -0.08593750 -0.74218750 -0.14843750 0.47058824 0.60392157 0.75294118
v -0.14843750 -0.86718750 -0.07031250 0.47058824 0.60392157 0.75294118
v -0.14843750 -0.86718750 -0.13281250 0.47058824 0.60392157 0.75294118
v -0.14843750 -0.74218750 -0.13281250 0.47058824 0.60392157 0.75294118
v -0.14843750 -0.74218750 -0.07031250 0.47058824 0.60392157 0.75294118
v -0.14843750 -0.86718750 0.00781250 0.47058824 0.60392157 0.75294118
v 0.11718750 -0.86718750 -0.00781250 0.47058824 0.60392157 0.75294118
v 0.13281250 -0.86718750 -0.07031250 0.47058824 0.60392157 0.75294118
v 0.11718750 -0.86718750 -0.13281250 0.47058824 0.60392157 0.75294118
v -0.11718750 -0.86718750 -0.19531250 0.47058824 0.60392157 0.75294118
v 0.10156250 -0.86718750 -0.19531250 0.47058824 0.60392157 0.75294118
v 0.07031250 -0.86718750 -0.24218750 0.47058824 0.60392157 0.75294118
v -0.08593750 -0.86718750 -0.24218750 0.47058824 0.60392157 0.75294118
v -0.08593750 -0.74218750 -0.22656250 0.47058824 0.60392157 0.75294118
v -0.11718750 -0.74218750 -0.19531250 0.47058824 0.60392157 0.75294118
v -0.07031250 -0.33593750 -0.17968750 0.47058824 0.60392157 0.75294118
v -0.10156250 -0.33593750 -0.14843750 0.47058824 0.60392157 0.75294118
v -0.02343750 -0.74218750 -0.25781250 0.47058824 0.60392157 0.75294118
v -0.02343750 -0.86718750 -0.27343750 0.47058824 0.60392157 0.75294118
v 0.02343750 -0.74218750 -0.25781250 0.47058824 0.60392157 0.75294118
v 0.03906250 -0.33593750 -0.19531250 0.47058824 0.60392157 0.75294118
v -0.02343750 -0.33593750 -0.21093750 0.47058824 0.60392157 0.75294118
v 0.00781250 -0.86718750 -0.27343750 0.47058824 0.60392157 0.75294118
v 0.07031250 -0.74218750 -0.22656250 0.47058824 0.60392157 0.75294118
v -0.17968750 -0.74218750 -0.21093750 0.47058824 0.60392157 0.75294118
v -0.28906250 -0.74218750 -0.24218750 0.47058824 0.60392157 0.75294118
v -0.41406250 -0.67968750 -0.19531250 0.47058824 0.60392157 0.75294118
v -0.08593750 -0.69531250 -0.05468750 0.47058824 0.60392157 0.75294118
v -0.10156250 -0.69531250 -0.13281250 0.47058824 0.60392157 0.75294118
v -0.07031250 -0.74218750 0.02343750 0.47058824 0.60392157 0.75294118
v -0.10156250 -0.74218750 0.08593750 0.47058824 0.60392157 0.75294118
v -0.13281250 -0.69531250 0.07031250 0.47058824 0.60392157 0.75294118
v -0.08593750 -0.69531250 0.00781250 0.47058824 0.60392157 0.75294118
v -0.19531250 -0.69531250 -0.19531250 0.47058824 0.60392157 0.75294118
v -0.13281250 -0.64843750 -0.11718750 0.47058824 0.60392157 0.75294118
v -0.21093750 -0.64843750 -0.17968750 0.47058824 0.60392157 0.75294118
v -0.28906250 -0.69531250 -0.22656250 0.47058824 0.60392157 0.75294118
v -0.28906250 -0.64843750 -0.19531250 0.47058824 0.60392157 0.75294118
v -0.39843750 -0.63281250 -0.17968750 0.47058824 0.60392157 0.75294118
v -0.13281250 -0.33593750 -0.10156250 0.47058824 0.60392157 0.75294118
v 0.11718750 -0.33593750 -0.10156250 0.47058824 0.60392157 0.75294118
v 0.13281250 -0.33593750 -0.03906250 0.47058824 0.60392157 0.75294118
v -0.14843750 -0.33593750 -0.03906250 0.47058824 0.60392157 0.75294118
v -0.14843750 -0.74218750 0.00781250 0.47058824 0.60392157 0.75294118
v -0.14843750 -0.33593750 0.02343750 0.47058824 0.60392157 0.75294118
v -0.10156250 -0.74218750 0.07031250 0.47058824 0.60392157 0.75294118
v -0.10156250 -0.86718750 0.07031250 0.47058824 0.60392157 0.75294118
v 0.07031250 -0.33593750 -0.17968750 0.47058824 0.60392157 0.75294118
v -0.16406250 -0.64843750 0.05468750 0.47058824 0.60392157 0.75294118
v -0.11718750 -0.64843750 0.00781250 0.47058824 0.60392157 0.75294118
v -0.10156250 -0.64843750 -0.05468750 0.47058824 0.60392157 0.75294118
v -0.16406250 -0.60156250 -0.02343750 0.47058824 0.60392157 0.75294118
v -0.16406250 -0.60156250 -0.07031250 0.47058824 0.60392157 0.75294118
v -0.42968750 -0.55468750 -0.08593750 0.47058824 0.60392157 0.75294118
v -0.24218750 -0.60156250 -0.14843750 0.47058824 0.60392157 0.75294118
v -0.17968750 -0.60156250 -0.10156250 0.47058824 0.60392157 0.75294118
v -0.24218750 -0.57031250 -0.08593750 0.47058824 0.60392157 0.75294118
v -0.27343750 -0.57031250 -0.10156250 0.47058824 0.60392157 0.75294118
v -0.30468750 -0.58593750 -0.14843750 0.47058824 0.60392157 0.75294118
v -0.36718750 -0.57031250 -0.13281250 0.47058824 0.60392157 0.75294118
v -0.33593750 -0.53906250 -0.07031250 0.47058824 0.60392157 0.75294118
v -0.36718750 -0.52343750 -0.03906250 0.47058824 0.60392157 0.75294118
v -0.24218750 -0.57031250 -0.05468750 0.47058824 0.60392157 0.75294118
v -0.25781250 -0.57031250 -0.02343750 0.47058824 0.60392157 0.75294118
v -0.17968750 -0.60156250 0.00781250 0.47058824 0.60392157 0.75294118
v -0.25781250 -0.57031250 0.03906250 0.47058824 0.60392157 0.75294118
v -0.10156250 -0.55468750 -0.02343750 0.47058824 0.60392157 0.75294118
v -0.00781250 -0.55468750 -0.03906250 0.47058824 0.60392157 0.75294118
v -0.10156250 -0.53906250 -0.07031250 0.47058824 0.60392157 0.75294118
v -0.21093750 -0.52343750 -0.03906250 0.47058824 0.60392157 0.75294118
v -0.21093750 -0.52343750 0.00781250 0.47058824 0.60392157 0.75294118
v -0.10156250 -0.55468750 0.00781250 0.47058824 0.60392157 0.75294118
v -0.00781250 -0.55468750 -0.02343750 0.47058824 0.60392157 0.75294118
v 0.08593750 -0.55468750 -0.02343750 0.47058824 0.60392157 0.75294118
v 0.08593750 -0.55468750 0.00781250 0.47058824 0.60392157 0.75294118
v 0.19531250 -0.52343750 0.00781250 0.47058824 0.60392157 0.75294118
v 0.19531250 -0.52343750 -0.03906250 0.47058824 0.60392157 0.75294118
v 0.08593750 -0.53906250 -0.07031250 0.47058824 0.60392157 0.75294118
v -0.00781250 -0.53906250 -0.07031250 0.47058824 0.60392157 0.75294118
v 0.08593750 -0.50781250 -0.10156250 0.47058824 0.60392157 0.75294118
v -0.00781250 -0.50781250 -0.11718750 0.47058824 0.60392157 0.75294118
v -0.10156250 -0.50781250 -0.10156250 0.47058824 0.60392157 0.75294118
v -0.00781250 -0.55468750 0.00781250 0.47058824 0.60392157 0.75294118
v -0.10156250 -0.55468750 0.03906250 0.47058824 0.60392157 0.75294118
v -0.00781250 -0.55468750 0.05468750 0.47058824 0.60392157 0.75294118
v 0.08593750 -0.55468750 0.03906250 0.47058824 0.60392157 0.75294118
v -0.21093750 -0.49218750 -0.07031250 0.47058824 0.60392157 0.75294118
v -0.19531250 -0.46093750 -0.11718750 0.47058824 0.60392157 0.75294118
v -0.30468750 -0.42968750 -0.10156250 0.47058824 0.60392157 0.75294118
v -0.32031250 -0.44531250 -0.05468750 0.47058824 0.60392157 0.75294118
v -0.32031250 -0.47656250 -0.00781250 0.47058824 0.60392157 0.75294118
v -0.41406250 -0.38281250 -0.05468750 0.47058824 0.60392157 0.75294118
v -0.42968750 -0.39843750 -0.00781250 0.47058824 0.60392157 0.75294118
v -0.32031250 -0.47656250 0.03906250 0.47058824 0.60392157 0.75294118
v -0.10156250 -0.47656250 -0.13281250 0.47058824 0.60392157 0.75294118
v -0.00781250 -0.47656250 -0.13281250 0.47058824 0.60392157 0.75294118
v -0.10156250 -0.42968750 -0.14843750 0.47058824 0.60392157 0.75294118
v -0.19531250 -0.41406250 -0.13281250 0.47058824 0.60392157 0.75294118
v 0.08593750 -0.47656250 -0.13281250 0.47058824 0.60392157 0.75294118
v 0.19531250 -0.46093750 -0.11718750 0.47058824 0.60392157 0.75294118
v 0.19531250 -0.41406250 -0.13281250 0.47058824 0.60392157 0.75294118
v 0.08593750 -0.42968750 -0.14843750 0.47058824 0.60392157 0.75294118
v -0.24218750 -0.86718750 0.11718750 0.47058824 0.60392157 0.75294118
v -0.24218750 -0.80468750 0.13281250 0.47058824 0.60392157 0.75294118
v -0.17968750 -0.80468750 0.11718750 0.47058824 0.60392157 0.75294118
v -0.24218750 -0.74218750 0.14843750 0.47058824 0.60392157 0.75294118
v -0.16406250 -0.74218750 0.11718750 0.47058824 0.60392157 0.75294118
v -0.11718750 -0.80468750 0.07031250 0.47058824 0.60392157 0.75294118
v 0.08593750 -0.86718750 0.05468750 0.47058824 0.60392157 0.75294118
v 0.03906250 -0.86718750 0.10156250 0.47058824 0.60392157 0.75294118
v 0.03906250 -0.74218750 0.11718750 0.47058824 0.60392157 0.75294118
v 0.08593750 -0.74218750 0.07031250 0.47058824 0.60392157 0.75294118
v -0.11718750 -0.33593750 0.08593750 0.47058824 0.60392157 0.75294118
v -0.03906250 -0.74218750 0.11718750 0.47058824 0.60392157 0.75294118
v -0.05468750 -0.86718750 0.10156250 0.47058824 0.60392157 0.75294118
v -0.35156250 -0.75781250 0.14843750 0.47058824 0.60392157 0.75294118
v -0.25781250 -0.67968750 0.11718750 0.47058824 0.60392157 0.75294118
v -0.17968750 -0.69531250 0.10156250 0.47058824 0.60392157 0.75294118
v -0.19531250 -0.64843750 0.08593750 0.47058824 0.60392157 0.75294118
v -0.05468750 -0.33593750 0.16406250 0.47058824 0.60392157 0.75294118
v 0.11718750 -0.33593750 0.08593750 0.47058824 0.60392157 0.75294118
v 0.05468750 -0.33593750 0.16406250 0.47058824 0.60392157 0.75294118
v -0.28906250 -0.61718750 0.10156250 0.47058824 0.60392157 0.75294118
v -0.32031250 -0.55468750 0.05468750 0.47058824 0.60392157 0.75294118
v -0.38281250 -0.58593750 0.14843750 0.47058824 0.60392157 0.75294118
v -0.33593750 -0.53906250 0.08593750 0.47058824 0.60392157 0.75294118
v -0.21093750 -0.52343750 0.05468750 0.47058824 0.60392157 0.75294118
v -0.32031250 -0.46093750 0.08593750 0.47058824 0.60392157 0.75294118
v -0.21093750 -0.50781250 0.08593750 0.47058824 0.60392157 0.75294118
v -0.10156250 -0.53906250 0.08593750 0.47058824 0.60392157 0.75294118
v -0.21093750 -0.49218750 0.13281250 0.47058824 0.60392157 0.75294118
v -0.10156250 -0.52343750 0.13281250 0.47058824 0.60392157 0.75294118
v -0.00781250 -0.55468750 0.08593750 0.47058824 0.60392157 0.75294118
v 0.08593750 -0.53906250 0.08593750 0.47058824 0.60392157 0.75294118
v 0.08593750 -0.52343750 0.13281250 0.47058824 0.60392157 0.75294118
v 0.19531250 -0.49218750 0.13281250 0.47058824 0.60392157 0.75294118
v 0.19531250 -0.50781250 0.08593750 0.47058824 0.60392157 0.75294118
v -0.00781250 -0.53906250 0.13281250 0.47058824 0.60392157 0.75294118
v -0.10156250 -0.50781250 0.17968750 0.47058824 0.60392157 0.75294118
v -0.00781250 -0.50781250 0.17968750 0.47058824 0.60392157 0.75294118
v 0.08593750 -0.50781250 0.17968750 0.47058824 0.60392157 0.75294118
v -0.35156250 -0.50781250 0.10156250 0.47058824 0.60392157 0.75294118
v -0.38281250 -0.49218750 0.13281250 0.47058824 0.60392157 0.75294118
v -0.19531250 -0.47656250 0.17968750 0.47058824 0.60392157 0.75294118
v -0.30468750 -0.42968750 0.16406250 0.47058824 0.60392157 0.75294118
v -0.28906250 -0.39843750 0.21093750 0.47058824 0.60392157 0.75294118
v -0.19531250 -0.44531250 0.21093750 0.47058824 0.60392157 0.75294118
v -0.30468750 -0.44531250 0.13281250 0.47058824 0.60392157 0.75294118
v -0.42968750 -0.39843750 0.10156250 0.47058824 0.60392157 0.75294118
v -0.41406250 -0.38281250 0.14843750 0.47058824 0.60392157 0.75294118
v -0.10156250 -0.47656250 0.21093750 0.47058824 0.60392157 0.75294118
v -0.19531250 -0.39843750 0.24218750 0.47058824 0.60392157 0.75294118
v -0.10156250 -0.42968750 0.24218750 0.47058824 0.60392157 0.75294118
v -0.00781250 -0.47656250 0.22656250 0.47058824 0.60392157 0.75294118
v 0.08593750 -0.47656250 0.22656250 0.47058824 0.60392157 0.75294118
v 0.08593750 -0.42968750 0.25781250 0.47058824 0.60392157 0.75294118
v 0.19531250 -0.39843750 0.25781250 0.47058824 0.60392157 0.75294118
v 0.19531250 -0.44531250 0.22656250 0.47058824 0.60392157 0.75294118
v 0.21093750 -0.94531250 -0.07031250 0.47058824 0.60392157 0.75294118
v 0.21093750 -0.94531250 -0.05468750 0.47058824 0.60392157 0.75294118
v 0.28906250 -0.94531250 -0.07031250 0.47058824 0.60392157 0.75294118
v 0.27343750 -0.94531250 -0.08593750 0.47058824 0.60392157 0.75294118
v 0.22656250 -0.92968750 -0.08593750 0.47058824 0.60392157 0.75294118
v 0.14843750 -0.91406250 -0.07031250 0.47058824 0.60392157 0.75294118
v 0.13281250 -0.91406250 -0.03906250 0.47058824 0.60392157 0.75294118
v 0.21093750 -0.94531250 -0.03906250 0.47058824 0.60392157 0.75294118
v 0.14843750 -0.91406250 0.00781250 0.47058824 0.60392157 0.75294118
v 0.21093750 -0.94531250 -0.02343750 0.47058824 0.60392157 0.75294118
v 0.28906250 -0.94531250 -0.02343750 0.47058824 0.60392157 0.75294118
v 0.28906250 -0.94531250 -0.03906250 0.47058824 0.60392157 0.75294118
v 0.28906250 -0.94531250 -0.05468750 0.47058824 0.60392157 0.75294118
v 0.38281250 -0.92968750 -0.07031250 0.47058824 0.60392157 0.75294118
v 0.35156250 -0.91406250 -0.10156250 0.47058824 0.60392157 0.75294118
v 0.27343750 -0.94531250 -0.00781250 0.47058824 0.60392157 0.75294118
v 0.22656250 -0.94531250 -0.00781250 0.47058824 0.60392157 0.75294118
v 0.24218750 -0.94531250 0.00781250 0.47058824 0.60392157 0.75294118
v 0.30468750 -0.91406250 0.05468750 0.47058824 0.60392157 0.75294118
v 0.35156250 -0.92968750 0.02343750 0.47058824 0.60392157 0.75294118
v 0.17968750 -0.91406250 0.03906250 0.47058824 0.60392157 0.75294118
v 0.11718750 -0.86718750 0.05468750 0.47058824 0.60392157 0.75294118
v 0.17968750 -0.86718750 0.10156250 0.47058824 0.60392157 0.75294118
v 0.22656250 -0.91406250 0.07031250 0.47058824 0.60392157 0.75294118
v 0.25781250 -0.86718750 0.11718750 0.47058824 0.60392157 0.75294118
v 0.27343750 -0.91406250 0.07031250 0.47058824 0.60392157 0.75294118
v 0.33593750 -0.91406250 -0.13281250 0.47058824 0.60392157 0.75294118
v 0.38281250 -0.86718750 -0.16406250 0.47058824 0.60392157 0.75294118
v 0.32031250 -0.85156250 -0.19531250 0.47058824 0.60392157 0.75294118
v 0.28906250 -0.91406250 -0.14843750 0.47058824 0.60392157 0.75294118
v 0.25781250 -0.92968750 -0.10156250 0.47058824 0.60392157 0.75294118
v 0.24218750 -0.91406250 -0.14843750 0.47058824 0.60392157 0.75294118
v 0.22656250 -0.92968750 -0.10156250 0.47058824 0.60392157 0.75294118
v 0.38281250 -0.92968750 -0.02343750 0.47058824 0.60392157 0.75294118
v 0.44531250 -0.88281250 -0.00781250 0.47058824 0.60392157 0.75294118
v 0.46093750 -0.88281250 -0.07031250 0.47058824 0.60392157 0.75294118
v 0.17968750 -0.91406250 -0.11718750 0.47058824 0.60392157 0.75294118
v 0.13281250 -0.86718750 -0.14843750 0.47058824 0.60392157 0.75294118
v 0.08593750 -0.86718750 -0.07031250 0.47058824 0.60392157 0.75294118
v 0.42968750 -0.88281250 -0.13281250 0.47058824 0.60392157 0.75294118
v 0.47656250 -0.82031250 -0.14843750 0.47058824 0.60392157 0.75294118
v 0.41406250 -0.80468750 -0.19531250 0.47058824 0.60392157 0.75294118
v 0.05468750 -0.80468750 -0.07031250 0.47058824 0.60392157 0.75294118
v 0.05468750 -0.80468750 0.02343750 0.47058824 0.60392157 0.75294118
v 0.08593750 -0.86718750 0.00781250 0.47058824 0.60392157 0.75294118
v 0.08593750 -0.80468750 0.08593750 0.47058824 0.60392157 0.75294118
v 0.22656250 -0.86718750 -0.17968750 0.47058824 0.60392157 0.75294118
v 0.21093750 -0.80468750 -0.21093750 0.47058824 0.60392157 0.75294118
v 0.10156250 -0.80468750 -0.16406250 0.47058824 0.60392157 0.75294118
v 0.50781250 -0.82031250 -0.08593750 0.47058824 0.60392157 0.75294118
v 0.52343750 -0.82031250 -0.02343750 0.47058824 0.60392157 0.75294118
v 0.52343750 -0.74218750 -0.08593750 0.47058824 0.60392157 0.75294118
v 0.49218750 -0.74218750 -0.14843750 0.47058824 0.60392157 0.75294118
v 0.41406250 -0.88281250 0.05468750 0.47058824 0.60392157 0.75294118
v 0.36718750 -0.88281250 0.08593750 0.47058824 0.60392157 0.75294118
v 0.47656250 -0.82031250 0.05468750 0.47058824 0.60392157 0.75294118
v 0.10156250 -0.74218750 -0.17968750 0.47058824 0.60392157 0.75294118
v 0.13281250 -0.74218750 -0.13281250 0.47058824 0.60392157 0.75294118
v 0.08593750 -0.33593750 -0.14843750 0.47058824 0.60392157 0.75294118
v 0.13281250 -0.74218750 -0.07031250 0.47058824 0.60392157 0.75294118
v 0.11718750 -0.74218750 0.00781250 0.47058824 0.60392157 0.75294118
v 0.13281250 -0.33593750 0.02343750 0.47058824 0.60392157 0.75294118
v 0.08593750 -0.74218750 -0.16406250 0.47058824 0.60392157 0.75294118
v 0.03906250 -0.74218750 -0.07031250 0.47058824 0.60392157 0.75294118
v 0.33593750 -0.80468750 -0.22656250 0.47058824 0.60392157 0.75294118
v 0.32031250 -0.74218750 -0.24218750 0.47058824 0.60392157 0.75294118
v 0.19531250 -0.74218750 -0.22656250 0.47058824 0.60392157 0.75294118
v 0.42968750 -0.74218750 -0.19531250 0.47058824 0.60392157 0.75294118
v 0.47656250 -0.67968750 -0.14843750 0.47058824 0.60392157 0.75294118
v 0.41406250 -0.67968750 -0.19531250 0.47058824 0.60392157 0.75294118
v 0.03906250 -0.74218750 0.02343750 0.47058824 0.60392157 0.75294118
v 0.05468750 -0.69531250 0.02343750 0.47058824 0.60392157 0.75294118
v 0.08593750 -0.69531250 0.08593750 0.47058824 0.60392157 0.75294118
v 0.08593750 -0.74218750 0.08593750 0.47058824 0.60392157 0.75294118
v 0.30468750 -0.69531250 -0.22656250 0.47058824 0.60392157 0.75294118
v 0.19531250 -0.69531250 -0.21093750 0.47058824 0.60392157 0.75294118
v 0.10156250 -0.69531250 -0.14843750 0.47058824 0.60392157 0.75294118
v 0.05468750 -0.69531250 -0.07031250 0.47058824 0.60392157 0.75294118
v 0.08593750 -0.64843750 -0.07031250 0.47058824 0.60392157 0.75294118
v 0.08593750 -0.64843750 0.00781250 0.47058824 0.60392157 0.75294118
v 0.46093750 -0.61718750 -0.11718750 0.47058824 0.60392157 0.75294118
v 0.39843750 -0.63281250 -0.16406250 0.47058824 0.60392157 0.75294118
v 0.53906250 -0.67968750 -0.07031250 0.47058824 0.60392157 0.75294118
v 0.57031250 -0.67968750 -0.00781250 0.47058824 0.60392157 0.75294118
v 0.60156250 -0.60156250 0.00781250 0.47058824 0.60392157 0.75294118
v 0.53906250 -0.60156250 -0.05468750 0.47058824 0.60392157 0.75294118
v 0.13281250 -0.64843750 -0.13281250 0.47058824 0.60392157 0.75294118
v 0.21093750 -0.64843750 -0.19531250 0.47058824 0.60392157 0.75294118
v 0.17968750 -0.60156250 -0.11718750 0.47058824 0.60392157 0.75294118
v 0.14843750 -0.60156250 -0.07031250 0.47058824 0.60392157 0.75294118
v 0.30468750 -0.64843750 -0.19531250 0.47058824 0.60392157 0.75294118
v 0.36718750 -0.57031250 -0.11718750 0.47058824 0.60392157 0.75294118
v 0.28906250 -0.58593750 -0.14843750 0.47058824 0.60392157 0.75294118
v 0.24218750 -0.60156250 -0.14843750 0.47058824 0.60392157 0.75294118
v 0.60156250 -0.53906250 -0.00781250 0.47058824 0.60392157 0.75294118
v 0.50781250 -0.53906250 -0.03906250 0.47058824 0.60392157 0.75294118
v 0.14843750 -0.60156250 -0.02343750 0.47058824 0.60392157 0.75294118
v 0.24218750 -0.57031250 -0.07031250 0.47058824 0.60392157 0.75294118
v 0.24218750 -0.57031250 -0.02343750 0.47058824 0.60392157 0.75294118
v 0.14843750 -0.60156250 0.02343750 0.47058824 0.60392157 0.75294118
v 0.24218750 -0.57031250 -0.08593750 0.47058824 0.60392157 0.75294118
v 0.44531250 -0.55468750 -0.08593750 0.47058824 0.60392157 0.75294118
v 0.46093750 -0.49218750 0.00781250 0.47058824 0.60392157 0.75294118
v 0.39843750 -0.52343750 -0.02343750 0.47058824 0.60392157 0.75294118
v 0.32031250 -0.53906250 -0.05468750 0.47058824 0.60392157 0.75294118
v 0.24218750 -0.57031250 0.00781250 0.47058824 0.60392157 0.75294118
v 0.25781250 -0.57031250 0.05468750 0.47058824 0.60392157 0.75294118
v 0.17968750 -0.60156250 0.05468750 0.47058824 0.60392157 0.75294118
v 0.19531250 -0.49218750 -0.07031250 0.47058824 0.60392157 0.75294118
v 0.32031250 -0.44531250 -0.05468750 0.47058824 0.60392157 0.75294118
v 0.30468750 -0.42968750 -0.08593750 0.47058824 0.60392157 0.75294118
v 0.32031250 -0.47656250 -0.00781250 0.47058824 0.60392157 0.75294118
v 0.32031250 -0.47656250 0.03906250 0.47058824 0.60392157 0.75294118
v 0.42968750 -0.39843750 0.00781250 0.47058824 0.60392157 0.75294118
v 0.42968750 -0.38281250 -0.03906250 0.47058824 0.60392157 0.75294118
v 0.39843750 -0.82031250 0.11718750 0.47058824 0.60392157 0.75294118
v 0.27343750 -0.80468750 0.14843750 0.47058824 0.60392157 0.75294118
v 0.42968750 -0.75781250 0.11718750 0.47058824 0.60392157 0.75294118
v 0.52343750 -0.75781250 0.05468750 0.47058824 0.60392157 0.75294118
v 0.16406250 -0.80468750 0.13281250 0.47058824 0.60392157 0.75294118
v 0.16406250 -0.74218750 0.13281250 0.47058824 0.60392157 0.75294118
v 0.28906250 -0.74218750 0.14843750 0.47058824 0.60392157 0.75294118
v 0.55468750 -0.74218750 -0.00781250 0.47058824 0.60392157 0.75294118
v 0.55468750 -0.67968750 0.07031250 0.47058824 0.60392157 0.75294118
v 0.17968750 -0.69531250 0.13281250 0.47058824 0.60392157 0.75294118
v 0.28906250 -0.67968750 0.13281250 0.47058824 0.60392157 0.75294118
v 0.44531250 -0.67968750 0.11718750 0.47058824 0.60392157 0.75294118
v 0.46093750 -0.61718750 0.10156250 0.47058824 0.60392157 0.75294118
v 0.19531250 -0.64843750 0.11718750 0.47058824 0.60392157 0.75294118
v 0.30468750 -0.63281250 0.11718750 0.47058824 0.60392157 0.75294118
v 0.11718750 -0.64843750 0.07031250 0.47058824 0.60392157 0.75294118
v 0.22656250 -0.60156250 0.08593750 0.47058824 0.60392157 0.75294118
v 0.32031250 -0.58593750 0.08593750 0.47058824 0.60392157 0.75294118
v 0.47656250 -0.57031250 0.08593750 0.47058824 0.60392157 0.75294118
v 0.57031250 -0.60156250 0.07031250 0.47058824 0.60392157 0.75294118
v 0.57031250 -0.52343750 0.07031250 0.47058824 0.60392157 0.75294118
v 0.60156250 -0.53906250 0.03906250 0.47058824 0.60392157 0.75294118
v 0.47656250 -0.52343750 0.05468750 0.47058824 0.60392157 0.75294118
v 0.57031250 -0.49218750 0.00781250 0.47058824 0.60392157 0.75294118
v 0.19531250 -0.52343750 0.05468750 0.47058824 0.60392157 0.75294118
v 0.32031250 -0.46093750 0.08593750 0.47058824 0.60392157 0.75294118
v 0.19531250 -0.47656250 0.17968750 0.47058824 0.60392157 0.75294118
v 0.30468750 -0.39843750 0.22656250 0.47058824 0.60392157 0.75294118
v 0.30468750 -0.42968750 0.17968750 0.47058824 0.60392157 0.75294118
v 0.30468750 -0.44531250 0.13281250 0.47058824 0.60392157 0.75294118
v 0.41406250 -0.36718750 0.17968750 0.47058824 0.60392157 0.75294118
v 0.42968750 -0.38281250 0.13281250 0.47058824 0.60392157 0.75294118
v -0.55468750 -0.32031250 -0.03906250 0.47058824 0.60392157 0.75294118
v -0.53906250 -0.30468750 -0.10156250 0.47058824 0.60392157 0.75294118
v -0.64843750 -0.21093750 -0.03906250 0.47058824 0.60392157 0.75294118
v -0.64843750 -0.21093750 0.03906250 0.47058824 0.60392157 0.75294118
v -0.55468750 -0.33593750 0.03906250 0.47058824 0.60392157 0.75294118
v -0.61718750 -0.19531250 -0.11718750 0.47058824 0.60392157 0.75294118
v -0.50781250 -0.27343750 -0.16406250 0.47058824 0.60392157 0.75294118
v -0.58593750 -0.16406250 -0.17968750 0.47058824 0.60392157 0.75294118
v -0.69531250 -0.05468750 -0.11718750 0.47058824 0.60392157 0.75294118
v -0.72656250 -0.05468750 -0.03906250 0.47058824 0.60392157 0.75294118
v -0.41406250 -0.36718750 -0.11718750 0.47058824 0.60392157 0.75294118
v -0.39843750 -0.33593750 -0.16406250 0.47058824 0.60392157 0.75294118
v -0.50781250 -0.25781250 -0.16406250 0.47058824 0.60392157 0.75294118
v -0.47656250 -0.24218750 -0.17968750 0.47058824 0.60392157 0.75294118
v -0.53906250 -0.14843750 -0.19531250 0.47058824 0.60392157 0.75294118
v -0.64843750 -0.02343750 -0.19531250 0.47058824 0.60392157 0.75294118
v -0.64843750 -0.03906250 -0.17968750 0.47058824 0.60392157 0.75294118
v -0.28906250 -0.39843750 -0.14843750 0.47058824 0.60392157 0.75294118
v -0.38281250 -0.32031250 -0.16406250 0.47058824 0.60392157 0.75294118
v -0.72656250 -0.07031250 0.03906250 0.47058824 0.60392157 0.75294118
v -0.75781250 0.10156250 0.05468750 0.47058824 0.60392157 0.75294118
v -0.72656250 0.10156250 0.11718750 0.47058824 0.60392157 0.75294118
v -0.69531250 -0.05468750 0.11718750 0.47058824 0.60392157 0.75294118
v -0.60156250 -0.00781250 -0.21093750 0.47058824 0.60392157 0.75294118
v -0.49218750 -0.11718750 -0.17968750 0.47058824 0.60392157 0.75294118
v -0.53906250 0.00781250 -0.19531250 0.47058824 0.60392157 0.75294118
v -0.61718750 0.14843750 -0.22656250 0.47058824 0.60392157 0.75294118
v -0.69531250 0.13281250 -0.19531250 0.47058824 0.60392157 0.75294118
v -0.42968750 -0.22656250 -0.17968750 0.47058824 0.60392157 0.75294118
v -0.33593750 -0.28906250 -0.16406250 0.47058824 0.60392157 0.75294118
v -0.38281250 -0.19531250 -0.14843750 0.47058824 0.60392157 0.75294118
v -0.75781250 0.10156250 -0.03906250 0.47058824 0.60392157 0.75294118
v -0.74218750 0.11718750 -0.11718750 0.47058824 0.60392157 0.75294118
v -0.77343750 0.25781250 -0.02343750 0.47058824 0.60392157 0.75294118
v -0.75781250 0.25781250 0.05468750 0.47058824 0.60392157 0.75294118
v -0.74218750 0.27343750 -0.11718750 0.47058824 0.60392157 0.75294118
v -0.63281250 -0.19531250 0.11718750 0.47058824 0.60392157 0.75294118
v -0.64843750 -0.03906250 0.17968750 0.47058824 0.60392157 0.75294118
v -0.58593750 -0.16406250 0.17968750 0.47058824 0.60392157 0.75294118
v -0.53906250 -0.32031250 0.11718750 0.47058824 0.60392157 0.75294118
v -0.42968750 -0.41406250 0.03906250 0.47058824 0.60392157 0.75294118
v -0.50781250 -0.28906250 0.17968750 0.47058824 0.60392157 0.75294118
v -0.46093750 -0.25781250 0.22656250 0.47058824 0.60392157 0.75294118
v -0.39843750 -0.35156250 0.19531250 0.47058824 0.60392157 0.75294118
v -0.52343750 -0.13281250 0.22656250 0.47058824 0.60392157 0.75294118
v -0.58593750 -0.00781250 0.21093750 0.47058824 0.60392157 0.75294118
v -0.46093750 -0.10156250 0.19531250 0.47058824 0.60392157 0.75294118
v -0.39843750 -0.19531250 0.21093750 0.47058824 0.60392157 0.75294118
v -0.69531250 0.11718750 0.16406250 0.47058824 0.60392157 0.75294118
v -0.69531250 0.25781250 0.14843750 0.47058824 0.60392157 0.75294118
v -0.67968750 0.24218750 0.14843750 0.47058824 0.60392157 0.75294118
v -0.63281250 0.13281250 0.17968750 0.47058824 0.60392157 0.75294118
v -0.52343750 0.00781250 0.19531250 0.47058824 0.60392157 0.75294118
v -0.55468750 0.14843750 0.17968750 0.47058824 0.60392157 0.75294118
v -0.47656250 0.02343750 0.13281250 0.47058824 0.60392157 0.75294118
v -0.42968750 -0.07031250 0.13281250 0.47058824 0.60392157 0.75294118
v -0.00781250 -0.42968750 -0.16406250 0.47058824 0.60392157 0.75294118
v 0.08593750 -0.38281250 -0.16406250 0.47058824 0.60392157 0.75294118
v -0.00781250 -0.38281250 -0.16406250 0.47058824 0.60392157 0.75294118
v -0.10156250 -0.38281250 -0.16406250 0.47058824 0.60392157 0.75294118
v -0.27343750 -0.35156250 -0.14843750 0.47058824 0.60392157 0.75294118
v -0.17968750 -0.36718750 -0.14843750 0.47058824 0.60392157 0.75294118
v -0.16406250 -0.32031250 -0.13281250 0.47058824 0.60392157 0.75294118
v -0.25781250 -0.30468750 -0.13281250 0.47058824 0.60392157 0.75294118
v -0.08593750 -0.33593750 -0.14843750 0.47058824 0.60392157 0.75294118
v -0.00781250 -0.33593750 -0.14843750 0.47058824 0.60392157 0.75294118
v -0.08593750 -0.28906250 -0.11718750 0.47058824 0.60392157 0.75294118
v -0.16406250 -0.28906250 -0.10156250 0.47058824 0.60392157 0.75294118
v 0.16406250 -0.32031250 -0.13281250 0.47058824 0.60392157 0.75294118
v 0.16406250 -0.28906250 -0.10156250 0.47058824 0.60392157 0.75294118
v 0.08593750 -0.28906250 -0.11718750 0.47058824 0.60392157 0.75294118
v -0.30468750 -0.25781250 -0.13281250 0.47058824 0.60392157 0.75294118
v -0.00781250 -0.28906250 -0.11718750 0.47058824 0.60392157 0.75294118
v 0.07031250 -0.27343750 -0.07031250 0.47058824 0.60392157 0.75294118
v -0.00781250 -0.27343750 -0.07031250 0.47058824 0.60392157 0.75294118
v -0.07031250 -0.27343750 -0.07031250 0.47058824 0.60392157 0.75294118
v -0.00781250 -0.33593750 -0.05468750 0.47058824 0.60392157 0.75294118
v -0.00781250 -0.33593750 -0.02343750 0.47058824 0.60392157 0.75294118
v 0.11718750 -0.32031250 -0.05468750 0.47058824 0.60392157 0.75294118
v 0.11718750 -0.28906250 -0.07031250 0.47058824 0.60392157 0.75294118
v -0.00781250 -0.30468750 -0.07031250 0.47058824 0.60392157 0.75294118
v -0.11718750 -0.28906250 -0.07031250 0.47058824 0.60392157 0.75294118
v -0.11718750 -0.32031250 -0.05468750 0.47058824 0.60392157 0.75294118
v -0.11718750 -0.32031250 -0.02343750 0.47058824 0.60392157 0.75294118
v -0.24218750 -0.27343750 -0.05468750 0.47058824 0.60392157 0.75294118
v -0.24218750 -0.28906250 -0.02343750 0.47058824 0.60392157 0.75294118
v -0.11718750 -0.32031250 0.02343750 0.47058824 0.60392157 0.75294118
v -0.00781250 -0.33593750 0.00781250 0.47058824 0.60392157 0.75294118
v 0.11718750 -0.32031250 -0.02343750 0.47058824 0.60392157 0.75294118
v 0.11718750 -0.32031250 0.02343750 0.47058824 0.60392157 0.75294118
v 0.24218750 -0.28906250 -0.02343750 0.47058824 0.60392157 0.75294118
v 0.24218750 -0.27343750 -0.05468750 0.47058824 0.60392157 0.75294118
v -0.24218750 -0.27343750 -0.10156250 0.47058824 0.60392157 0.75294118
v -0.22656250 -0.24218750 -0.05468750 0.47058824 0.60392157 0.75294118
v -0.28906250 -0.22656250 -0.10156250 0.47058824 0.60392157 0.75294118
v -0.22656250 -0.25781250 -0.07031250 0.47058824 0.60392157 0.75294118
v -0.21093750 -0.22656250 -0.08593750 0.47058824 0.60392157 0.75294118
v -0.30468750 -0.16406250 -0.08593750 0.47058824 0.60392157 0.75294118
v -0.33593750 -0.19531250 -0.07031250 0.47058824 0.60392157 0.75294118
v -0.10156250 -0.25781250 -0.08593750 0.47058824 0.60392157 0.75294118
v -0.00781250 -0.27343750 -0.08593750 0.47058824 0.60392157 0.75294118
v -0.10156250 -0.21093750 -0.08593750 0.47058824 0.60392157 0.75294118
v -0.19531250 -0.17968750 -0.08593750 0.47058824 0.60392157 0.75294118
v 0.10156250 -0.25781250 -0.08593750 0.47058824 0.60392157 0.75294118
v 0.21093750 -0.22656250 -0.08593750 0.47058824 0.60392157 0.75294118
v 0.19531250 -0.17968750 -0.08593750 0.47058824 0.60392157 0.75294118
v 0.10156250 -0.21093750 -0.08593750 0.47058824 0.60392157 0.75294118
v -0.35156250 -0.21093750 -0.03906250 0.47058824 0.60392157 0.75294118
v -0.41406250 -0.10156250 -0.07031250 0.47058824 0.60392157 0.75294118
v -0.42968750 -0.11718750 -0.03906250 0.47058824 0.60392157 0.75294118
v -0.35156250 -0.22656250 -0.00781250 0.47058824 0.60392157 0.75294118
v -0.24218750 -0.28906250 0.02343750 0.47058824 0.60392157 0.75294118
v -0.35156250 -0.21093750 0.03906250 0.47058824 0.60392157 0.75294118
v -0.24218750 -0.27343750 0.05468750 0.47058824 0.60392157 0.75294118
v -0.11718750 -0.30468750 0.05468750 0.47058824 0.60392157 0.75294118
v -0.14843750 -0.25781250 -0.05468750 0.47058824 0.60392157 0.75294118
v -0.14843750 -0.24218750 -0.00781250 0.47058824 0.60392157 0.75294118
v -0.21093750 -0.22656250 -0.00781250 0.47058824 0.60392157 0.75294118
v -0.07031250 -0.25781250 -0.00781250 0.47058824 0.60392157 0.75294118
v -0.00781250 -0.25781250 -0.00781250 0.47058824 0.60392157 0.75294118
v -0.07031250 -0.24218750 0.05468750 0.47058824 0.60392157 0.75294118
v -0.14843750 -0.22656250 0.03906250 0.47058824 0.60392157 0.75294118
v -0.00781250 -0.21093750 -0.08593750 0.47058824 0.60392157 0.75294118
v 0.08593750 -0.14843750 -0.03906250 0.47058824 0.60392157 0.75294118
v -0.00781250 -0.14843750 -0.03906250 0.47058824 0.60392157 0.75294118
v -0.08593750 -0.14843750 -0.03906250 0.47058824 0.60392157 0.75294118
v 0.07031250 -0.25781250 -0.00781250 0.47058824 0.60392157 0.75294118
v 0.14843750 -0.24218750 -0.00781250 0.47058824 0.60392157 0.75294118
v 0.14843750 -0.22656250 0.03906250 0.47058824 0.60392157 0.75294118
v 0.07031250 -0.24218750 0.05468750 0.47058824 0.60392157 0.75294118
v -0.35156250 -0.16406250 -0.10156250 0.47058824 0.60392157 0.75294118
v -0.33593750 -0.14843750 -0.03906250 0.47058824 0.60392157 0.75294118
v -0.41406250 -0.07031250 -0.10156250 0.47058824 0.60392157 0.75294118
v -0.44531250 -0.10156250 -0.14843750 0.47058824 0.60392157 0.75294118
v -0.00781250 -0.24218750 0.05468750 0.47058824 0.60392157 0.75294118
v 0.07031250 -0.24218750 0.10156250 0.47058824 0.60392157 0.75294118
v -0.00781250 -0.24218750 0.10156250 0.47058824 0.60392157 0.75294118
v -0.07031250 -0.24218750 0.10156250 0.47058824 0.60392157 0.75294118
v -0.27343750 -0.21093750 -0.03906250 0.47058824 0.60392157 0.75294118
v -0.27343750 -0.19531250 0.00781250 0.47058824 0.60392157 0.75294118
v -0.33593750 -0.13281250 0.02343750 0.47058824 0.60392157 0.75294118
v -0.21093750 -0.21093750 0.03906250 0.47058824 0.60392157 0.75294118
v -0.21093750 -0.19531250 0.10156250 0.47058824 0.60392157 0.75294118
v -0.27343750 -0.17968750 0.05468750 0.47058824 0.60392157 0.75294118
v -0.44531250 -0.11718750 -0.00781250 0.47058824 0.60392157 0.75294118
v -0.50781250 0.00781250 -0.03906250 0.47058824 0.60392157 0.75294118
v -0.50781250 0.00781250 -0.00781250 0.47058824 0.60392157 0.75294118
v -0.42968750 -0.11718750 0.03906250 0.47058824 0.60392157 0.75294118
v -0.27343750 -0.13281250 -0.08593750 0.47058824 0.60392157 0.75294118
v -0.24218750 -0.08593750 -0.05468750 0.47058824 0.60392157 0.75294118
v -0.30468750 -0.02343750 -0.05468750 0.47058824 0.60392157 0.75294118
v -0.35156250 -0.05468750 -0.08593750 0.47058824 0.60392157 0.75294118
v -0.16406250 -0.11718750 -0.05468750 0.47058824 0.60392157 0.75294118
v -0.14843750 -0.10156250 0.00781250 0.47058824 0.60392157 0.75294118
v -0.22656250 -0.05468750 -0.00781250 0.47058824 0.60392157 0.75294118
v -0.49218750 0.00781250 -0.14843750 0.47058824 0.60392157 0.75294118
v -0.39843750 -0.08593750 -0.08593750 0.47058824 0.60392157 0.75294118
v -0.39843750 0.03906250 -0.10156250 0.47058824 0.60392157 0.75294118
v -0.44531250 0.02343750 -0.10156250 0.47058824 0.60392157 0.75294118
v -0.39843750 -0.07031250 -0.05468750 0.47058824 0.60392157 0.75294118
v -0.38281250 -0.05468750 0.00781250 0.47058824 0.60392157 0.75294118
v -0.44531250 0.03906250 -0.05468750 0.47058824 0.60392157 0.75294118
v -0.46093750 0.02343750 -0.10156250 0.47058824 0.60392157 0.75294118
v -0.08593750 -0.11718750 0.00781250 0.47058824 0.60392157 0.75294118
v -0.00781250 -0.13281250 0.00781250 0.47058824 0.60392157 0.75294118
v 0.08593750 -0.11718750 0.00781250 0.47058824 0.60392157 0.75294118
v 0.08593750 -0.08593750 -0.08593750 0.47058824 0.60392157 0.75294118
v -0.00781250 -0.08593750 -0.08593750 0.47058824 0.60392157 0.75294118
v -0.08593750 -0.08593750 -0.08593750 0.47058824 0.60392157 0.75294118
v -0.16406250 -0.05468750 -0.08593750 0.47058824 0.60392157 0.75294118
v -0.13281250 0.00781250 -0.10156250 0.47058824 0.60392157 0.75294118
v -0.17968750 0.03906250 -0.10156250 0.47058824 0.60392157 0.75294118
v -0.22656250 -0.00781250 -0.08593750 0.47058824 0.60392157 0.75294118
v -0.16406250 -0.10156250 0.05468750 0.47058824 0.60392157 0.75294118
v -0.22656250 -0.05468750 0.05468750 0.47058824 0.60392157 0.75294118
v -0.47656250 0.00781250 -0.08593750 0.47058824 0.60392157 0.75294118
v -0.46093750 0.14843750 -0.10156250 0.47058824 0.60392157 0.75294118
v -0.49218750 0.14843750 -0.08593750 0.47058824 0.60392157 0.75294118
v -0.21093750 0.08593750 -0.10156250 0.47058824 0.60392157 0.75294118
v -0.27343750 0.05468750 -0.08593750 0.47058824 0.60392157 0.75294118
v -0.27343750 0.00781250 -0.00781250 0.47058824 0.60392157 0.75294118
v -0.32031250 0.05468750 -0.07031250 0.47058824 0.60392157 0.75294118
v -0.07031250 -0.00781250 -0.10156250 0.47058824 0.60392157 0.75294118
v -0.00781250 -0.00781250 -0.10156250 0.47058824 0.60392157 0.75294118
v -0.00781250 0.10156250 -0.11718750 0.47058824 0.60392157 0.75294118
v 0.07031250 -0.00781250 -0.10156250 0.47058824 0.60392157 0.75294118
v 0.13281250 0.00781250 -0.10156250 0.47058824 0.60392157 0.75294118
v -0.47656250 0.14843750 -0.10156250 0.47058824 0.60392157 0.75294118
v -0.50781250 0.14843750 -0.14843750 0.47058824 0.60392157 0.75294118
v -0.28906250 0.13281250 -0.08593750 0.47058824 0.60392157 0.75294118
v -0.33593750 0.13281250 -0.07031250 0.47058824 0.60392157 0.75294118
v -0.24218750 -0.07031250 0.10156250 0.47058824 0.60392157 0.75294118
v -0.28906250 -0.00781250 0.10156250 0.47058824 0.60392157 0.75294118
v -0.27343750 -0.00781250 0.05468750 0.47058824 0.60392157 0.75294118
v -0.30468750 0.07031250 -0.00781250 0.47058824 0.60392157 0.75294118
v -0.27343750 -0.00781250 -0.00781250 0.47058824 0.60392157 0.75294118
v -0.30468750 0.07031250 0.05468750 0.47058824 0.60392157 0.75294118
v -0.32031250 0.14843750 -0.00781250 0.47058824 0.60392157 0.75294118
v -0.32031250 0.14843750 -0.07031250 0.47058824 0.60392157 0.75294118
v -0.00781250 -0.42968750 0.24218750 0.47058824 0.60392157 0.75294118
v -0.08593750 -0.36718750 0.25781250 0.47058824 0.60392157 0.75294118
v -0.00781250 -0.38281250 0.25781250 0.47058824 0.60392157 0.75294118
v 0.08593750 -0.36718750 0.25781250 0.47058824 0.60392157 0.75294118
v -0.27343750 -0.36718750 0.22656250 0.47058824 0.60392157 0.75294118
v -0.36718750 -0.32031250 0.22656250 0.47058824 0.60392157 0.75294118
v -0.33593750 -0.28906250 0.22656250 0.47058824 0.60392157 0.75294118
v -0.24218750 -0.33593750 0.24218750 0.47058824 0.60392157 0.75294118
v -0.16406250 -0.35156250 0.24218750 0.47058824 0.60392157 0.75294118
v -0.22656250 -0.28906250 0.21093750 0.47058824 0.60392157 0.75294118
v -0.14843750 -0.30468750 0.22656250 0.47058824 0.60392157 0.75294118
v -0.08593750 -0.32031250 0.22656250 0.47058824 0.60392157 0.75294118
v -0.14843750 -0.28906250 0.17968750 0.47058824 0.60392157 0.75294118
v -0.07031250 -0.28906250 0.17968750 0.47058824 0.60392157 0.75294118
v -0.00781250 -0.32031250 0.22656250 0.47058824 0.60392157 0.75294118
v 0.08593750 -0.32031250 0.22656250 0.47058824 0.60392157 0.75294118
v 0.07031250 -0.28906250 0.17968750 0.47058824 0.60392157 0.75294118
v 0.14843750 -0.28906250 0.17968750 0.47058824 0.60392157 0.75294118
v 0.16406250 -0.30468750 0.22656250 0.47058824 0.60392157 0.75294118
v -0.28906250 -0.24218750 0.21093750 0.47058824 0.60392157 0.75294118
v -0.36718750 -0.17968750 0.19531250 0.47058824 0.60392157 0.75294118
v -0.33593750 -0.16406250 0.14843750 0.47058824 0.60392157 0.75294118
v -0.27343750 -0.21093750 0.16406250 0.47058824 0.60392157 0.75294118
v -0.00781250 -0.32031250 0.05468750 0.47058824 0.60392157 0.75294118
v -0.00781250 -0.30468750 0.08593750 0.47058824 0.60392157 0.75294118
v 0.11718750 -0.30468750 0.05468750 0.47058824 0.60392157 0.75294118
v -0.00781250 -0.28906250 0.17968750 0.47058824 0.60392157 0.75294118
v -0.07031250 -0.27343750 0.13281250 0.47058824 0.60392157 0.75294118
v -0.00781250 -0.27343750 0.13281250 0.47058824 0.60392157 0.75294118
v 0.07031250 -0.27343750 0.13281250 0.47058824 0.60392157 0.75294118
v -0.21093750 -0.25781250 0.16406250 0.47058824 0.60392157 0.75294118
v -0.27343750 -0.19531250 0.11718750 0.47058824 0.60392157 0.75294118
v -0.21093750 -0.22656250 0.11718750 0.47058824 0.60392157 0.75294118
v -0.11718750 -0.28906250 0.08593750 0.47058824 0.60392157 0.75294118
v -0.22656250 -0.25781250 0.08593750 0.47058824 0.60392157 0.75294118
v -0.11718750 -0.27343750 0.11718750 0.47058824 0.60392157 0.75294118
v -0.00781250 -0.27343750 0.11718750 0.47058824 0.60392157 0.75294118
v -0.00781250 -0.24218750 0.14843750 0.47058824 0.60392157 0.75294118
v 0.10156250 -0.27343750 0.11718750 0.47058824 0.60392157 0.75294118
v 0.11718750 -0.28906250 0.08593750 0.47058824 0.60392157 0.75294118
v 0.22656250 -0.25781250 0.08593750 0.47058824 0.60392157 0.75294118
v 0.22656250 -0.27343750 0.05468750 0.47058824 0.60392157 0.75294118
v -0.14843750 -0.25781250 0.13281250 0.47058824 0.60392157 0.75294118
v -0.21093750 -0.22656250 0.07031250 0.47058824 0.60392157 0.75294118
v -0.14843750 -0.22656250 0.08593750 0.47058824 0.60392157 0.75294118
v -0.33593750 -0.19531250 0.07031250 0.47058824 0.60392157 0.75294118
v -0.41406250 -0.10156250 0.07031250 0.47058824 0.60392157 0.75294118
v -0.32031250 -0.17968750 0.10156250 0.47058824 0.60392157 0.75294118
v -0.22656250 -0.24218750 0.11718750 0.47058824 0.60392157 0.75294118
v -0.30468750 -0.16406250 0.11718750 0.47058824 0.60392157 0.75294118
v -0.21093750 -0.21093750 0.13281250 0.47058824 0.60392157 0.75294118
v -0.11718750 -0.24218750 0.13281250 0.47058824 0.60392157 0.75294118
v -0.10156250 -0.21093750 0.13281250 0.47058824 0.60392157 0.75294118
v -0.00781250 -0.21093750 0.14843750 0.47058824 0.60392157 0.75294118
v 0.14843750 -0.22656250 0.08593750 0.47058824 0.60392157 0.75294118
v 0.10156250 -0.24218750 0.13281250 0.47058824 0.60392157 0.75294118
v 0.10156250 -0.21093750 0.13281250 0.47058824 0.60392157 0.75294118
v 0.19531250 -0.21093750 0.13281250 0.47058824 0.60392157 0.75294118
v 0.21093750 -0.24218750 0.11718750 0.47058824 0.60392157 0.75294118
v -0.27343750 -0.17968750 0.08593750 0.47058824 0.60392157 0.75294118
v -0.33593750 -0.14843750 0.10156250 0.47058824 0.60392157 0.75294118
v -0.33593750 -0.13281250 0.07031250 0.47058824 0.60392157 0.75294118
v -0.41406250 -0.05468750 0.08593750 0.47058824 0.60392157 0.75294118
v -0.19531250 -0.17968750 0.13281250 0.47058824 0.60392157 0.75294118
v -0.27343750 -0.13281250 0.11718750 0.47058824 0.60392157 0.75294118
v -0.24218750 -0.10156250 0.11718750 0.47058824 0.60392157 0.75294118
v -0.16406250 -0.13281250 0.11718750 0.47058824 0.60392157 0.75294118
v -0.39843750 -0.08593750 0.10156250 0.47058824 0.60392157 0.75294118
v -0.38281250 -0.07031250 0.11718750 0.47058824 0.60392157 0.75294118
v -0.08593750 -0.16406250 0.11718750 0.47058824 0.60392157 0.75294118
v -0.08593750 -0.13281250 0.05468750 0.47058824 0.60392157 0.75294118
v -0.00781250 -0.16406250 0.11718750 0.47058824 0.60392157 0.75294118
v -0.00781250 -0.13281250 0.05468750 0.47058824 0.60392157 0.75294118
v 0.08593750 -0.13281250 0.05468750 0.47058824 0.60392157 0.75294118
v 0.08593750 -0.16406250 0.11718750 0.47058824 0.60392157 0.75294118
v -0.39843750 -0.05468750 0.07031250 0.47058824 0.60392157 0.75294118
v -0.49218750 0.00781250 0.03906250 0.47058824 0.60392157 0.75294118
v -0.47656250 0.00781250 0.07031250 0.47058824 0.60392157 0.75294118
v -0.08593750 -0.07031250 0.14843750 0.47058824 0.60392157 0.75294118
v -0.00781250 -0.07031250 0.14843750 0.47058824 0.60392157 0.75294118
v 0.08593750 -0.07031250 0.14843750 0.47058824 0.60392157 0.75294118
v -0.16406250 -0.03906250 0.14843750 0.47058824 0.60392157 0.75294118
v -0.22656250 0.00781250 0.14843750 0.47058824 0.60392157 0.75294118
v -0.13281250 0.07031250 0.16406250 0.47058824 0.60392157 0.75294118
v -0.08593750 0.07031250 0.17968750 0.47058824 0.60392157 0.75294118
v -0.33593750 -0.05468750 0.11718750 0.47058824 0.60392157 0.75294118
v -0.42968750 0.02343750 0.10156250 0.47058824 0.60392157 0.75294118
v -0.38281250 0.03906250 0.11718750 0.47058824 0.60392157 0.75294118
v -0.52343750 0.14843750 -0.05468750 0.47058824 0.60392157 0.75294118
v -0.53906250 0.14843750 -0.00781250 0.47058824 0.60392157 0.75294118
v -0.33593750 0.07031250 0.10156250 0.47058824 0.60392157 0.75294118
v -0.46093750 0.02343750 0.10156250 0.47058824 0.60392157 0.75294118
v -0.50781250 0.14843750 0.07031250 0.47058824 0.60392157 0.75294118
v -0.47656250 0.14843750 0.10156250 0.47058824 0.60392157 0.75294118
v -0.50781250 0.14843750 0.11718750 0.47058824 0.60392157 0.75294118
v -0.46093750 0.03906250 0.08593750 0.47058824 0.60392157 0.75294118
v -0.11718750 0.08593750 0.17968750 0.47058824 0.60392157 0.75294118
v -0.08593750 0.08593750 0.17968750 0.47058824 0.60392157 0.75294118
v -0.05468750 0.10156250 0.17968750 0.47058824 0.60392157 0.75294118
v -0.00781250 0.07031250 0.17968750 0.47058824 0.60392157 0.75294118
v 0.08593750 0.07031250 0.17968750 0.47058824 0.60392157 0.75294118
v 0.05468750 0.10156250 0.17968750 0.47058824 0.60392157 0.75294118
v 0.08593750 0.08593750 0.17968750 0.47058824 0.60392157 0.75294118
v 0.11718750 0.08593750 0.17968750 0.47058824 0.60392157 0.75294118
v 0.13281250 0.07031250 0.16406250 0.47058824 0.60392157 0.75294118
v 0.16406250 -0.03906250 0.14843750 0.47058824 0.60392157 0.75294118
v -0.49218750 0.14843750 0.08593750 0.47058824 0.60392157 0.75294118
v -0.44531250 0.03906250 0.05468750 0.47058824 0.60392157 0.75294118
v -0.47656250 0.14843750 0.05468750 0.47058824 0.60392157 0.75294118
v -0.42968750 0.03906250 0.00781250 0.47058824 0.60392157 0.75294118
v -0.46093750 0.14843750 0.00781250 0.47058824 0.60392157 0.75294118
v -0.46093750 0.14843750 -0.05468750 0.47058824 0.60392157 0.75294118
v -0.41406250 0.14843750 0.10156250 0.47058824 0.60392157 0.75294118
v -0.35156250 0.14843750 0.08593750 0.47058824 0.60392157 0.75294118
v 0.28906250 -0.39843750 -0.13281250 0.47058824 0.60392157 0.75294118
v 0.39843750 -0.33593750 -0.11718750 0.47058824 0.60392157 0.75294118
v 0.36718750 -0.28906250 -0.13281250 0.47058824 0.60392157 0.75294118
v 0.27343750 -0.35156250 -0.13281250 0.47058824 0.60392157 0.75294118
v 0.41406250 -0.36718750 -0.08593750 0.47058824 0.60392157 0.75294118
v 0.52343750 -0.27343750 -0.08593750 0.47058824 0.60392157 0.75294118
v 0.49218750 -0.25781250 -0.11718750 0.47058824 0.60392157 0.75294118
v 0.17968750 -0.36718750 -0.14843750 0.47058824 0.60392157 0.75294118
v 0.25781250 -0.30468750 -0.13281250 0.47058824 0.60392157 0.75294118
v 0.53906250 -0.30468750 -0.03906250 0.47058824 0.60392157 0.75294118
v 0.55468750 -0.32031250 0.02343750 0.47058824 0.60392157 0.75294118
v 0.63281250 -0.19531250 -0.03906250 0.47058824 0.60392157 0.75294118
v 0.60156250 -0.16406250 -0.08593750 0.47058824 0.60392157 0.75294118
v 0.33593750 -0.25781250 -0.13281250 0.47058824 0.60392157 0.75294118
v 0.41406250 -0.17968750 -0.13281250 0.47058824 0.60392157 0.75294118
v 0.38281250 -0.14843750 -0.10156250 0.47058824 0.60392157 0.75294118
v 0.30468750 -0.22656250 -0.10156250 0.47058824 0.60392157 0.75294118
v 0.46093750 -0.22656250 -0.13281250 0.47058824 0.60392157 0.75294118
v 0.53906250 -0.13281250 -0.13281250 0.47058824 0.60392157 0.75294118
v 0.49218750 -0.10156250 -0.11718750 0.47058824 0.60392157 0.75294118
v 0.22656250 -0.25781250 -0.07031250 0.47058824 0.60392157 0.75294118
v 0.33593750 -0.19531250 -0.07031250 0.47058824 0.60392157 0.75294118
v 0.30468750 -0.16406250 -0.08593750 0.47058824 0.60392157 0.75294118
v 0.24218750 -0.27343750 -0.10156250 0.47058824 0.60392157 0.75294118
v 0.28906250 -0.21093750 -0.05468750 0.47058824 0.60392157 0.75294118
v 0.22656250 -0.24218750 -0.05468750 0.47058824 0.60392157 0.75294118
v 0.14843750 -0.25781250 -0.05468750 0.47058824 0.60392157 0.75294118
v 0.21093750 -0.22656250 -0.00781250 0.47058824 0.60392157 0.75294118
v 0.35156250 -0.21093750 -0.03906250 0.47058824 0.60392157 0.75294118
v 0.35156250 -0.22656250 -0.00781250 0.47058824 0.60392157 0.75294118
v 0.42968750 -0.11718750 -0.03906250 0.47058824 0.60392157 0.75294118
v 0.41406250 -0.10156250 -0.07031250 0.47058824 0.60392157 0.75294118
v 0.24218750 -0.28906250 0.02343750 0.47058824 0.60392157 0.75294118
v 0.35156250 -0.21093750 0.03906250 0.47058824 0.60392157 0.75294118
v 0.57031250 -0.14843750 -0.13281250 0.47058824 0.60392157 0.75294118
v 0.64843750 -0.02343750 -0.13281250 0.47058824 0.60392157 0.75294118
v 0.60156250 -0.00781250 -0.14843750 0.47058824 0.60392157 0.75294118
v 0.21093750 -0.21093750 0.03906250 0.47058824 0.60392157 0.75294118
v 0.27343750 -0.19531250 0.00781250 0.47058824 0.60392157 0.75294118
v 0.27343750 -0.17968750 0.05468750 0.47058824 0.60392157 0.75294118
v 0.21093750 -0.19531250 0.10156250 0.47058824 0.60392157 0.75294118
v 0.27343750 -0.19531250 -0.00781250 0.47058824 0.60392157 0.75294118
v 0.33593750 -0.14843750 -0.05468750 0.47058824 0.60392157 0.75294118
v 0.33593750 -0.13281250 0.00781250 0.47058824 0.60392157 0.75294118
v 0.27343750 -0.13281250 -0.08593750 0.47058824 0.60392157 0.75294118
v 0.35156250 -0.05468750 -0.08593750 0.47058824 0.60392157 0.75294118
v 0.30468750 -0.02343750 -0.05468750 0.47058824 0.60392157 0.75294118
v 0.24218750 -0.08593750 -0.05468750 0.47058824 0.60392157 0.75294118
v 0.41406250 -0.05468750 -0.05468750 0.47058824 0.60392157 0.75294118
v 0.39843750 -0.05468750 0.00781250 0.47058824 0.60392157 0.75294118
v 0.44531250 -0.11718750 -0.00781250 0.47058824 0.60392157 0.75294118
v 0.42968750 -0.11718750 0.03906250 0.47058824 0.60392157 0.75294118
v 0.50781250 0.00781250 -0.00781250 0.47058824 0.60392157 0.75294118
v 0.49218750 0.00781250 -0.03906250 0.47058824 0.60392157 0.75294118
v 0.16406250 -0.11718750 -0.05468750 0.47058824 0.60392157 0.75294118
v 0.22656250 -0.05468750 -0.00781250 0.47058824 0.60392157 0.75294118
v 0.14843750 -0.10156250 0.00781250 0.47058824 0.60392157 0.75294118
v 0.39843750 -0.08593750 -0.08593750 0.47058824 0.60392157 0.75294118
v 0.44531250 0.02343750 -0.10156250 0.47058824 0.60392157 0.75294118
v 0.39843750 0.03906250 -0.10156250 0.47058824 0.60392157 0.75294118
v 0.44531250 -0.07031250 -0.10156250 0.47058824 0.60392157 0.75294118
v 0.49218750 0.02343750 -0.10156250 0.47058824 0.60392157 0.75294118
v 0.46093750 0.03906250 -0.05468750 0.47058824 0.60392157 0.75294118
v 0.16406250 -0.05468750 -0.08593750 0.47058824 0.60392157 0.75294118
v 0.22656250 -0.00781250 -0.08593750 0.47058824 0.60392157 0.75294118
v 0.17968750 0.03906250 -0.10156250 0.47058824 0.60392157 0.75294118
v 0.22656250 -0.05468750 0.05468750 0.47058824 0.60392157 0.75294118
v 0.16406250 -0.10156250 0.05468750 0.47058824 0.60392157 0.75294118
v 0.47656250 0.00781250 -0.08593750 0.47058824 0.60392157 0.75294118
v 0.49218750 0.14843750 -0.08593750 0.47058824 0.60392157 0.75294118
v 0.46093750 0.14843750 -0.10156250 0.47058824 0.60392157 0.75294118
v 0.53906250 0.00781250 -0.13281250 0.47058824 0.60392157 0.75294118
v 0.55468750 0.13281250 -0.14843750 0.47058824 0.60392157 0.75294118
v 0.50781250 0.14843750 -0.11718750 0.47058824 0.60392157 0.75294118
v 0.32031250 0.05468750 -0.07031250 0.47058824 0.60392157 0.75294118
v 0.27343750 0.00781250 -0.00781250 0.47058824 0.60392157 0.75294118
v 0.27343750 0.05468750 -0.08593750 0.47058824 0.60392157 0.75294118
v 0.30468750 0.07031250 -0.00781250 0.47058824 0.60392157 0.75294118
v 0.27343750 -0.00781250 0.05468750 0.47058824 0.60392157 0.75294118
v 0.33593750 0.13281250 -0.07031250 0.47058824 0.60392157 0.75294118
v 0.47656250 0.14843750 -0.05468750 0.47058824 0.60392157 0.75294118
v 0.42968750 0.03906250 0.00781250 0.47058824 0.60392157 0.75294118
v 0.21093750 0.08593750 -0.10156250 0.47058824 0.60392157 0.75294118
v 0.22656250 0.13281250 -0.10156250 0.47058824 0.60392157 0.75294118
v 0.42968750 -0.41406250 0.07031250 0.47058824 0.60392157 0.75294118
v 0.53906250 -0.32031250 0.08593750 0.47058824 0.60392157 0.75294118
v 0.27343750 -0.36718750 0.25781250 0.47058824 0.60392157 0.75294118
v 0.25781250 -0.32031250 0.27343750 0.47058824 0.60392157 0.75294118
v 0.35156250 -0.27343750 0.27343750 0.47058824 0.60392157 0.75294118
v 0.38281250 -0.30468750 0.25781250 0.47058824 0.60392157 0.75294118
v 0.16406250 -0.35156250 0.25781250 0.47058824 0.60392157 0.75294118
v 0.24218750 -0.27343750 0.22656250 0.47058824 0.60392157 0.75294118
v 0.39843750 -0.33593750 0.22656250 0.47058824 0.60392157 0.75294118
v 0.47656250 -0.22656250 0.25781250 0.47058824 0.60392157 0.75294118
v 0.50781250 -0.25781250 0.22656250 0.47058824 0.60392157 0.75294118
v 0.52343750 -0.30468750 0.14843750 0.47058824 0.60392157 0.75294118
v 0.63281250 -0.19531250 0.14843750 0.47058824 0.60392157 0.75294118
v 0.64843750 -0.21093750 0.08593750 0.47058824 0.60392157 0.75294118
v 0.32031250 -0.22656250 0.24218750 0.47058824 0.60392157 0.75294118
v 0.30468750 -0.19531250 0.19531250 0.47058824 0.60392157 0.75294118
v 0.36718750 -0.14843750 0.19531250 0.47058824 0.60392157 0.75294118
v 0.39843750 -0.17968750 0.24218750 0.47058824 0.60392157 0.75294118
v 0.22656250 -0.25781250 0.17968750 0.47058824 0.60392157 0.75294118
v 0.21093750 -0.22656250 0.11718750 0.47058824 0.60392157 0.75294118
v 0.27343750 -0.19531250 0.11718750 0.47058824 0.60392157 0.75294118
v 0.44531250 -0.19531250 0.25781250 0.47058824 0.60392157 0.75294118
v 0.46093750 -0.10156250 0.24218750 0.47058824 0.60392157 0.75294118
v 0.52343750 -0.11718750 0.25781250 0.47058824 0.60392157 0.75294118
v 0.14843750 -0.25781250 0.13281250 0.47058824 0.60392157 0.75294118
v 0.21093750 -0.22656250 0.07031250 0.47058824 0.60392157 0.75294118
v 0.30468750 -0.16406250 0.11718750 0.47058824 0.60392157 0.75294118
v 0.32031250 -0.17968750 0.10156250 0.47058824 0.60392157 0.75294118
v 0.33593750 -0.19531250 0.07031250 0.47058824 0.60392157 0.75294118
v 0.41406250 -0.10156250 0.07031250 0.47058824 0.60392157 0.75294118
v 0.27343750 -0.17968750 0.08593750 0.47058824 0.60392157 0.75294118
v 0.33593750 -0.13281250 0.07031250 0.47058824 0.60392157 0.75294118
v 0.33593750 -0.13281250 0.11718750 0.47058824 0.60392157 0.75294118
v 0.55468750 -0.13281250 0.25781250 0.47058824 0.60392157 0.75294118
v 0.58593750 -0.00781250 0.24218750 0.47058824 0.60392157 0.75294118
v 0.61718750 -0.02343750 0.24218750 0.47058824 0.60392157 0.75294118
v 0.58593750 -0.16406250 0.22656250 0.47058824 0.60392157 0.75294118
v 0.19531250 -0.17968750 0.13281250 0.47058824 0.60392157 0.75294118
v 0.16406250 -0.13281250 0.11718750 0.47058824 0.60392157 0.75294118
v 0.24218750 -0.10156250 0.11718750 0.47058824 0.60392157 0.75294118
v 0.27343750 -0.13281250 0.11718750 0.47058824 0.60392157 0.75294118
v 0.24218750 -0.07031250 0.10156250 0.47058824 0.60392157 0.75294118
v 0.33593750 -0.05468750 0.11718750 0.47058824 0.60392157 0.75294118
v 0.38281250 -0.07031250 0.11718750 0.47058824 0.60392157 0.75294118
v 0.39843750 -0.05468750 0.08593750 0.47058824 0.60392157 0.75294118
v 0.38281250 -0.05468750 0.07031250 0.47058824 0.60392157 0.75294118
v 0.38281250 -0.05468750 0.00781250 0.47058824 0.60392157 0.75294118
v 0.35156250 -0.14843750 0.14843750 0.47058824 0.60392157 0.75294118
v 0.41406250 -0.07031250 0.14843750 0.47058824 0.60392157 0.75294118
v 0.39843750 -0.08593750 0.10156250 0.47058824 0.60392157 0.75294118
v 0.46093750 0.02343750 0.10156250 0.47058824 0.60392157 0.75294118
v 0.47656250 0.00781250 0.07031250 0.47058824 0.60392157 0.75294118
v 0.42968750 -0.07031250 0.19531250 0.47058824 0.60392157 0.75294118
v 0.47656250 0.02343750 0.17968750 0.47058824 0.60392157 0.75294118
v 0.50781250 0.00781250 0.22656250 0.47058824 0.60392157 0.75294118
v 0.22656250 0.00781250 0.14843750 0.47058824 0.60392157 0.75294118
v 0.44531250 0.03906250 0.05468750 0.47058824 0.60392157 0.75294118
v 0.44531250 0.03906250 0.08593750 0.47058824 0.60392157 0.75294118
v 0.46093750 0.03906250 0.11718750 0.47058824 0.60392157 0.75294118
v 0.49218750 0.00781250 0.03906250 0.47058824 0.60392157 0.75294118
v 0.52343750 0.14843750 0.03906250 0.47058824 0.60392157 0.75294118
v 0.52343750 0.14843750 -0.00781250 0.47058824 0.60392157 0.75294118
v 0.28906250 -0.00781250 0.10156250 0.47058824 0.60392157 0.75294118
v 0.33593750 0.07031250 0.10156250 0.47058824 0.60392157 0.75294118
v 0.28906250 0.05468750 0.14843750 0.47058824 0.60392157 0.75294118
v 0.38281250 0.03906250 0.11718750 0.47058824 0.60392157 0.75294118
v 0.30468750 0.07031250 0.05468750 0.47058824 0.60392157 0.75294118
v 0.53906250 0.13281250 0.22656250 0.47058824 0.60392157 0.75294118
v 0.42968750 0.02343750 0.10156250 0.47058824 0.60392157 0.75294118
v 0.44531250 0.14843750 0.10156250 0.47058824 0.60392157 0.75294118
v 0.47656250 0.14843750 0.10156250 0.47058824 0.60392157 0.75294118
v 0.47656250 0.14843750 0.11718750 0.47058824 0.60392157 0.75294118
v 0.50781250 0.14843750 0.17968750 0.47058824 0.60392157 0.75294118
v 0.46093750 0.14843750 0.05468750 0.47058824 0.60392157 0.75294118
v 0.47656250 0.14843750 0.08593750 0.47058824 0.60392157 0.75294118
v 0.32031250 0.14843750 -0.00781250 0.47058824 0.60392157 0.75294118
v 0.33593750 0.14843750 0.05468750 0.47058824 0.60392157 0.75294118
v 0.67968750 -0.03906250 -0.10156250 0.47058824 0.60392157 0.75294118
v 0.71093750 -0.05468750 -0.05468750 0.47058824 0.60392157 0.75294118
v 0.72656250 0.11718750 -0.11718750 0.47058824 0.60392157 0.75294118
v 0.67968750 0.11718750 -0.16406250 0.47058824 0.60392157 0.75294118
v 0.64843750 -0.21093750 0.02343750 0.47058824 0.60392157 0.75294118
v 0.72656250 -0.07031250 0.00781250 0.47058824 0.60392157 0.75294118
v 0.75781250 0.10156250 -0.05468750 0.47058824 0.60392157 0.75294118
v 0.77343750 0.10156250 0.00781250 0.47058824 0.60392157 0.75294118
v 0.75781250 0.25781250 -0.07031250 0.47058824 0.60392157 0.75294118
v 0.72656250 0.25781250 -0.13281250 0.47058824 0.60392157 0.75294118
v 0.61718750 0.13281250 -0.16406250 0.47058824 0.60392157 0.75294118
v 0.61718750 0.25781250 -0.17968750 0.47058824 0.60392157 0.75294118
v 0.55468750 0.25781250 -0.16406250 0.47058824 0.60392157 0.75294118
v 0.64843750 -0.03906250 0.22656250 0.47058824 0.60392157 0.75294118
v 0.69531250 -0.05468750 0.14843750 0.47058824 0.60392157 0.75294118
v 0.71093750 -0.07031250 0.08593750 0.47058824 0.60392157 0.75294118
v 0.75781250 0.10156250 0.07031250 0.47058824 0.60392157 0.75294118
v 0.74218750 0.10156250 0.14843750 0.47058824 0.60392157 0.75294118
v 0.69531250 0.11718750 0.21093750 0.47058824 0.60392157 0.75294118
v 0.74218750 0.27343750 0.13281250 0.47058824 0.60392157 0.75294118
v 0.75781250 0.27343750 0.07031250 0.47058824 0.60392157 0.75294118
v 0.66406250 0.13281250 0.22656250 0.47058824 0.60392157 0.75294118
v 0.61718750 0.13281250 0.24218750 0.47058824 0.60392157 0.75294118
v 0.61718750 0.25781250 0.22656250 0.47058824 0.60392157 0.75294118
v 0.67968750 0.27343750 0.21093750 0.47058824 0.60392157 0.75294118
v 0.55468750 0.25781250 0.21093750 0.47058824 0.60392157 0.75294118
v -0.55468750 0.14843750 -0.21093750 0.47058824 0.60392157 0.75294118
v -0.53906250 0.27343750 -0.21093750 0.47058824 0.60392157 0.75294118
v -0.60156250 0.28906250 -0.22656250 0.47058824 0.60392157 0.75294118
v -0.46093750 0.27343750 -0.11718750 0.47058824 0.60392157 0.75294118
v -0.49218750 0.27343750 -0.08593750 0.47058824 0.60392157 0.75294118
v -0.67968750 0.28906250 -0.21093750 0.47058824 0.60392157 0.75294118
v -0.57031250 0.41406250 -0.24218750 0.47058824 0.60392157 0.75294118
v -0.63281250 0.44531250 -0.22656250 0.47058824 0.60392157 0.75294118
v -0.69531250 0.28906250 -0.19531250 0.47058824 0.60392157 0.75294118
v -0.66406250 0.44531250 -0.19531250 0.47058824 0.60392157 0.75294118
v -0.69531250 0.44531250 -0.13281250 0.47058824 0.60392157 0.75294118
v -0.50781250 0.27343750 -0.05468750 0.47058824 0.60392157 0.75294118
v -0.46093750 0.39843750 -0.08593750 0.47058824 0.60392157 0.75294118
v -0.47656250 0.39843750 -0.05468750 0.47058824 0.60392157 0.75294118
v -0.52343750 0.27343750 -0.00781250 0.47058824 0.60392157 0.75294118
v -0.52343750 0.14843750 0.03906250 0.47058824 0.60392157 0.75294118
v -0.50781250 0.27343750 0.03906250 0.47058824 0.60392157 0.75294118
v -0.49218750 0.27343750 -0.14843750 0.47058824 0.60392157 0.75294118
v -0.46093750 0.38281250 -0.16406250 0.47058824 0.60392157 0.75294118
v -0.49218750 0.39843750 -0.22656250 0.47058824 0.60392157 0.75294118
v -0.71093750 0.46093750 -0.05468750 0.47058824 0.60392157 0.75294118
v -0.60156250 0.60156250 -0.14843750 0.47058824 0.60392157 0.75294118
v -0.61718750 0.61718750 -0.07031250 0.47058824 0.60392157 0.75294118
v -0.71093750 0.46093750 0.03906250 0.47058824 0.60392157 0.75294118
v -0.42968750 0.50781250 -0.24218750 0.47058824 0.60392157 0.75294118
v -0.49218750 0.39843750 -0.00781250 0.47058824 0.60392157 0.75294118
v -0.41406250 0.50781250 -0.05468750 0.47058824 0.60392157 0.75294118
v -0.42968750 0.50781250 -0.00781250 0.47058824 0.60392157 0.75294118
v -0.47656250 0.39843750 0.03906250 0.47058824 0.60392157 0.75294118
v -0.49218750 0.53906250 -0.25781250 0.47058824 0.60392157 0.75294118
v -0.53906250 0.57031250 -0.24218750 0.47058824 0.60392157 0.75294118
v -0.39843750 0.49218750 -0.17968750 0.47058824 0.60392157 0.75294118
v -0.33593750 0.58593750 -0.24218750 0.47058824 0.60392157 0.75294118
v -0.57031250 0.58593750 -0.21093750 0.47058824 0.60392157 0.75294118
v -0.42968750 0.67968750 -0.24218750 0.47058824 0.60392157 0.75294118
v -0.46093750 0.71093750 -0.21093750 0.47058824 0.60392157 0.75294118
v -0.72656250 0.25781250 0.11718750 0.47058824 0.60392157 0.75294118
v -0.67968750 0.44531250 0.11718750 0.47058824 0.60392157 0.75294118
v -0.61718750 0.27343750 0.17968750 0.47058824 0.60392157 0.75294118
v -0.63281250 0.41406250 0.14843750 0.47058824 0.60392157 0.75294118
v -0.57031250 0.39843750 0.16406250 0.47058824 0.60392157 0.75294118
v -0.53906250 0.25781250 0.16406250 0.47058824 0.60392157 0.75294118
v -0.50781250 0.38281250 0.14843750 0.47058824 0.60392157 0.75294118
v -0.49218750 0.25781250 0.10156250 0.47058824 0.60392157 0.75294118
v -0.49218750 0.27343750 0.07031250 0.47058824 0.60392157 0.75294118
v -0.46093750 0.39843750 0.07031250 0.47058824 0.60392157 0.75294118
v -0.46093750 0.27343750 0.08593750 0.47058824 0.60392157 0.75294118
v -0.47656250 0.36718750 0.10156250 0.47058824 0.60392157 0.75294118
v -0.47656250 0.25781250 0.07031250 0.47058824 0.60392157 0.75294118
v -0.64843750 0.42968750 0.14843750 0.47058824 0.60392157 0.75294118
v -0.55468750 0.55468750 0.14843750 0.47058824 0.60392157 0.75294118
v -0.61718750 0.61718750 0.02343750 0.47058824 0.60392157 0.75294118
v -0.58593750 0.60156250 0.10156250 0.47058824 0.60392157 0.75294118
v -0.49218750 0.52343750 0.16406250 0.47058824 0.60392157 0.75294118
v -0.44531250 0.66406250 0.14843750 0.47058824 0.60392157 0.75294118
v -0.39843750 0.61718750 0.16406250 0.47058824 0.60392157 0.75294118
v -0.44531250 0.47656250 0.13281250 0.47058824 0.60392157 0.75294118
v -0.36718750 0.57031250 0.11718750 0.47058824 0.60392157 0.75294118
v -0.41406250 0.46093750 0.08593750 0.47058824 0.60392157 0.75294118
v -0.57031250 0.58593750 0.13281250 0.47058824 0.60392157 0.75294118
v -0.47656250 0.72656250 0.08593750 0.47058824 0.60392157 0.75294118
v -0.46093750 0.69531250 0.13281250 0.47058824 0.60392157 0.75294118
v -0.47656250 0.74218750 -0.14843750 0.47058824 0.60392157 0.75294118
v -0.49218750 0.75781250 -0.07031250 0.47058824 0.60392157 0.75294118
v -0.00781250 0.19531250 -0.11718750 0.47058824 0.60392157 0.75294118
v -0.22656250 0.13281250 -0.10156250 0.47058824 0.60392157 0.75294118
v -0.41406250 0.14843750 -0.11718750 0.47058824 0.60392157 0.75294118
v -0.33593750 0.22656250 -0.08593750 0.47058824 0.60392157 0.75294118
v -0.39843750 0.25781250 -0.11718750 0.47058824 0.60392157 0.75294118
v -0.44531250 0.25781250 -0.05468750 0.47058824 0.60392157 0.75294118
v -0.22656250 0.19531250 -0.10156250 0.47058824 0.60392157 0.75294118
v -0.28906250 0.21093750 -0.08593750 0.47058824 0.60392157 0.75294118
v -0.21093750 0.25781250 -0.10156250 0.47058824 0.60392157 0.75294118
v -0.27343750 0.28906250 -0.08593750 0.47058824 0.60392157 0.75294118
v -0.36718750 0.35156250 -0.13281250 0.47058824 0.60392157 0.75294118
v -0.42968750 0.36718750 -0.13281250 0.47058824 0.60392157 0.75294118
v -0.33593750 0.14843750 0.05468750 0.47058824 0.60392157 0.75294118
v -0.30468750 0.22656250 -0.00781250 0.47058824 0.60392157 0.75294118
v -0.32031250 0.22656250 -0.07031250 0.47058824 0.60392157 0.75294118
v 0.22656250 0.19531250 -0.10156250 0.47058824 0.60392157 0.75294118
v 0.21093750 0.25781250 -0.10156250 0.47058824 0.60392157 0.75294118
v 0.17968750 0.30468750 -0.10156250 0.47058824 0.60392157 0.75294118
v 0.13281250 0.33593750 -0.10156250 0.47058824 0.60392157 0.75294118
v 0.07031250 0.35156250 -0.10156250 0.47058824 0.60392157 0.75294118
v -0.00781250 0.36718750 -0.10156250 0.47058824 0.60392157 0.75294118
v -0.07031250 0.35156250 -0.10156250 0.47058824 0.60392157 0.75294118
v -0.13281250 0.33593750 -0.10156250 0.47058824 0.60392157 0.75294118
v -0.17968750 0.30468750 -0.10156250 0.47058824 0.60392157 0.75294118
v -0.30468750 0.32031250 -0.08593750 0.47058824 0.60392157 0.75294118
v -0.22656250 0.35156250 -0.08593750 0.47058824 0.60392157 0.75294118
v -0.27343750 0.38281250 -0.08593750 0.47058824 0.60392157 0.75294118
v -0.33593750 0.24218750 0.03906250 0.47058824 0.60392157 0.75294118
v -0.28906250 0.30468750 -0.00781250 0.47058824 0.60392157 0.75294118
v -0.28906250 0.30468750 -0.07031250 0.47058824 0.60392157 0.75294118
v -0.42968750 0.36718750 -0.11718750 0.47058824 0.60392157 0.75294118
v -0.42968750 0.36718750 -0.05468750 0.47058824 0.60392157 0.75294118
v -0.36718750 0.46093750 -0.11718750 0.47058824 0.60392157 0.75294118
v -0.46093750 0.25781250 0.00781250 0.47058824 0.60392157 0.75294118
v -0.46093750 0.25781250 0.05468750 0.47058824 0.60392157 0.75294118
v -0.44531250 0.36718750 0.05468750 0.47058824 0.60392157 0.75294118
v -0.42968750 0.36718750 0.00781250 0.47058824 0.60392157 0.75294118
v -0.32031250 0.42968750 -0.14843750 0.47058824 0.60392157 0.75294118
v -0.36718750 0.46093750 -0.14843750 0.47058824 0.60392157 0.75294118
v -0.24218750 0.36718750 -0.07031250 0.47058824 0.60392157 0.75294118
v -0.24218750 0.36718750 -0.00781250 0.47058824 0.60392157 0.75294118
v -0.17968750 0.41406250 -0.07031250 0.47058824 0.60392157 0.75294118
v -0.30468750 0.32031250 0.03906250 0.47058824 0.60392157 0.75294118
v -0.35156250 0.24218750 0.08593750 0.47058824 0.60392157 0.75294118
v -0.32031250 0.33593750 0.08593750 0.47058824 0.60392157 0.75294118
v -0.27343750 0.38281250 0.03906250 0.47058824 0.60392157 0.75294118
v -0.16406250 0.39843750 -0.08593750 0.47058824 0.60392157 0.75294118
v -0.08593750 0.42968750 -0.08593750 0.47058824 0.60392157 0.75294118
v -0.17968750 0.44531250 -0.07031250 0.47058824 0.60392157 0.75294118
v -0.22656250 0.50781250 -0.14843750 0.47058824 0.60392157 0.75294118
v 0.08593750 0.42968750 -0.08593750 0.47058824 0.60392157 0.75294118
v -0.00781250 0.44531250 -0.08593750 0.47058824 0.60392157 0.75294118
v -0.36718750 0.46093750 -0.07031250 0.47058824 0.60392157 0.75294118
v -0.38281250 0.46093750 -0.00781250 0.47058824 0.60392157 0.75294118
v -0.30468750 0.53906250 -0.07031250 0.47058824 0.60392157 0.75294118
v -0.30468750 0.53906250 -0.13281250 0.47058824 0.60392157 0.75294118
v -0.17968750 0.42968750 -0.00781250 0.47058824 0.60392157 0.75294118
v -0.21093750 0.44531250 0.03906250 0.47058824 0.60392157 0.75294118
v -0.11718750 0.46093750 -0.00781250 0.47058824 0.60392157 0.75294118
v -0.11718750 0.47656250 -0.07031250 0.47058824 0.60392157 0.75294118
v -0.39843750 0.50781250 -0.08593750 0.47058824 0.60392157 0.75294118
v -0.28906250 0.53906250 -0.14843750 0.47058824 0.60392157 0.75294118
v -0.32031250 0.58593750 -0.10156250 0.47058824 0.60392157 0.75294118
v -0.10156250 0.47656250 -0.07031250 0.47058824 0.60392157 0.75294118
v -0.00781250 0.49218750 -0.07031250 0.47058824 0.60392157 0.75294118
v -0.00781250 0.53906250 -0.14843750 0.47058824 0.60392157 0.75294118
v -0.11718750 0.53906250 -0.14843750 0.47058824 0.60392157 0.75294118
v -0.17968750 0.58593750 -0.14843750 0.47058824 0.60392157 0.75294118
v 0.10156250 0.47656250 -0.07031250 0.47058824 0.60392157 0.75294118
v 0.17968750 0.44531250 -0.07031250 0.47058824 0.60392157 0.75294118
v 0.11718750 0.53906250 -0.14843750 0.47058824 0.60392157 0.75294118
v -0.39843750 0.46093750 0.03906250 0.47058824 0.60392157 0.75294118
v -0.33593750 0.55468750 0.07031250 0.47058824 0.60392157 0.75294118
v -0.33593750 0.53906250 0.03906250 0.47058824 0.60392157 0.75294118
v -0.30468750 0.53906250 -0.00781250 0.47058824 0.60392157 0.75294118
v -0.24218750 0.60156250 0.02343750 0.47058824 0.60392157 0.75294118
v -0.24218750 0.58593750 -0.00781250 0.47058824 0.60392157 0.75294118
v -0.24218750 0.57031250 -0.07031250 0.47058824 0.60392157 0.75294118
v -0.32031250 0.57031250 -0.17968750 0.47058824 0.60392157 0.75294118
v -0.22656250 0.61718750 -0.17968750 0.47058824 0.60392157 0.75294118
v -0.24218750 0.66406250 -0.24218750 0.47058824 0.60392157 0.75294118
v 0.11718750 0.47656250 -0.07031250 0.47058824 0.60392157 0.75294118
v 0.11718750 0.46093750 -0.00781250 0.47058824 0.60392157 0.75294118
v -0.00781250 0.49218750 -0.00781250 0.47058824 0.60392157 0.75294118
v -0.13281250 0.49218750 0.03906250 0.47058824 0.60392157 0.75294118
v -0.14843750 0.52343750 0.07031250 0.47058824 0.60392157 0.75294118
v -0.07031250 0.55468750 0.07031250 0.47058824 0.60392157 0.75294118
v -0.07031250 0.50781250 0.03906250 0.47058824 0.60392157 0.75294118
v 0.13281250 0.49218750 0.03906250 0.47058824 0.60392157 0.75294118
v 0.07031250 0.50781250 0.03906250 0.47058824 0.60392157 0.75294118
v 0.07031250 0.55468750 0.07031250 0.47058824 0.60392157 0.75294118
v 0.14843750 0.52343750 0.07031250 0.47058824 0.60392157 0.75294118
v 0.21093750 0.44531250 0.03906250 0.47058824 0.60392157 0.75294118
v -0.00781250 0.52343750 0.03906250 0.47058824 0.60392157 0.75294118
v -0.00781250 0.55468750 0.07031250 0.47058824 0.60392157 0.75294118
v -0.28906250 0.11718750 0.14843750 0.47058824 0.60392157 0.75294118
v -0.30468750 0.19531250 0.14843750 0.47058824 0.60392157 0.75294118
v -0.22656250 0.21093750 0.16406250 0.47058824 0.60392157 0.75294118
v -0.21093750 0.14843750 0.16406250 0.47058824 0.60392157 0.75294118
v -0.17968750 0.08593750 0.16406250 0.47058824 0.60392157 0.75294118
v -0.16406250 0.11718750 0.16406250 0.47058824 0.60392157 0.75294118
v -0.14843750 0.08593750 0.16406250 0.47058824 0.60392157 0.75294118
v -0.44531250 0.14843750 0.10156250 0.47058824 0.60392157 0.75294118
v -0.42968750 0.25781250 0.08593750 0.47058824 0.60392157 0.75294118
v -0.41406250 0.14843750 0.08593750 0.47058824 0.60392157 0.75294118
v -0.16406250 0.13281250 0.19531250 0.47058824 0.60392157 0.75294118
v -0.14843750 0.11718750 0.21093750 0.47058824 0.60392157 0.75294118
v -0.08593750 0.11718750 0.21093750 0.47058824 0.60392157 0.75294118
v -0.07031250 0.13281250 0.21093750 0.47058824 0.60392157 0.75294118
v -0.05468750 0.14843750 0.17968750 0.47058824 0.60392157 0.75294118
v -0.03906250 0.14843750 0.17968750 0.47058824 0.60392157 0.75294118
v -0.00781250 0.13281250 0.17968750 0.47058824 0.60392157 0.75294118
v -0.00781250 0.21093750 0.17968750 0.47058824 0.60392157 0.75294118
v 0.03906250 0.14843750 0.17968750 0.47058824 0.60392157 0.75294118
v -0.11718750 0.10156250 0.21093750 0.47058824 0.60392157 0.75294118
v -0.13281250 0.16406250 0.24218750 0.47058824 0.60392157 0.75294118
v -0.10156250 0.16406250 0.24218750 0.47058824 0.60392157 0.75294118
v -0.11718750 0.08593750 0.11718750 0.47058824 0.60392157 0.75294118
v -0.11718750 0.08593750 0.14843750 0.47058824 0.60392157 0.75294118
v -0.08593750 0.10156250 0.11718750 0.47058824 0.60392157 0.75294118
v -0.08593750 0.11718750 0.07031250 0.47058824 0.60392157 0.75294118
v -0.11718750 0.11718750 0.07031250 0.47058824 0.60392157 0.75294118
v -0.14843750 0.10156250 0.11718750 0.47058824 0.60392157 0.75294118
v -0.14843750 0.10156250 0.14843750 0.47058824 0.60392157 0.75294118
v -0.14843750 0.10156250 0.17968750 0.47058824 0.60392157 0.75294118
v -0.11718750 0.10156250 0.17968750 0.47058824 0.60392157 0.75294118
v -0.08593750 0.10156250 0.14843750 0.47058824 0.60392157 0.75294118
v -0.17968750 0.13281250 0.14843750 0.47058824 0.60392157 0.75294118
v -0.17968750 0.13281250 0.11718750 0.47058824 0.60392157 0.75294118
v -0.19531250 0.21093750 0.14843750 0.47058824 0.60392157 0.75294118
v -0.17968750 0.21093750 0.17968750 0.47058824 0.60392157 0.75294118
v -0.16406250 0.14843750 0.17968750 0.47058824 0.60392157 0.75294118
v -0.13281250 0.11718750 0.07031250 0.47058824 0.60392157 0.75294118
v -0.10156250 0.14843750 0.05468750 0.47058824 0.60392157 0.75294118
v -0.11718750 0.14843750 0.05468750 0.47058824 0.60392157 0.75294118
v -0.16406250 0.14843750 0.07031250 0.47058824 0.60392157 0.75294118
v -0.08593750 0.10156250 0.17968750 0.47058824 0.60392157 0.75294118
v -0.07031250 0.11718750 0.14843750 0.47058824 0.60392157 0.75294118
v -0.07031250 0.11718750 0.11718750 0.47058824 0.60392157 0.75294118
v -0.07031250 0.13281250 0.08593750 0.47058824 0.60392157 0.75294118
v -0.07031250 0.14843750 0.08593750 0.47058824 0.60392157 0.75294118
v -0.07031250 0.11718750 0.17968750 0.47058824 0.60392157 0.75294118
v -0.05468750 0.14843750 0.14843750 0.47058824 0.60392157 0.75294118
v -0.05468750 0.14843750 0.11718750 0.47058824 0.60392157 0.75294118
v -0.17968750 0.16406250 0.19531250 0.47058824 0.60392157 0.75294118
v -0.19531250 0.14843750 0.16406250 0.47058824 0.60392157 0.75294118
v -0.19531250 0.21093750 0.19531250 0.47058824 0.60392157 0.75294118
v -0.16406250 0.21093750 0.22656250 0.47058824 0.60392157 0.75294118
v -0.16406250 0.17968750 0.22656250 0.47058824 0.60392157 0.75294118
v -0.21093750 0.21093750 0.16406250 0.47058824 0.60392157 0.75294118
v -0.14843750 0.16406250 0.22656250 0.47058824 0.60392157 0.75294118
v -0.08593750 0.16406250 0.24218750 0.47058824 0.60392157 0.75294118
v -0.07031250 0.16406250 0.22656250 0.47058824 0.60392157 0.75294118
v -0.05468750 0.16406250 0.19531250 0.47058824 0.60392157 0.75294118
v -0.03906250 0.21093750 0.11718750 0.47058824 0.60392157 0.75294118
v -0.05468750 0.21093750 0.08593750 0.47058824 0.60392157 0.75294118
v -0.03906250 0.21093750 0.17968750 0.47058824 0.60392157 0.75294118
v -0.03906250 0.21093750 0.14843750 0.47058824 0.60392157 0.75294118
v -0.19531250 0.21093750 0.11718750 0.47058824 0.60392157 0.75294118
v -0.17968750 0.21093750 0.07031250 0.47058824 0.60392157 0.75294118
v -0.19531250 0.28906250 0.11718750 0.47058824 0.60392157 0.75294118
v -0.19531250 0.28906250 0.14843750 0.47058824 0.60392157 0.75294118
v -0.46093750 0.36718750 0.07031250 0.47058824 0.60392157 0.75294118
v -0.41406250 0.25781250 0.08593750 0.47058824 0.60392157 0.75294118
v -0.28906250 0.30468750 0.13281250 0.47058824 0.60392157 0.75294118
v -0.38281250 0.25781250 0.08593750 0.47058824 0.60392157 0.75294118
v -0.38281250 0.36718750 0.07031250 0.47058824 0.60392157 0.75294118
v -0.35156250 0.35156250 0.07031250 0.47058824 0.60392157 0.75294118
v -0.13281250 0.16406250 0.05468750 0.47058824 0.60392157 0.75294118
v -0.14843750 0.21093750 0.05468750 0.47058824 0.60392157 0.75294118
v -0.03906250 0.28906250 0.14843750 0.47058824 0.60392157 0.75294118
v -0.03906250 0.28906250 0.11718750 0.47058824 0.60392157 0.75294118
v -0.03906250 0.27343750 0.17968750 0.47058824 0.60392157 0.75294118
v -0.00781250 0.28906250 0.17968750 0.47058824 0.60392157 0.75294118
v 0.03906250 0.27343750 0.17968750 0.47058824 0.60392157 0.75294118
v 0.03906250 0.21093750 0.17968750 0.47058824 0.60392157 0.75294118
v -0.21093750 0.25781250 0.14843750 0.47058824 0.60392157 0.75294118
v -0.21093750 0.32031250 0.14843750 0.47058824 0.60392157 0.75294118
v -0.21093750 0.25781250 0.16406250 0.47058824 0.60392157 0.75294118
v -0.19531250 0.25781250 0.19531250 0.47058824 0.60392157 0.75294118
v -0.17968750 0.30468750 0.19531250 0.47058824 0.60392157 0.75294118
v -0.16406250 0.28906250 0.22656250 0.47058824 0.60392157 0.75294118
v -0.16406250 0.25781250 0.22656250 0.47058824 0.60392157 0.75294118
v -0.17968750 0.28906250 0.17968750 0.47058824 0.60392157 0.75294118
v -0.16406250 0.33593750 0.17968750 0.47058824 0.60392157 0.75294118
v -0.13281250 0.25781250 0.24218750 0.47058824 0.60392157 0.75294118
v -0.13281250 0.22656250 0.24218750 0.47058824 0.60392157 0.75294118
v -0.17968750 0.27343750 0.07031250 0.47058824 0.60392157 0.75294118
v -0.14843750 0.25781250 0.05468750 0.47058824 0.60392157 0.75294118
v -0.14843750 0.32031250 0.07031250 0.47058824 0.60392157 0.75294118
v -0.16406250 0.33593750 0.11718750 0.47058824 0.60392157 0.75294118
v -0.05468750 0.25781250 0.08593750 0.47058824 0.60392157 0.75294118
v -0.07031250 0.32031250 0.08593750 0.47058824 0.60392157 0.75294118
v -0.05468750 0.27343750 0.17968750 0.47058824 0.60392157 0.75294118
v -0.05468750 0.32031250 0.17968750 0.47058824 0.60392157 0.75294118
v -0.03906250 0.32031250 0.17968750 0.47058824 0.60392157 0.75294118
v -0.05468750 0.28906250 0.17968750 0.47058824 0.60392157 0.75294118
v -0.05468750 0.33593750 0.14843750 0.47058824 0.60392157 0.75294118
v -0.05468750 0.33593750 0.11718750 0.47058824 0.60392157 0.75294118
v -0.33593750 0.44531250 0.07031250 0.47058824 0.60392157 0.75294118
v -0.30468750 0.42968750 0.07031250 0.47058824 0.60392157 0.75294118
v -0.41406250 0.36718750 0.07031250 0.47058824 0.60392157 0.75294118
v -0.39843750 0.49218750 0.05468750 0.47058824 0.60392157 0.75294118
v -0.35156250 0.46093750 0.07031250 0.47058824 0.60392157 0.75294118
v -0.19531250 0.30468750 0.16406250 0.47058824 0.60392157 0.75294118
v -0.17968750 0.35156250 0.14843750 0.47058824 0.60392157 0.75294118
v -0.16406250 0.33593750 0.16406250 0.47058824 0.60392157 0.75294118
v -0.16406250 0.33593750 0.19531250 0.47058824 0.60392157 0.75294118
v -0.13281250 0.30468750 0.05468750 0.47058824 0.60392157 0.75294118
v -0.13281250 0.33593750 0.07031250 0.47058824 0.60392157 0.75294118
v -0.13281250 0.36718750 0.11718750 0.47058824 0.60392157 0.75294118
v -0.14843750 0.30468750 0.22656250 0.47058824 0.60392157 0.75294118
v -0.11718750 0.27343750 0.24218750 0.47058824 0.60392157 0.75294118
v -0.11718750 0.32031250 0.22656250 0.47058824 0.60392157 0.75294118
v -0.10156250 0.27343750 0.24218750 0.47058824 0.60392157 0.75294118
v -0.13281250 0.35156250 0.19531250 0.47058824 0.60392157 0.75294118
v -0.08593750 0.32031250 0.22656250 0.47058824 0.60392157 0.75294118
v -0.08593750 0.27343750 0.24218750 0.47058824 0.60392157 0.75294118
v -0.10156250 0.35156250 0.19531250 0.47058824 0.60392157 0.75294118
v -0.07031250 0.30468750 0.21093750 0.47058824 0.60392157 0.75294118
v -0.07031250 0.27343750 0.22656250 0.47058824 0.60392157 0.75294118
v -0.07031250 0.33593750 0.17968750 0.47058824 0.60392157 0.75294118
v -0.05468750 0.28906250 0.19531250 0.47058824 0.60392157 0.75294118
v -0.16406250 0.33593750 0.14843750 0.47058824 0.60392157 0.75294118
v -0.13281250 0.36718750 0.14843750 0.47058824 0.60392157 0.75294118
v -0.13281250 0.35156250 0.17968750 0.47058824 0.60392157 0.75294118
v -0.08593750 0.36718750 0.14843750 0.47058824 0.60392157 0.75294118
v -0.08593750 0.36718750 0.11718750 0.47058824 0.60392157 0.75294118
v -0.08593750 0.33593750 0.08593750 0.47058824 0.60392157 0.75294118
v -0.00781250 0.36718750 0.16406250 0.47058824 0.60392157 0.75294118
v -0.05468750 0.36718750 0.16406250 0.47058824 0.60392157 0.75294118
v -0.08593750 0.38281250 0.16406250 0.47058824 0.60392157 0.75294118
v -0.00781250 0.44531250 0.14843750 0.47058824 0.60392157 0.75294118
v 0.08593750 0.38281250 0.16406250 0.47058824 0.60392157 0.75294118
v 0.05468750 0.36718750 0.16406250 0.47058824 0.60392157 0.75294118
v 0.03906250 0.32031250 0.17968750 0.47058824 0.60392157 0.75294118
v 0.05468750 0.32031250 0.17968750 0.47058824 0.60392157 0.75294118
v 0.05468750 0.27343750 0.17968750 0.47058824 0.60392157 0.75294118
v -0.24218750 0.38281250 0.13281250 0.47058824 0.60392157 0.75294118
v -0.28906250 0.39843750 0.08593750 0.47058824 0.60392157 0.75294118
v -0.19531250 0.42968750 0.13281250 0.47058824 0.60392157 0.75294118
v -0.11718750 0.30468750 0.05468750 0.47058824 0.60392157 0.75294118
v -0.10156250 0.33593750 0.07031250 0.47058824 0.60392157 0.75294118
v -0.10156250 0.36718750 0.11718750 0.47058824 0.60392157 0.75294118
v -0.10156250 0.30468750 0.05468750 0.47058824 0.60392157 0.75294118
v -0.08593750 0.30468750 0.07031250 0.47058824 0.60392157 0.75294118
v -0.07031250 0.35156250 0.17968750 0.47058824 0.60392157 0.75294118
v -0.08593750 0.36718750 0.16406250 0.47058824 0.60392157 0.75294118
v -0.22656250 0.46093750 0.08593750 0.47058824 0.60392157 0.75294118
v -0.10156250 0.38281250 0.14843750 0.47058824 0.60392157 0.75294118
v -0.10156250 0.36718750 0.17968750 0.47058824 0.60392157 0.75294118
v -0.14843750 0.38281250 0.14843750 0.47058824 0.60392157 0.75294118
v -0.14843750 0.36718750 0.16406250 0.47058824 0.60392157 0.75294118
v -0.10156250 0.35156250 0.17968750 0.47058824 0.60392157 0.75294118
v -0.10156250 0.36718750 0.14843750 0.47058824 0.60392157 0.75294118
v -0.13281250 0.46093750 0.13281250 0.47058824 0.60392157 0.75294118
v -0.13281250 0.39843750 0.14843750 0.47058824 0.60392157 0.75294118
v -0.11718750 0.38281250 0.16406250 0.47058824 0.60392157 0.75294118
v -0.32031250 0.57031250 0.05468750 0.47058824 0.60392157 0.75294118
v -0.28906250 0.53906250 0.07031250 0.47058824 0.60392157 0.75294118
v -0.07031250 0.47656250 0.13281250 0.47058824 0.60392157 0.75294118
v -0.41406250 0.50781250 0.03906250 0.47058824 0.60392157 0.75294118
v -0.32031250 0.60156250 -0.00781250 0.47058824 0.60392157 0.75294118
v -0.32031250 0.58593750 0.03906250 0.47058824 0.60392157 0.75294118
v -0.25781250 0.50781250 0.07031250 0.47058824 0.60392157 0.75294118
v -0.19531250 0.58593750 0.05468750 0.47058824 0.60392157 0.75294118
v -0.17968750 0.55468750 0.07031250 0.47058824 0.60392157 0.75294118
v -0.08593750 0.61718750 0.05468750 0.47058824 0.60392157 0.75294118
v 0.07031250 0.47656250 0.13281250 0.47058824 0.60392157 0.75294118
v -0.28906250 0.69531250 0.14843750 0.47058824 0.60392157 0.75294118
v -0.27343750 0.63281250 0.11718750 0.47058824 0.60392157 0.75294118
v -0.22656250 0.66406250 -0.00781250 0.47058824 0.60392157 0.75294118
v -0.22656250 0.64843750 0.02343750 0.47058824 0.60392157 0.75294118
v 0.52343750 0.14843750 -0.05468750 0.47058824 0.60392157 0.75294118
v 0.50781250 0.27343750 -0.05468750 0.47058824 0.60392157 0.75294118
v 0.49218750 0.27343750 -0.08593750 0.47058824 0.60392157 0.75294118
v 0.41406250 0.14843750 -0.10156250 0.47058824 0.60392157 0.75294118
v 0.39843750 0.25781250 -0.11718750 0.47058824 0.60392157 0.75294118
v 0.33593750 0.22656250 -0.08593750 0.47058824 0.60392157 0.75294118
v 0.50781250 0.25781250 -0.11718750 0.47058824 0.60392157 0.75294118
v 0.47656250 0.25781250 -0.07031250 0.47058824 0.60392157 0.75294118
v 0.28906250 0.13281250 -0.08593750 0.47058824 0.60392157 0.75294118
v 0.28906250 0.21093750 -0.08593750 0.47058824 0.60392157 0.75294118
v 0.30468750 0.22656250 -0.00781250 0.47058824 0.60392157 0.75294118
v 0.30468750 0.32031250 -0.08593750 0.47058824 0.60392157 0.75294118
v 0.27343750 0.28906250 -0.08593750 0.47058824 0.60392157 0.75294118
v 0.46093750 0.27343750 -0.11718750 0.47058824 0.60392157 0.75294118
v 0.42968750 0.36718750 -0.11718750 0.47058824 0.60392157 0.75294118
v 0.36718750 0.35156250 -0.13281250 0.47058824 0.60392157 0.75294118
v 0.46093750 0.14843750 0.00781250 0.47058824 0.60392157 0.75294118
v 0.46093750 0.25781250 0.00781250 0.47058824 0.60392157 0.75294118
v 0.46093750 0.25781250 0.05468750 0.47058824 0.60392157 0.75294118
v 0.22656250 0.35156250 -0.08593750 0.47058824 0.60392157 0.75294118
v 0.27343750 0.38281250 -0.08593750 0.47058824 0.60392157 0.75294118
v 0.28906250 0.30468750 -0.00781250 0.47058824 0.60392157 0.75294118
v 0.33593750 0.24218750 0.03906250 0.47058824 0.60392157 0.75294118
v 0.30468750 0.32031250 0.03906250 0.47058824 0.60392157 0.75294118
v 0.35156250 0.24218750 0.08593750 0.47058824 0.60392157 0.75294118
v 0.35156250 0.14843750 0.08593750 0.47058824 0.60392157 0.75294118
v 0.44531250 0.36718750 -0.07031250 0.47058824 0.60392157 0.75294118
v 0.47656250 0.38281250 -0.13281250 0.47058824 0.60392157 0.75294118
v 0.39843750 0.46093750 -0.07031250 0.47058824 0.60392157 0.75294118
v 0.42968750 0.36718750 -0.00781250 0.47058824 0.60392157 0.75294118
v 0.46093750 0.39843750 -0.10156250 0.47058824 0.60392157 0.75294118
v 0.47656250 0.39843750 -0.05468750 0.47058824 0.60392157 0.75294118
v 0.39843750 0.50781250 -0.10156250 0.47058824 0.60392157 0.75294118
v 0.36718750 0.46093750 -0.13281250 0.47058824 0.60392157 0.75294118
v 0.16406250 0.39843750 -0.08593750 0.47058824 0.60392157 0.75294118
v 0.24218750 0.36718750 -0.00781250 0.47058824 0.60392157 0.75294118
v 0.17968750 0.42968750 -0.00781250 0.47058824 0.60392157 0.75294118
v 0.27343750 0.38281250 0.03906250 0.47058824 0.60392157 0.75294118
v 0.32031250 0.42968750 -0.13281250 0.47058824 0.60392157 0.75294118
v 0.22656250 0.50781250 -0.14843750 0.47058824 0.60392157 0.75294118
v 0.38281250 0.46093750 -0.00781250 0.47058824 0.60392157 0.75294118
v 0.30468750 0.53906250 -0.07031250 0.47058824 0.60392157 0.75294118
v 0.30468750 0.53906250 -0.00781250 0.47058824 0.60392157 0.75294118
v 0.33593750 0.53906250 0.03906250 0.47058824 0.60392157 0.75294118
v 0.39843750 0.46093750 0.03906250 0.47058824 0.60392157 0.75294118
v 0.44531250 0.36718750 0.05468750 0.47058824 0.60392157 0.75294118
v 0.41406250 0.46093750 0.08593750 0.47058824 0.60392157 0.75294118
v 0.46093750 0.36718750 0.10156250 0.47058824 0.60392157 0.75294118
v 0.41406250 0.49218750 -0.13281250 0.47058824 0.60392157 0.75294118
v 0.53906250 0.39843750 -0.16406250 0.47058824 0.60392157 0.75294118
v 0.46093750 0.52343750 -0.17968750 0.47058824 0.60392157 0.75294118
v 0.32031250 0.57031250 -0.13281250 0.47058824 0.60392157 0.75294118
v 0.52343750 0.27343750 -0.00781250 0.47058824 0.60392157 0.75294118
v 0.50781250 0.27343750 0.03906250 0.47058824 0.60392157 0.75294118
v 0.49218750 0.39843750 -0.00781250 0.47058824 0.60392157 0.75294118
v 0.41406250 0.50781250 -0.05468750 0.47058824 0.60392157 0.75294118
v 0.42968750 0.50781250 -0.00781250 0.47058824 0.60392157 0.75294118
v 0.32031250 0.60156250 -0.05468750 0.47058824 0.60392157 0.75294118
v 0.32031250 0.58593750 -0.10156250 0.47058824 0.60392157 0.75294118
v 0.47656250 0.39843750 0.03906250 0.47058824 0.60392157 0.75294118
v 0.49218750 0.27343750 0.07031250 0.47058824 0.60392157 0.75294118
v 0.46093750 0.39843750 0.07031250 0.47058824 0.60392157 0.75294118
v 0.41406250 0.50781250 0.03906250 0.47058824 0.60392157 0.75294118
v 0.28906250 0.53906250 -0.14843750 0.47058824 0.60392157 0.75294118
v 0.17968750 0.58593750 -0.14843750 0.47058824 0.60392157 0.75294118
v 0.17968750 0.08593750 0.16406250 0.47058824 0.60392157 0.75294118
v 0.14843750 0.08593750 0.16406250 0.47058824 0.60392157 0.75294118
v 0.16406250 0.11718750 0.16406250 0.47058824 0.60392157 0.75294118
v 0.21093750 0.14843750 0.16406250 0.47058824 0.60392157 0.75294118
v 0.28906250 0.11718750 0.14843750 0.47058824 0.60392157 0.75294118
v 0.22656250 0.21093750 0.16406250 0.47058824 0.60392157 0.75294118
v 0.30468750 0.19531250 0.14843750 0.47058824 0.60392157 0.75294118
v 0.50781250 0.14843750 0.07031250 0.47058824 0.60392157 0.75294118
v 0.50781250 0.25781250 0.16406250 0.47058824 0.60392157 0.75294118
v 0.41406250 0.14843750 0.10156250 0.47058824 0.60392157 0.75294118
v 0.38281250 0.25781250 0.08593750 0.47058824 0.60392157 0.75294118
v 0.42968750 0.25781250 0.08593750 0.47058824 0.60392157 0.75294118
v 0.47656250 0.25781250 0.08593750 0.47058824 0.60392157 0.75294118
v 0.49218750 0.25781250 0.11718750 0.47058824 0.60392157 0.75294118
v 0.11718750 0.10156250 0.21093750 0.47058824 0.60392157 0.75294118
v 0.14843750 0.11718750 0.21093750 0.47058824 0.60392157 0.75294118
v 0.08593750 0.11718750 0.21093750 0.47058824 0.60392157 0.75294118
v 0.05468750 0.16406250 0.19531250 0.47058824 0.60392157 0.75294118
v 0.08593750 0.16406250 0.22656250 0.47058824 0.60392157 0.75294118
v 0.10156250 0.16406250 0.24218750 0.47058824 0.60392157 0.75294118
v 0.11718750 0.16406250 0.24218750 0.47058824 0.60392157 0.75294118
v 0.11718750 0.08593750 0.11718750 0.47058824 0.60392157 0.75294118
v 0.11718750 0.08593750 0.14843750 0.47058824 0.60392157 0.75294118
v 0.14843750 0.10156250 0.14843750 0.47058824 0.60392157 0.75294118
v 0.14843750 0.10156250 0.11718750 0.47058824 0.60392157 0.75294118
v 0.11718750 0.11718750 0.07031250 0.47058824 0.60392157 0.75294118
v 0.10156250 0.11718750 0.07031250 0.47058824 0.60392157 0.75294118
v 0.08593750 0.10156250 0.11718750 0.47058824 0.60392157 0.75294118
v 0.08593750 0.10156250 0.14843750 0.47058824 0.60392157 0.75294118
v 0.07031250 0.11718750 0.11718750 0.47058824 0.60392157 0.75294118
v 0.07031250 0.11718750 0.14843750 0.47058824 0.60392157 0.75294118
v 0.08593750 0.10156250 0.17968750 0.47058824 0.60392157 0.75294118
v 0.11718750 0.10156250 0.17968750 0.47058824 0.60392157 0.75294118
v 0.14843750 0.10156250 0.17968750 0.47058824 0.60392157 0.75294118
v 0.16406250 0.14843750 0.17968750 0.47058824 0.60392157 0.75294118
v 0.16406250 0.13281250 0.19531250 0.47058824 0.60392157 0.75294118
v 0.14843750 0.16406250 0.22656250 0.47058824 0.60392157 0.75294118
v 0.16406250 0.17968750 0.22656250 0.47058824 0.60392157 0.75294118
v 0.17968750 0.16406250 0.19531250 0.47058824 0.60392157 0.75294118
v 0.08593750 0.13281250 0.08593750 0.47058824 0.60392157 0.75294118
v 0.07031250 0.14843750 0.08593750 0.47058824 0.60392157 0.75294118
v 0.05468750 0.14843750 0.11718750 0.47058824 0.60392157 0.75294118
v 0.05468750 0.14843750 0.14843750 0.47058824 0.60392157 0.75294118
v 0.07031250 0.11718750 0.17968750 0.47058824 0.60392157 0.75294118
v 0.13281250 0.16406250 0.24218750 0.47058824 0.60392157 0.75294118
v 0.17968750 0.13281250 0.14843750 0.47058824 0.60392157 0.75294118
v 0.17968750 0.21093750 0.17968750 0.47058824 0.60392157 0.75294118
v 0.19531250 0.21093750 0.14843750 0.47058824 0.60392157 0.75294118
v 0.17968750 0.13281250 0.11718750 0.47058824 0.60392157 0.75294118
v 0.13281250 0.11718750 0.07031250 0.47058824 0.60392157 0.75294118
v 0.16406250 0.14843750 0.07031250 0.47058824 0.60392157 0.75294118
v 0.11718750 0.14843750 0.05468750 0.47058824 0.60392157 0.75294118
v 0.10156250 0.14843750 0.05468750 0.47058824 0.60392157 0.75294118
v 0.05468750 0.21093750 0.08593750 0.47058824 0.60392157 0.75294118
v 0.03906250 0.21093750 0.11718750 0.47058824 0.60392157 0.75294118
v 0.05468750 0.14843750 0.17968750 0.47058824 0.60392157 0.75294118
v 0.03906250 0.21093750 0.14843750 0.47058824 0.60392157 0.75294118
v 0.19531250 0.14843750 0.16406250 0.47058824 0.60392157 0.75294118
v 0.19531250 0.21093750 0.19531250 0.47058824 0.60392157 0.75294118
v 0.21093750 0.21093750 0.16406250 0.47058824 0.60392157 0.75294118
v 0.19531250 0.21093750 0.11718750 0.47058824 0.60392157 0.75294118
v 0.19531250 0.28906250 0.14843750 0.47058824 0.60392157 0.75294118
v 0.19531250 0.28906250 0.11718750 0.47058824 0.60392157 0.75294118
v 0.17968750 0.21093750 0.07031250 0.47058824 0.60392157 0.75294118
v 0.05468750 0.21093750 0.19531250 0.47058824 0.60392157 0.75294118
v 0.07031250 0.21093750 0.22656250 0.47058824 0.60392157 0.75294118
v 0.03906250 0.28906250 0.11718750 0.47058824 0.60392157 0.75294118
v 0.03906250 0.28906250 0.14843750 0.47058824 0.60392157 0.75294118
v 0.13281250 0.16406250 0.05468750 0.47058824 0.60392157 0.75294118
v 0.14843750 0.21093750 0.05468750 0.47058824 0.60392157 0.75294118
v 0.32031250 0.33593750 0.08593750 0.47058824 0.60392157 0.75294118
v 0.28906250 0.30468750 0.13281250 0.47058824 0.60392157 0.75294118
v 0.35156250 0.35156250 0.07031250 0.47058824 0.60392157 0.75294118
v 0.46093750 0.27343750 0.10156250 0.47058824 0.60392157 0.75294118
v 0.42968750 0.36718750 0.08593750 0.47058824 0.60392157 0.75294118
v 0.47656250 0.36718750 0.13281250 0.47058824 0.60392157 0.75294118
v 0.49218750 0.36718750 0.16406250 0.47058824 0.60392157 0.75294118
v 0.52343750 0.38281250 0.19531250 0.47058824 0.60392157 0.75294118
v 0.16406250 0.21093750 0.22656250 0.47058824 0.60392157 0.75294118
v 0.13281250 0.22656250 0.24218750 0.47058824 0.60392157 0.75294118
v 0.16406250 0.25781250 0.22656250 0.47058824 0.60392157 0.75294118
v 0.13281250 0.25781250 0.24218750 0.47058824 0.60392157 0.75294118
v 0.16406250 0.28906250 0.22656250 0.47058824 0.60392157 0.75294118
v 0.11718750 0.27343750 0.24218750 0.47058824 0.60392157 0.75294118
v 0.11718750 0.22656250 0.24218750 0.47058824 0.60392157 0.75294118
v 0.13281250 0.17968750 0.24218750 0.47058824 0.60392157 0.75294118
v 0.21093750 0.25781250 0.14843750 0.47058824 0.60392157 0.75294118
v 0.21093750 0.25781250 0.16406250 0.47058824 0.60392157 0.75294118
v 0.21093750 0.32031250 0.14843750 0.47058824 0.60392157 0.75294118
v 0.05468750 0.25781250 0.08593750 0.47058824 0.60392157 0.75294118
v 0.07031250 0.32031250 0.08593750 0.47058824 0.60392157 0.75294118
v 0.05468750 0.28906250 0.17968750 0.47058824 0.60392157 0.75294118
v 0.05468750 0.33593750 0.14843750 0.47058824 0.60392157 0.75294118
v 0.07031250 0.33593750 0.17968750 0.47058824 0.60392157 0.75294118
v 0.05468750 0.27343750 0.19531250 0.47058824 0.60392157 0.75294118
v 0.07031250 0.30468750 0.21093750 0.47058824 0.60392157 0.75294118
v 0.07031250 0.25781250 0.22656250 0.47058824 0.60392157 0.75294118
v 0.17968750 0.27343750 0.07031250 0.47058824 0.60392157 0.75294118
v 0.16406250 0.33593750 0.11718750 0.47058824 0.60392157 0.75294118
v 0.14843750 0.32031250 0.07031250 0.47058824 0.60392157 0.75294118
v 0.14843750 0.25781250 0.05468750 0.47058824 0.60392157 0.75294118
v 0.17968750 0.28906250 0.17968750 0.47058824 0.60392157 0.75294118
v 0.16406250 0.33593750 0.17968750 0.47058824 0.60392157 0.75294118
v 0.19531250 0.25781250 0.19531250 0.47058824 0.60392157 0.75294118
v 0.17968750 0.30468750 0.19531250 0.47058824 0.60392157 0.75294118
v 0.10156250 0.22656250 0.24218750 0.47058824 0.60392157 0.75294118
v 0.10156250 0.27343750 0.24218750 0.47058824 0.60392157 0.75294118
v 0.11718750 0.32031250 0.22656250 0.47058824 0.60392157 0.75294118
v 0.14843750 0.30468750 0.22656250 0.47058824 0.60392157 0.75294118
v 0.10156250 0.24218750 0.24218750 0.47058824 0.60392157 0.75294118
v 0.08593750 0.35156250 0.19531250 0.47058824 0.60392157 0.75294118
v 0.08593750 0.32031250 0.22656250 0.47058824 0.60392157 0.75294118
v 0.08593750 0.27343750 0.24218750 0.47058824 0.60392157 0.75294118
v 0.13281250 0.36718750 0.11718750 0.47058824 0.60392157 0.75294118
v 0.13281250 0.33593750 0.07031250 0.47058824 0.60392157 0.75294118
v 0.13281250 0.30468750 0.05468750 0.47058824 0.60392157 0.75294118
v 0.19531250 0.30468750 0.16406250 0.47058824 0.60392157 0.75294118
v 0.16406250 0.33593750 0.19531250 0.47058824 0.60392157 0.75294118
v 0.16406250 0.33593750 0.16406250 0.47058824 0.60392157 0.75294118
v 0.17968750 0.35156250 0.14843750 0.47058824 0.60392157 0.75294118
v 0.38281250 0.36718750 0.07031250 0.47058824 0.60392157 0.75294118
v 0.33593750 0.44531250 0.07031250 0.47058824 0.60392157 0.75294118
v 0.35156250 0.46093750 0.07031250 0.47058824 0.60392157 0.75294118
v 0.42968750 0.47656250 0.13281250 0.47058824 0.60392157 0.75294118
v 0.44531250 0.49218750 0.16406250 0.47058824 0.60392157 0.75294118
v 0.10156250 0.35156250 0.19531250 0.47058824 0.60392157 0.75294118
v 0.05468750 0.33593750 0.11718750 0.47058824 0.60392157 0.75294118
v 0.08593750 0.33593750 0.08593750 0.47058824 0.60392157 0.75294118
v 0.08593750 0.36718750 0.11718750 0.47058824 0.60392157 0.75294118
v 0.13281250 0.35156250 0.19531250 0.47058824 0.60392157 0.75294118
v 0.16406250 0.33593750 0.14843750 0.47058824 0.60392157 0.75294118
v 0.13281250 0.35156250 0.17968750 0.47058824 0.60392157 0.75294118
v 0.13281250 0.36718750 0.14843750 0.47058824 0.60392157 0.75294118
v 0.10156250 0.33593750 0.07031250 0.47058824 0.60392157 0.75294118
v 0.08593750 0.30468750 0.07031250 0.47058824 0.60392157 0.75294118
v 0.10156250 0.30468750 0.05468750 0.47058824 0.60392157 0.75294118
v 0.11718750 0.30468750 0.05468750 0.47058824 0.60392157 0.75294118
v 0.10156250 0.36718750 0.11718750 0.47058824 0.60392157 0.75294118
v 0.24218750 0.38281250 0.13281250 0.47058824 0.60392157 0.75294118
v 0.19531250 0.42968750 0.13281250 0.47058824 0.60392157 0.75294118
v 0.28906250 0.39843750 0.08593750 0.47058824 0.60392157 0.75294118
v 0.07031250 0.35156250 0.17968750 0.47058824 0.60392157 0.75294118
v 0.08593750 0.36718750 0.16406250 0.47058824 0.60392157 0.75294118
v 0.10156250 0.36718750 0.16406250 0.47058824 0.60392157 0.75294118
v 0.10156250 0.38281250 0.16406250 0.47058824 0.60392157 0.75294118
v 0.13281250 0.36718750 0.16406250 0.47058824 0.60392157 0.75294118
v 0.08593750 0.36718750 0.14843750 0.47058824 0.60392157 0.75294118
v 0.10156250 0.36718750 0.14843750 0.47058824 0.60392157 0.75294118
v 0.08593750 0.35156250 0.17968750 0.47058824 0.60392157 0.75294118
v 0.10156250 0.38281250 0.14843750 0.47058824 0.60392157 0.75294118
v 0.14843750 0.38281250 0.14843750 0.47058824 0.60392157 0.75294118
v 0.22656250 0.46093750 0.08593750 0.47058824 0.60392157 0.75294118
v 0.30468750 0.42968750 0.07031250 0.47058824 0.60392157 0.75294118
v 0.10156250 0.36718750 0.17968750 0.47058824 0.60392157 0.75294118
v 0.10156250 0.35156250 0.17968750 0.47058824 0.60392157 0.75294118
v 0.13281250 0.39843750 0.14843750 0.47058824 0.60392157 0.75294118
v 0.13281250 0.46093750 0.13281250 0.47058824 0.60392157 0.75294118
v 0.25781250 0.50781250 0.07031250 0.47058824 0.60392157 0.75294118
v 0.28906250 0.53906250 0.07031250 0.47058824 0.60392157 0.75294118
v 0.39843750 0.49218750 0.05468750 0.47058824 0.60392157 0.75294118
v 0.32031250 0.57031250 0.05468750 0.47058824 0.60392157 0.75294118
v 0.33593750 0.58593750 0.03906250 0.47058824 0.60392157 0.75294118
v 0.33593750 0.55468750 0.08593750 0.47058824 0.60392157 0.75294118
v 0.35156250 0.57031250 0.11718750 0.47058824 0.60392157 0.75294118
v 0.49218750 0.52343750 0.19531250 0.47058824 0.60392157 0.75294118
v 0.39843750 0.61718750 0.17968750 0.47058824 0.60392157 0.75294118
v 0.44531250 0.66406250 0.19531250 0.47058824 0.60392157 0.75294118
v 0.55468750 0.57031250 0.19531250 0.47058824 0.60392157 0.75294118
v 0.61718750 0.41406250 0.21093750 0.47058824 0.60392157 0.75294118
v 0.57031250 0.39843750 0.21093750 0.47058824 0.60392157 0.75294118
v 0.08593750 0.61718750 0.05468750 0.47058824 0.60392157 0.75294118
v 0.17968750 0.55468750 0.07031250 0.47058824 0.60392157 0.75294118
v 0.19531250 0.58593750 0.05468750 0.47058824 0.60392157 0.75294118
v 0.21093750 0.61718750 0.05468750 0.47058824 0.60392157 0.75294118
v 0.24218750 0.60156250 0.02343750 0.47058824 0.60392157 0.75294118
v 0.24218750 0.61718750 0.07031250 0.47058824 0.60392157 0.75294118
v 0.36718750 0.58593750 0.16406250 0.47058824 0.60392157 0.75294118
v 0.27343750 0.66406250 0.14843750 0.47058824 0.60392157 0.75294118
v 0.28906250 0.71093750 0.16406250 0.47058824 0.60392157 0.75294118
v 0.67968750 0.27343750 -0.16406250 0.47058824 0.60392157 0.75294118
v 0.64843750 0.42968750 -0.17968750 0.47058824 0.60392157 0.75294118
v 0.58593750 0.41406250 -0.19531250 0.47058824 0.60392157 0.75294118
v 0.52343750 0.55468750 -0.19531250 0.47058824 0.60392157 0.75294118
v 0.67968750 0.44531250 -0.14843750 0.47058824 0.60392157 0.75294118
v 0.71093750 0.46093750 -0.07031250 0.47058824 0.60392157 0.75294118
v 0.60156250 0.60156250 -0.14843750 0.47058824 0.60392157 0.75294118
v 0.57031250 0.58593750 -0.19531250 0.47058824 0.60392157 0.75294118
v 0.77343750 0.27343750 -0.00781250 0.47058824 0.60392157 0.75294118
v 0.72656250 0.46093750 -0.00781250 0.47058824 0.60392157 0.75294118
v 0.46093750 0.71093750 -0.19531250 0.47058824 0.60392157 0.75294118
v 0.42968750 0.67968750 -0.21093750 0.47058824 0.60392157 0.75294118
v 0.63281250 0.61718750 -0.08593750 0.47058824 0.60392157 0.75294118
v 0.64843750 0.63281250 -0.02343750 0.47058824 0.60392157 0.75294118
v 0.50781250 0.75781250 -0.11718750 0.47058824 0.60392157 0.75294118
v 0.47656250 0.72656250 -0.16406250 0.47058824 0.60392157 0.75294118
v 0.71093750 0.47656250 0.07031250 0.47058824 0.60392157 0.75294118
v 0.69531250 0.46093750 0.13281250 0.47058824 0.60392157 0.75294118
v 0.63281250 0.61718750 0.05468750 0.47058824 0.60392157 0.75294118
v 0.69531250 0.27343750 0.19531250 0.47058824 0.60392157 0.75294118
v 0.63281250 0.44531250 0.19531250 0.47058824 0.60392157 0.75294118
v 0.64843750 0.44531250 0.19531250 0.47058824 0.60392157 0.75294118
v 0.57031250 0.58593750 0.17968750 0.47058824 0.60392157 0.75294118
v 0.46093750 0.69531250 0.17968750 0.47058824 0.60392157 0.75294118
v 0.47656250 0.72656250 0.14843750 0.47058824 0.60392157 0.75294118
v 0.60156250 0.60156250 0.14843750 0.47058824 0.60392157 0.75294118
v 0.50781250 0.75781250 0.07031250 0.47058824 0.60392157 0.75294118
v -0.38281250 0.63281250 -0.25781250 0.47058824 0.60392157 0.75294118
v -0.25781250 0.71093750 -0.25781250 0.47058824 0.60392157 0.75294118
v -0.28906250 0.77343750 -0.24218750 0.47058824 0.60392157 0.75294118
v -0.32031250 0.82031250 -0.21093750 0.47058824 0.60392157 0.75294118
v -0.49218750 0.75781250 0.02343750 0.47058824 0.60392157 0.75294118
v -0.35156250 0.86718750 -0.07031250 0.47058824 0.60392157 0.75294118
v -0.35156250 0.86718750 0.02343750 0.47058824 0.60392157 0.75294118
v -0.32031250 0.60156250 -0.05468750 0.47058824 0.60392157 0.75294118
v -0.22656250 0.64843750 -0.10156250 0.47058824 0.60392157 0.75294118
v -0.22656250 0.66406250 -0.05468750 0.47058824 0.60392157 0.75294118
v -0.22656250 0.58593750 -0.13281250 0.47058824 0.60392157 0.75294118
v -0.14843750 0.61718750 -0.13281250 0.47058824 0.60392157 0.75294118
v -0.13281250 0.66406250 -0.17968750 0.47058824 0.60392157 0.75294118
v -0.10156250 0.61718750 -0.14843750 0.47058824 0.60392157 0.75294118
v -0.00781250 0.61718750 -0.14843750 0.47058824 0.60392157 0.75294118
v 0.10156250 0.61718750 -0.14843750 0.47058824 0.60392157 0.75294118
v 0.11718750 0.67968750 -0.10156250 0.47058824 0.60392157 0.75294118
v -0.00781250 0.67968750 -0.10156250 0.47058824 0.60392157 0.75294118
v -0.11718750 0.67968750 -0.10156250 0.47058824 0.60392157 0.75294118
v 0.22656250 0.64843750 -0.10156250 0.47058824 0.60392157 0.75294118
v -0.16406250 0.61718750 -0.07031250 0.47058824 0.60392157 0.75294118
v -0.16406250 0.61718750 -0.02343750 0.47058824 0.60392157 0.75294118
v -0.08593750 0.63281250 -0.07031250 0.47058824 0.60392157 0.75294118
v -0.07031250 0.64843750 -0.13281250 0.47058824 0.60392157 0.75294118
v -0.16406250 0.63281250 0.02343750 0.47058824 0.60392157 0.75294118
v -0.16406250 0.64843750 0.05468750 0.47058824 0.60392157 0.75294118
v -0.07031250 0.66406250 0.05468750 0.47058824 0.60392157 0.75294118
v -0.08593750 0.64843750 0.02343750 0.47058824 0.60392157 0.75294118
v -0.11718750 0.69531250 -0.05468750 0.47058824 0.60392157 0.75294118
v -0.13281250 0.71093750 -0.24218750 0.47058824 0.60392157 0.75294118
v -0.00781250 0.72656250 -0.24218750 0.47058824 0.60392157 0.75294118
v -0.14843750 0.75781250 -0.25781250 0.47058824 0.60392157 0.75294118
v -0.08593750 0.64843750 -0.02343750 0.47058824 0.60392157 0.75294118
v -0.00781250 0.66406250 0.02343750 0.47058824 0.60392157 0.75294118
v -0.00781250 0.64843750 -0.02343750 0.47058824 0.60392157 0.75294118
v -0.00781250 0.64843750 -0.07031250 0.47058824 0.60392157 0.75294118
v -0.05468750 0.67968750 -0.17968750 0.47058824 0.60392157 0.75294118
v -0.00781250 0.67968750 -0.17968750 0.47058824 0.60392157 0.75294118
v -0.00781250 0.64843750 -0.13281250 0.47058824 0.60392157 0.75294118
v 0.08593750 0.63281250 -0.07031250 0.47058824 0.60392157 0.75294118
v 0.07031250 0.64843750 -0.13281250 0.47058824 0.60392157 0.75294118
v 0.08593750 0.64843750 -0.02343750 0.47058824 0.60392157 0.75294118
v 0.08593750 0.64843750 0.02343750 0.47058824 0.60392157 0.75294118
v 0.16406250 0.61718750 -0.02343750 0.47058824 0.60392157 0.75294118
v -0.11718750 0.69531250 -0.00781250 0.47058824 0.60392157 0.75294118
v -0.00781250 0.71093750 -0.05468750 0.47058824 0.60392157 0.75294118
v -0.00781250 0.71093750 -0.00781250 0.47058824 0.60392157 0.75294118
v -0.11718750 0.67968750 0.02343750 0.47058824 0.60392157 0.75294118
v -0.16406250 0.82031250 -0.24218750 0.47058824 0.60392157 0.75294118
v 0.11718750 0.69531250 -0.05468750 0.47058824 0.60392157 0.75294118
v 0.07031250 0.67968750 -0.17968750 0.47058824 0.60392157 0.75294118
v 0.14843750 0.61718750 -0.13281250 0.47058824 0.60392157 0.75294118
v 0.13281250 0.66406250 -0.17968750 0.47058824 0.60392157 0.75294118
v 0.11718750 0.69531250 -0.00781250 0.47058824 0.60392157 0.75294118
v 0.22656250 0.66406250 -0.00781250 0.47058824 0.60392157 0.75294118
v 0.22656250 0.64843750 0.02343750 0.47058824 0.60392157 0.75294118
v 0.11718750 0.67968750 0.02343750 0.47058824 0.60392157 0.75294118
v -0.00781250 0.69531250 0.02343750 0.47058824 0.60392157 0.75294118
v 0.10156250 0.66406250 0.05468750 0.47058824 0.60392157 0.75294118
v -0.00781250 0.67968750 0.05468750 0.47058824 0.60392157 0.75294118
v -0.10156250 0.66406250 0.05468750 0.47058824 0.60392157 0.75294118
v -0.00781250 0.77343750 -0.25781250 0.47058824 0.60392157 0.75294118
v 0.13281250 0.71093750 -0.22656250 0.47058824 0.60392157 0.75294118
v 0.14843750 0.75781250 -0.24218750 0.47058824 0.60392157 0.75294118
v -0.00781250 0.83593750 -0.24218750 0.47058824 0.60392157 0.75294118
v 0.22656250 0.58593750 -0.13281250 0.47058824 0.60392157 0.75294118
v 0.24218750 0.61718750 -0.17968750 0.47058824 0.60392157 0.75294118
v -0.33593750 0.85156250 -0.14843750 0.47058824 0.60392157 0.75294118
v -0.16406250 0.86718750 -0.21093750 0.47058824 0.60392157 0.75294118
v -0.17968750 0.91406250 -0.14843750 0.47058824 0.60392157 0.75294118
v -0.00781250 0.88281250 -0.21093750 0.47058824 0.60392157 0.75294118
v 0.16406250 0.82031250 -0.22656250 0.47058824 0.60392157 0.75294118
v 0.27343750 0.71093750 -0.22656250 0.47058824 0.60392157 0.75294118
v 0.30468750 0.77343750 -0.22656250 0.47058824 0.60392157 0.75294118
v 0.17968750 0.86718750 -0.19531250 0.47058824 0.60392157 0.75294118
v -0.17968750 0.92968750 -0.07031250 0.47058824 0.60392157 0.75294118
v -0.00781250 0.92968750 -0.14843750 0.47058824 0.60392157 0.75294118
v -0.00781250 0.94531250 -0.08593750 0.47058824 0.60392157 0.75294118
v -0.17968750 0.92968750 0.00781250 0.47058824 0.60392157 0.75294118
v 0.17968750 0.91406250 -0.13281250 0.47058824 0.60392157 0.75294118
v -0.00781250 0.94531250 0.00781250 0.47058824 0.60392157 0.75294118
v 0.17968750 0.92968750 -0.07031250 0.47058824 0.60392157 0.75294118
v 0.17968750 0.92968750 0.00781250 0.47058824 0.60392157 0.75294118
v -0.00781250 0.92968750 0.07031250 0.47058824 0.60392157 0.75294118
v -0.17968750 0.91406250 0.07031250 0.47058824 0.60392157 0.75294118
v 0.33593750 0.82031250 -0.17968750 0.47058824 0.60392157 0.75294118
v 0.35156250 0.85156250 -0.11718750 0.47058824 0.60392157 0.75294118
v -0.00781250 0.61718750 0.05468750 0.47058824 0.60392157 0.75294118
v -0.24218750 0.61718750 0.07031250 0.47058824 0.60392157 0.75294118
v -0.16406250 0.67968750 0.11718750 0.47058824 0.60392157 0.75294118
v -0.21093750 0.61718750 0.05468750 0.47058824 0.60392157 0.75294118
v -0.10156250 0.64843750 0.05468750 0.47058824 0.60392157 0.75294118
v -0.00781250 0.64843750 0.05468750 0.47058824 0.60392157 0.75294118
v 0.10156250 0.64843750 0.05468750 0.47058824 0.60392157 0.75294118
v -0.17968750 0.74218750 0.14843750 0.47058824 0.60392157 0.75294118
v -0.17968750 0.78906250 0.14843750 0.47058824 0.60392157 0.75294118
v -0.05468750 0.82031250 0.16406250 0.47058824 0.60392157 0.75294118
v -0.05468750 0.77343750 0.14843750 0.47058824 0.60392157 0.75294118
v -0.07031250 0.71093750 0.11718750 0.47058824 0.60392157 0.75294118
v 0.07031250 0.77343750 0.14843750 0.47058824 0.60392157 0.75294118
v 0.07031250 0.71093750 0.11718750 0.47058824 0.60392157 0.75294118
v 0.07031250 0.66406250 0.05468750 0.47058824 0.60392157 0.75294118
v -0.16406250 0.66406250 0.05468750 0.47058824 0.60392157 0.75294118
v 0.16406250 0.64843750 0.05468750 0.47058824 0.60392157 0.75294118
v 0.16406250 0.63281250 0.02343750 0.47058824 0.60392157 0.75294118
v -0.32031250 0.75781250 0.14843750 0.47058824 0.60392157 0.75294118
v -0.32031250 0.78906250 0.13281250 0.47058824 0.60392157 0.75294118
v -0.32031250 0.83593750 0.08593750 0.47058824 0.60392157 0.75294118
v 0.07031250 0.82031250 0.16406250 0.47058824 0.60392157 0.75294118
v 0.07031250 0.86718750 0.14843750 0.47058824 0.60392157 0.75294118
v 0.19531250 0.85156250 0.14843750 0.47058824 0.60392157 0.75294118
v 0.17968750 0.78906250 0.16406250 0.47058824 0.60392157 0.75294118
v -0.17968750 0.83593750 0.13281250 0.47058824 0.60392157 0.75294118
v -0.05468750 0.86718750 0.14843750 0.47058824 0.60392157 0.75294118
v 0.17968750 0.91406250 0.07031250 0.47058824 0.60392157 0.75294118
v 0.35156250 0.86718750 -0.05468750 0.47058824 0.60392157 0.75294118
v 0.35156250 0.86718750 0.02343750 0.47058824 0.60392157 0.75294118
v 0.33593750 0.60156250 -0.00781250 0.47058824 0.60392157 0.75294118
v 0.22656250 0.66406250 -0.05468750 0.47058824 0.60392157 0.75294118
v 0.36718750 0.61718750 -0.19531250 0.47058824 0.60392157 0.75294118
v 0.24218750 0.66406250 -0.21093750 0.47058824 0.60392157 0.75294118
v 0.24218750 0.57031250 -0.07031250 0.47058824 0.60392157 0.75294118
v 0.16406250 0.61718750 -0.07031250 0.47058824 0.60392157 0.75294118
v 0.24218750 0.58593750 -0.00781250 0.47058824 0.60392157 0.75294118
v 0.52343750 0.75781250 -0.02343750 0.47058824 0.60392157 0.75294118
v 0.25781250 0.63281250 0.11718750 0.47058824 0.60392157 0.75294118
v 0.16406250 0.67968750 0.11718750 0.47058824 0.60392157 0.75294118
v 0.17968750 0.74218750 0.14843750 0.47058824 0.60392157 0.75294118
v 0.30468750 0.74218750 0.16406250 0.47058824 0.60392157 0.75294118
v 0.33593750 0.80468750 0.14843750 0.47058824 0.60392157 0.75294118
v 0.33593750 0.85156250 0.08593750 0.47058824 0.60392157 0.75294118
f 1 2 3
f 1 3 4
f 1 4 5
f 1 5 6
f 1 6 7
f 1 7 2
f 8 2 7
f 8 7 9
f 8 9 10
f 8 10 11
f 8 11 12
f 8 12 2
f 13 2 12
f 13 12 14
f 13 14 15
f 13 15 16
f 13 16 3
f 13 3 2
f 17 7 6
f 17 6 18
f 17 18 19
f 17 19 20
f 17 20 9
f 17 9 7
f 21 9 20
f 21 20 22
f 21 22 23
f 21 23 24
f 21 24 10
f 21 10 9
f 25 10 24
f 25 24 26
f 25 26 27
f 25 27 28
f 25 28 11
f 25 11 10
f 29 24 23
f 29 23 30
f 29 30 31
f 29 31 32
f 29 32 26
f 29 26 24
f 33 3 16
f 33 16 34
f 33 34 35
f 33 35 36
f 33 36 4
f 33 4 3
f 37 15 14
f 37 14 38
f 37 38 39
f 37 39 40
f 37 40 41
f 37 41 15
f 42 15 41
f 42 41 43
f 42 43 44
f 42 44 34
f 42 34 16
f 42 16 15
f 45 12 11
f 45 11 28
f 45 28 46
f 45 46 38
f 45 38 14
f 45 14 12
f 47 38 46
f 47 46 48
f 47 48 49
f 47 49 50
f 47 50 39
f 47 39 38
f 51 46 28
f 51 28 27
f 51 27 52
f 51 52 48
f 51 48 46
f 53 54 55
f 53 55 56
f 53 56 57
f 53 57 58
f 53 58 59
f 53 59 54
f 60 54 36
f 60 36 35
f 60 35 61
f 60 61 62
f 60 62 55
f 60 55 54
f 59 58 63
f 59 63 5
f 59 5 36
f 59 36 54
f 64 57 65
f 64 65 66
f 64 66 67
f 64 67 68
f 64 68 69
f 64 69 57
f 56 55 70
f 56 70 71
f 56 71 65
f 56 65 57
f 69 68 72
f 69 72 73
f 69 73 58
f 69 58 57
f 74 61 75
f 74 75 76
f 74 76 77
f 74 77 62
f 74 62 61
f 78 61 35
f 78 35 34
f 78 34 44
f 78 44 76
f 78 76 75
f 78 75 61
f 79 67 66
f 79 66 80
f 79 80 81
f 79 81 82
f 79 82 83
f 79 83 67
f 84 67 83
f 84 83 85
f 84 85 86
f 84 86 87
f 84 87 68
f 84 68 67
f 70 55 62
f 70 62 77
f 70 77 88
f 70 88 89
f 70 89 71
f 71 89 90
f 71 90 80
f 71 80 66
f 71 66 65
f 5 4 36
f 73 72 91
f 73 91 18
f 73 18 63
f 73 63 58
f 92 83 82
f 92 82 81
f 92 81 93
f 92 93 94
f 92 94 85
f 92 85 83
f 87 86 95
f 87 95 96
f 87 96 72
f 87 72 68
f 94 93 97
f 94 97 98
f 94 98 86
f 94 86 85
f 93 81 80
f 93 80 90
f 93 90 99
f 93 99 97
f 63 18 6
f 63 6 5
f 98 97 100
f 98 100 101
f 98 101 95
f 98 95 86
f 102 103 104
f 102 104 105
f 102 105 106
f 102 106 107
f 102 107 108
f 102 108 109
f 102 109 103
f 110 103 109
f 110 109 111
f 110 111 112
f 110 112 113
f 110 113 114
f 110 114 115
f 110 115 103
f 115 114 116
f 115 116 117
f 115 117 104
f 115 104 103
f 118 113 119
f 118 119 120
f 118 120 121
f 118 121 122
f 118 122 114
f 118 114 113
f 123 113 112
f 123 112 124
f 123 124 120
f 123 120 119
f 123 119 113
f 96 95 125
f 96 125 126
f 96 126 91
f 96 91 72
f 19 18 91
f 19 91 126
f 19 126 127
f 19 127 20
f 101 100 128
f 101 128 129
f 101 129 125
f 101 125 95
f 130 97 99
f 130 99 131
f 130 131 132
f 130 132 133
f 130 133 100
f 130 100 97
f 134 126 125
f 134 125 129
f 134 129 135
f 134 135 136
f 134 136 137
f 134 137 126
f 137 136 138
f 137 138 139
f 137 139 127
f 137 127 126
f 140 104 117
f 140 117 141
f 140 141 142
f 140 142 143
f 140 143 105
f 140 105 104
f 144 105 143
f 144 143 145
f 144 145 146
f 144 146 147
f 144 147 106
f 144 106 105
f 122 121 148
f 122 148 116
f 122 116 114
f 133 132 149
f 133 149 150
f 133 150 128
f 133 128 100
f 151 129 128
f 151 128 150
f 151 150 152
f 151 152 153
f 151 153 135
f 151 135 129
f 22 20 127
f 22 127 139
f 22 139 154
f 22 154 23
f 155 138 136
f 155 136 156
f 155 156 157
f 155 157 158
f 155 158 159
f 155 159 138
f 160 138 159
f 160 159 161
f 160 161 162
f 160 162 154
f 160 154 139
f 160 139 138
f 156 136 135
f 156 135 153
f 156 153 157
f 163 153 152
f 163 152 164
f 163 164 161
f 163 161 158
f 163 158 157
f 163 157 153
f 165 152 150
f 165 150 149
f 165 149 166
f 165 166 164
f 165 164 152
f 161 159 158
f 162 161 164
f 162 164 166
f 162 166 30
f 162 30 154
f 30 23 154
f 167 168 169
f 167 169 170
f 167 170 171
f 167 171 172
f 167 172 173
f 167 173 168
f 174 168 173
f 174 173 175
f 174 175 176
f 174 176 177
f 174 177 178
f 174 178 168
f 179 168 178
f 179 178 180
f 179 180 181
f 179 181 182
f 179 182 169
f 179 169 168
f 183 173 172
f 183 172 184
f 183 184 185
f 183 185 186
f 183 186 175
f 183 175 173
f 187 169 182
f 187 182 188
f 187 188 189
f 187 189 190
f 187 190 170
f 187 170 169
f 191 170 190
f 191 190 192
f 191 192 193
f 191 193 194
f 191 194 171
f 191 171 170
f 195 182 181
f 195 181 196
f 195 196 197
f 195 197 198
f 195 198 188
f 195 188 182
f 199 181 180
f 199 180 200
f 199 200 201
f 199 201 202
f 199 202 196
f 199 196 181
f 203 76 44
f 203 44 43
f 203 43 204
f 203 204 88
f 203 88 77
f 203 77 76
f 205 88 204
f 205 204 206
f 205 206 207
f 205 207 208
f 205 208 89
f 205 89 88
f 209 106 147
f 209 147 210
f 209 210 211
f 209 211 212
f 209 212 107
f 209 107 106
f 208 207 131
f 208 131 99
f 208 99 90
f 208 90 89
f 146 145 213
f 146 213 214
f 146 214 215
f 146 215 147
f 210 147 215
f 210 215 214
f 210 214 211
f 216 43 41
f 216 41 40
f 216 40 217
f 216 217 206
f 216 206 204
f 216 204 43
f 218 206 217
f 218 217 219
f 218 219 132
f 218 132 131
f 218 131 207
f 218 207 206
f 220 214 213
f 220 213 221
f 220 221 222
f 220 222 211
f 220 211 214
f 219 217 223
f 219 223 224
f 219 224 166
f 219 166 149
f 219 149 132
f 223 217 40
f 223 40 225
f 223 225 226
f 223 226 224
f 225 40 39
f 225 39 50
f 225 50 226
f 224 226 31
f 224 31 30
f 224 30 166
f 227 172 171
f 227 171 194
f 227 194 228
f 227 228 229
f 227 229 184
f 227 184 172
f 230 184 229
f 230 229 231
f 230 231 232
f 230 232 233
f 230 233 185
f 230 185 184
f 234 185 233
f 234 233 235
f 234 235 236
f 234 236 237
f 234 237 186
f 234 186 185
f 238 233 232
f 238 232 239
f 238 239 240
f 238 240 241
f 238 241 235
f 238 235 233
f 242 226 50
f 242 50 243
f 242 243 27
f 242 27 26
f 242 26 32
f 242 32 226
f 226 32 31
f 243 50 49
f 243 49 52
f 243 52 27
f 244 232 231
f 244 231 245
f 244 245 246
f 244 246 247
f 244 247 239
f 244 239 232
f 248 229 228
f 248 228 249
f 248 249 250
f 248 250 245
f 248 245 231
f 248 231 229
f 251 239 247
f 251 247 252
f 251 252 253
f 251 253 254
f 251 254 240
f 251 240 239
f 255 240 254
f 255 254 256
f 255 256 257
f 255 257 258
f 255 258 241
f 255 241 240
f 259 260 261
f 259 261 262
f 259 262 263
f 259 263 264
f 259 264 265
f 259 265 260
f 266 260 265
f 266 265 267
f 266 267 268
f 266 268 269
f 266 269 270
f 266 270 260
f 271 260 270
f 271 270 272
f 271 272 273
f 271 273 261
f 271 261 260
f 274 268 275
f 274 275 276
f 274 276 277
f 274 277 278
f 274 278 269
f 274 269 268
f 279 268 267
f 279 267 280
f 279 280 281
f 279 281 282
f 279 282 275
f 279 275 268
f 282 281 283
f 282 283 284
f 282 284 276
f 282 276 275
f 285 262 261
f 285 261 273
f 285 273 286
f 285 286 287
f 285 287 288
f 285 288 262
f 289 262 288
f 289 288 290
f 289 290 291
f 289 291 263
f 289 263 262
f 292 270 269
f 292 269 278
f 292 278 293
f 292 293 294
f 292 294 272
f 292 272 270
f 295 291 290
f 295 290 296
f 295 296 297
f 295 297 264
f 295 264 263
f 295 263 291
f 298 272 294
f 298 294 299
f 298 299 300
f 298 300 286
f 298 286 273
f 298 273 272
f 297 296 301
f 297 301 302
f 297 302 303
f 297 303 265
f 297 265 264
f 303 302 304
f 303 304 280
f 303 280 267
f 303 267 265
f 305 290 288
f 305 288 287
f 305 287 306
f 305 306 307
f 305 307 296
f 305 296 290
f 308 293 309
f 308 309 310
f 308 310 311
f 308 311 299
f 308 299 294
f 308 294 293
f 312 293 278
f 312 278 277
f 312 277 313
f 312 313 314
f 312 314 309
f 312 309 293
f 315 112 111
f 315 111 316
f 315 316 141
f 315 141 317
f 315 317 124
f 315 124 112
f 316 111 109
f 316 109 318
f 316 318 142
f 316 142 141
f 318 109 108
f 318 108 319
f 318 319 320
f 318 320 142
f 319 108 107
f 319 107 212
f 319 212 221
f 319 221 320
f 307 306 321
f 307 321 322
f 307 322 301
f 307 301 296
f 323 286 300
f 323 300 324
f 323 324 325
f 323 325 306
f 323 306 287
f 323 287 286
f 326 299 311
f 326 311 327
f 326 327 328
f 326 328 324
f 326 324 300
f 326 300 299
f 329 301 322
f 329 322 330
f 329 330 331
f 329 331 332
f 329 332 302
f 329 302 301
f 325 324 333
f 325 333 334
f 325 334 335
f 325 335 321
f 325 321 306
f 148 121 120
f 148 120 124
f 148 124 317
f 148 317 117
f 148 117 116
f 336 322 321
f 336 321 335
f 336 335 337
f 336 337 338
f 336 338 330
f 336 330 322
f 328 327 339
f 328 339 340
f 328 340 333
f 328 333 324
f 341 311 310
f 341 310 342
f 341 342 343
f 341 343 344
f 341 344 327
f 341 327 311
f 345 335 334
f 345 334 346
f 345 346 347
f 345 347 348
f 345 348 337
f 345 337 335
f 349 334 333
f 349 333 340
f 349 340 350
f 349 350 351
f 349 351 352
f 349 352 346
f 349 346 334
f 344 343 353
f 344 353 354
f 344 354 339
f 344 339 327
f 355 337 348
f 355 348 356
f 355 356 357
f 355 357 358
f 355 358 338
f 355 338 337
f 352 351 359
f 352 359 347
f 352 347 346
f 360 340 339
f 360 339 354
f 360 354 361
f 360 361 362
f 360 362 350
f 360 350 340
f 359 351 363
f 359 363 356
f 359 356 348
f 359 348 347
f 363 351 350
f 363 350 362
f 363 362 357
f 363 357 356
f 364 357 362
f 364 362 361
f 364 361 365
f 364 365 366
f 364 366 358
f 364 358 357
f 367 178 177
f 367 177 368
f 367 368 369
f 367 369 200
f 367 200 180
f 367 180 178
f 370 177 176
f 370 176 371
f 370 371 372
f 370 372 373
f 370 373 368
f 370 368 177
f 284 283 313
f 284 313 277
f 284 277 276
f 374 313 283
f 374 283 375
f 374 375 376
f 374 376 377
f 374 377 314
f 374 314 313
f 378 280 304
f 378 304 379
f 378 379 380
f 378 380 375
f 378 375 281
f 378 281 280
f 375 283 281
f 381 314 377
f 381 377 382
f 381 382 342
f 381 342 310
f 381 310 309
f 381 309 314
f 332 331 383
f 332 383 379
f 332 379 304
f 332 304 302
f 380 379 384
f 380 384 385
f 380 385 376
f 380 376 375
f 385 384 386
f 385 386 382
f 385 382 377
f 385 377 376
f 222 221 212
f 222 212 211
f 383 331 387
f 383 387 388
f 383 388 384
f 383 384 379
f 389 330 338
f 389 338 358
f 389 358 366
f 389 366 387
f 389 387 331
f 389 331 330
f 388 387 390
f 388 390 391
f 388 391 392
f 388 392 386
f 388 386 384
f 390 387 366
f 390 366 365
f 390 365 391
f 393 386 392
f 393 392 394
f 393 394 395
f 393 395 343
f 393 343 342
f 393 342 382
f 393 382 386
f 396 391 365
f 396 365 361
f 396 361 397
f 396 397 394
f 396 394 392
f 396 392 391
f 398 175 186
f 398 186 237
f 398 237 399
f 398 399 371
f 398 371 176
f 398 176 175
f 400 235 241
f 400 241 258
f 400 258 401
f 400 401 402
f 400 402 236
f 400 236 235
f 403 237 236
f 403 236 402
f 403 402 404
f 403 404 405
f 403 405 399
f 403 399 237
f 397 361 354
f 397 354 353
f 397 353 395
f 397 395 394
f 353 343 395
f 406 407 408
f 406 408 409
f 406 409 410
f 406 410 193
f 406 193 192
f 406 192 407
f 411 407 412
f 411 412 413
f 411 413 414
f 411 414 415
f 411 415 408
f 411 408 407
f 416 407 192
f 416 192 190
f 416 190 189
f 416 189 417
f 416 417 412
f 416 412 407
f 413 412 418
f 413 418 419
f 413 419 420
f 413 420 421
f 413 421 422
f 413 422 414
f 417 189 423
f 417 423 424
f 417 424 419
f 417 419 418
f 417 418 412
f 425 408 415
f 425 415 426
f 425 426 427
f 425 427 428
f 425 428 409
f 425 409 408
f 429 420 430
f 429 430 431
f 429 431 432
f 429 432 433
f 429 433 421
f 429 421 420
f 434 420 419
f 434 419 424
f 434 424 435
f 434 435 436
f 434 436 430
f 434 430 420
f 437 415 414
f 437 414 438
f 437 438 439
f 437 439 440
f 437 440 426
f 437 426 415
f 438 414 422
f 438 422 433
f 438 433 441
f 438 441 439
f 433 422 421
f 48 52 49
f 442 410 409
f 442 409 428
f 442 428 443
f 442 443 444
f 442 444 445
f 442 445 410
f 446 410 445
f 446 445 249
f 446 249 228
f 446 228 194
f 446 194 193
f 446 193 410
f 447 445 444
f 447 444 448
f 447 448 449
f 447 449 250
f 447 250 249
f 447 249 445
f 450 444 443
f 450 443 451
f 450 451 452
f 450 452 453
f 450 453 448
f 450 448 444
f 454 428 427
f 454 427 455
f 454 455 456
f 454 456 457
f 454 457 451
f 454 451 443
f 454 443 428
f 458 451 457
f 458 457 459
f 458 459 460
f 458 460 461
f 458 461 452
f 458 452 451
f 462 196 202
f 462 202 463
f 462 463 464
f 462 464 465
f 462 465 197
f 462 197 196
f 423 189 188
f 423 188 198
f 423 198 466
f 423 466 424
f 467 197 465
f 467 465 468
f 467 468 469
f 467 469 466
f 467 466 198
f 467 198 197
f 470 465 464
f 470 464 471
f 470 471 472
f 470 472 473
f 470 473 468
f 470 468 465
f 317 141 117
f 317 464 463
f 317 463 474
f 317 474 475
f 317 475 476
f 317 476 471
f 317 471 464
f 435 424 466
f 435 466 469
f 435 469 477
f 435 477 436
f 320 221 213
f 320 213 145
f 320 145 143
f 320 143 142
f 478 471 476
f 478 476 479
f 478 479 480
f 478 480 481
f 478 481 472
f 478 472 471
f 484 483 482
f 485 484 482
f 486 485 482
f 487 486 482
f 488 487 482
f 483 488 482
f 488 483 489
f 490 488 489
f 491 490 489
f 492 491 489
f 493 492 489
f 483 493 489
f 493 483 494
f 495 493 494
f 496 495 494
f 497 496 494
f 484 497 494
f 483 484 494
f 498 468 473
f 498 473 499
f 498 499 500
f 498 500 477
f 498 477 469
f 498 469 468
f 487 488 501
f 502 487 501
f 503 502 501
f 504 503 501
f 490 504 501
f 488 490 501
f 506 486 505
f 507 506 505
f 508 507 505
f 502 508 505
f 487 502 505
f 486 487 505
f 485 486 509
f 510 485 509
f 511 510 509
f 512 511 509
f 506 512 509
f 486 506 509
f 490 491 513
f 504 490 513
f 514 504 513
f 515 514 513
f 516 515 513
f 491 516 513
f 516 491 517
f 518 516 517
f 519 518 517
f 520 519 517
f 492 520 517
f 491 492 517
f 521 473 472
f 521 472 481
f 521 481 522
f 521 522 523
f 521 523 499
f 521 499 473
f 524 481 480
f 524 480 525
f 524 525 526
f 524 526 527
f 524 527 522
f 524 522 481
f 512 506 528
f 529 512 528
f 530 529 528
f 531 530 528
f 507 531 528
f 506 507 528
f 532 480 479
f 532 479 533
f 532 533 534
f 532 534 535
f 532 535 525
f 532 525 480
f 536 477 500
f 536 500 537
f 536 537 538
f 536 538 539
f 536 539 436
f 536 436 477
f 540 525 535
f 540 535 541
f 540 541 542
f 540 542 543
f 540 543 526
f 540 526 525
f 544 499 523
f 544 523 545
f 544 545 546
f 544 546 537
f 544 537 500
f 544 500 499
f 547 522 527
f 547 527 548
f 547 548 549
f 547 549 545
f 547 545 523
f 547 523 522
f 515 516 550
f 551 515 550
f 552 551 550
f 553 552 550
f 518 553 550
f 516 518 550
f 508 502 554
f 555 508 554
f 556 555 554
f 557 556 554
f 503 557 554
f 502 503 554
f 531 507 558
f 559 531 558
f 560 559 558
f 555 560 558
f 508 555 558
f 507 508 558
f 539 538 561
f 539 561 431
f 539 431 430
f 539 430 436
f 503 504 562
f 557 503 562
f 563 557 562
f 564 563 562
f 514 564 562
f 504 514 562
f 565 537 546
f 565 546 566
f 565 566 567
f 565 567 568
f 565 568 538
f 565 538 537
f 530 531 569
f 530 569 570
f 530 570 571
f 530 571 529
f 572 529 530
f 573 572 530
f 574 573 530
f 531 574 530
f 574 531 575
f 576 574 575
f 577 576 575
f 578 577 575
f 555 578 575
f 558 555 575
f 531 558 575
f 569 531 559
f 579 569 559
f 580 579 559
f 560 580 559
f 514 515 581
f 564 514 581
f 582 564 581
f 583 582 581
f 551 583 581
f 515 551 581
f 584 577 578
f 585 584 578
f 556 585 578
f 555 556 578
f 560 555 556
f 586 560 556
f 587 586 556
f 557 587 556
f 573 574 588
f 589 573 588
f 590 589 588
f 576 590 588
f 574 576 588
f 572 573 591
f 592 572 591
f 590 592 591
f 589 590 591
f 573 589 591
f 568 567 593
f 568 593 594
f 568 594 561
f 568 561 538
f 585 556 587
f 595 585 587
f 596 595 587
f 563 596 587
f 557 563 587
f 597 579 580
f 598 597 580
f 599 598 580
f 586 599 580
f 560 586 580
f 599 601 600
f 602 599 600
f 603 602 600
f 604 603 600
f 587 604 600
f 586 587 600
f 605 254 253
f 605 253 606
f 605 606 607
f 605 607 608
f 605 608 256
f 605 256 254
f 609 247 246
f 609 246 610
f 609 610 611
f 609 611 612
f 609 612 252
f 609 252 247
f 449 448 610
f 449 610 246
f 449 246 245
f 449 245 250
f 613 253 252
f 613 252 612
f 613 612 614
f 613 614 615
f 613 615 606
f 613 606 253
f 616 607 606
f 616 606 615
f 616 615 617
f 616 617 618
f 616 618 619
f 616 619 607
f 620 607 619
f 620 619 621
f 620 621 622
f 620 622 623
f 620 623 608
f 620 608 607
f 624 612 611
f 624 611 625
f 624 625 626
f 624 626 627
f 624 627 614
f 624 614 612
f 492 493 628
f 520 492 628
f 629 520 628
f 630 629 628
f 495 630 628
f 493 495 628
f 453 452 625
f 453 625 611
f 453 611 610
f 453 610 448
f 631 619 618
f 631 618 632
f 631 632 633
f 631 633 634
f 631 634 621
f 631 621 619
f 635 615 614
f 635 614 627
f 635 627 636
f 635 636 637
f 635 637 617
f 635 617 615
f 519 520 638
f 639 519 638
f 640 639 638
f 641 640 638
f 629 641 638
f 520 629 638
f 642 640 641
f 643 642 641
f 644 643 641
f 629 644 641
f 645 643 644
f 646 645 644
f 630 646 644
f 629 630 644
f 647 617 637
f 647 637 648
f 647 648 649
f 647 649 632
f 647 632 618
f 647 618 617
f 518 519 650
f 553 518 650
f 651 553 650
f 652 651 650
f 639 652 650
f 519 639 650
f 639 640 653
f 652 639 653
f 654 652 653
f 655 654 653
f 656 655 653
f 640 656 653
f 657 655 656
f 658 657 656
f 642 658 656
f 640 642 656
f 543 542 633
f 543 633 632
f 543 632 649
f 543 649 526
f 541 535 659
f 541 659 634
f 541 634 633
f 541 633 542
f 649 648 527
f 649 527 526
f 658 642 660
f 661 658 660
f 662 661 660
f 663 662 660
f 643 663 660
f 642 643 660
f 648 637 664
f 648 664 548
f 648 548 649
f 664 637 636
f 664 636 665
f 664 665 666
f 664 666 549
f 664 549 548
f 665 636 627
f 665 627 626
f 665 626 461
f 665 461 667
f 665 667 666
f 669 655 668
f 670 669 668
f 671 670 668
f 657 671 668
f 655 657 668
f 672 652 654
f 673 672 654
f 669 673 654
f 655 669 654
f 671 657 674
f 579 671 674
f 675 579 674
f 676 675 674
f 658 676 674
f 657 658 674
f 677 675 676
f 678 677 676
f 679 678 676
f 661 679 676
f 658 661 676
f 666 667 680
f 666 680 566
f 666 566 546
f 666 546 545
f 666 545 549
f 452 461 626
f 452 626 625
f 681 553 651
f 682 681 651
f 672 682 651
f 652 672 651
f 683 674 676
f 684 683 676
f 685 684 676
f 679 685 676
f 671 674 686
f 670 671 686
f 687 670 686
f 688 687 686
f 689 688 686
f 683 689 686
f 674 683 686
f 673 669 690
f 691 673 690
f 692 691 690
f 598 692 690
f 670 598 690
f 669 670 690
f 671 579 597
f 678 571 570
f 677 678 570
f 675 677 570
f 569 675 570
f 569 579 675
f 693 551 552
f 694 693 552
f 681 694 552
f 553 681 552
f 598 599 602
f 598 602 695
f 687 695 598
f 670 687 598
f 682 672 696
f 697 682 696
f 698 697 696
f 691 698 696
f 673 691 696
f 672 673 696
f 460 459 699
f 460 699 700
f 460 700 667
f 460 667 461
f 701 688 689
f 702 701 689
f 703 702 689
f 704 703 689
f 684 704 689
f 683 684 689
f 704 684 705
f 706 704 705
f 707 706 705
f 708 707 705
f 709 708 705
f 710 709 705
f 685 710 705
f 684 685 705
f 700 699 711
f 700 711 712
f 700 712 680
f 700 680 667
f 712 711 713
f 712 713 714
f 712 714 566
f 712 566 680
f 714 713 715
f 714 715 716
f 714 716 567
f 714 567 566
f 692 598 695
f 717 692 695
f 718 717 695
f 602 718 695
f 719 200 369
f 719 369 720
f 719 720 721
f 719 721 722
f 719 722 201
f 719 201 200
f 723 368 373
f 723 373 724
f 723 724 725
f 723 725 720
f 723 720 369
f 723 369 368
f 726 202 201
f 726 201 722
f 726 722 727
f 726 727 474
f 726 474 463
f 726 463 202
f 728 373 372
f 728 372 729
f 728 729 730
f 728 730 731
f 728 731 724
f 728 724 373
f 732 722 721
f 732 721 733
f 732 733 734
f 732 734 735
f 732 735 727
f 732 727 722
f 736 720 725
f 736 725 737
f 736 737 738
f 736 738 733
f 736 733 721
f 736 721 720
f 497 484 739
f 740 497 739
f 741 740 739
f 510 741 739
f 485 510 739
f 484 485 739
f 742 474 727
f 742 727 735
f 742 735 743
f 742 743 744
f 742 744 475
f 742 475 474
f 745 476 475
f 745 475 744
f 745 744 746
f 745 746 533
f 745 533 479
f 745 479 476
f 748 496 747
f 749 748 747
f 750 749 747
f 740 750 747
f 497 740 747
f 496 497 747
f 495 496 751
f 630 495 751
f 646 630 751
f 752 646 751
f 748 752 751
f 496 748 751
f 753 725 724
f 753 724 731
f 753 731 754
f 753 754 755
f 753 755 737
f 753 737 725
f 756 533 746
f 756 746 757
f 756 757 758
f 756 758 759
f 756 759 534
f 756 534 533
f 760 744 743
f 760 743 761
f 760 761 762
f 760 762 757
f 760 757 746
f 760 746 744
f 741 510 763
f 764 741 763
f 765 764 763
f 766 765 763
f 511 766 763
f 510 511 763
f 761 743 735
f 761 735 734
f 761 734 767
f 761 767 768
f 761 768 762
f 752 748 769
f 770 752 769
f 771 770 769
f 772 771 769
f 749 772 769
f 748 749 769
f 511 512 773
f 766 511 773
f 774 766 773
f 775 774 773
f 529 775 773
f 512 529 773
f 750 740 776
f 777 750 776
f 778 777 776
f 764 778 776
f 741 764 776
f 740 741 776
f 779 733 738
f 779 738 780
f 779 780 781
f 779 781 767
f 779 767 734
f 779 734 733
f 773 529 782
f 766 773 782
f 783 766 782
f 784 783 782
f 592 784 782
f 572 592 782
f 529 572 782
f 785 774 775
f 786 785 775
f 571 786 775
f 529 571 775
f 772 749 787
f 788 772 787
f 789 788 787
f 777 789 787
f 750 777 787
f 749 750 787
f 790 738 737
f 790 737 755
f 790 755 791
f 790 791 792
f 790 792 780
f 790 780 738
f 793 764 765
f 794 793 765
f 774 794 765
f 766 774 765
f 765 766 783
f 765 783 795
f 765 795 793
f 796 793 794
f 797 796 794
f 785 797 794
f 774 785 794
f 778 764 793
f 798 778 793
f 796 798 793
f 781 780 799
f 781 799 800
f 781 800 768
f 781 768 767
f 795 783 801
f 802 795 801
f 590 802 801
f 784 590 801
f 783 784 801
f 803 371 399
f 803 399 405
f 803 405 804
f 803 804 729
f 803 729 372
f 803 372 371
f 805 258 257
f 805 257 806
f 805 806 807
f 805 807 808
f 805 808 401
f 805 401 258
f 809 256 608
f 809 608 623
f 809 623 810
f 809 810 806
f 809 806 257
f 809 257 256
f 811 402 401
f 811 401 808
f 811 808 812
f 811 812 813
f 811 813 404
f 811 404 402
f 814 405 404
f 814 404 813
f 814 813 815
f 814 815 816
f 814 816 804
f 814 804 405
f 817 806 810
f 817 810 818
f 817 818 819
f 817 819 820
f 817 820 807
f 817 807 806
f 821 623 622
f 821 622 822
f 821 822 823
f 821 823 818
f 821 818 810
f 821 810 623
f 824 808 807
f 824 807 820
f 824 820 825
f 824 825 826
f 824 826 812
f 824 812 808
f 827 621 634
f 827 634 659
f 827 659 828
f 827 828 822
f 827 822 622
f 827 622 621
f 829 662 663
f 830 829 663
f 645 830 663
f 643 645 663
f 645 646 831
f 830 645 831
f 832 830 831
f 770 832 831
f 752 770 831
f 646 752 831
f 534 759 659
f 534 659 535
f 758 834 833
f 759 758 833
f 828 759 833
f 822 828 833
f 823 822 833
f 835 823 833
f 834 835 833
f 828 659 759
f 836 812 826
f 836 826 837
f 836 837 838
f 836 838 839
f 836 839 813
f 836 813 812
f 841 661 840
f 842 841 840
f 843 842 840
f 662 843 840
f 661 662 840
f 679 661 841
f 786 679 841
f 844 786 841
f 845 842 843
f 846 845 843
f 829 846 843
f 662 829 843
f 847 835 834
f 848 847 834
f 849 848 834
f 762 849 834
f 757 762 834
f 758 757 834
f 850 823 835
f 850 835 851
f 850 851 819
f 850 819 818
f 850 818 823
f 829 830 852
f 846 829 852
f 853 846 852
f 854 853 852
f 832 854 852
f 830 832 852
f 855 820 819
f 855 819 851
f 855 851 856
f 855 856 857
f 855 857 825
f 855 825 820
f 858 709 710
f 842 858 710
f 841 842 710
f 679 841 710
f 685 679 710
f 678 679 786
f 571 678 786
f 849 762 768
f 849 768 800
f 849 800 859
f 849 859 848
f 847 848 860
f 847 860 861
f 847 861 851
f 847 851 835
f 832 770 862
f 854 832 862
f 863 854 862
f 864 863 862
f 771 864 862
f 770 771 862
f 785 786 844
f 797 785 844
f 865 797 844
f 842 865 844
f 865 866 867
f 865 867 858
f 865 858 842
f 865 842 845
f 865 845 868
f 865 868 866
f 865 866 869
f 865 869 797
f 857 856 870
f 857 870 837
f 857 837 826
f 857 826 825
f 845 846 871
f 868 845 871
f 872 868 871
f 873 872 871
f 853 873 871
f 846 853 871
f 861 860 874
f 861 874 875
f 861 875 856
f 861 856 851
f 859 800 876
f 859 876 877
f 859 877 860
f 859 860 848
f 796 797 869
f 878 796 869
f 879 878 869
f 866 879 869
f 880 730 881
f 880 881 882
f 880 882 883
f 880 883 754
f 880 754 731
f 880 731 730
f 884 730 729
f 884 729 804
f 884 804 816
f 884 816 885
f 884 885 881
f 884 881 730
f 886 881 885
f 886 885 887
f 886 887 888
f 886 888 889
f 886 889 882
f 886 882 881
f 890 754 883
f 890 883 891
f 890 891 892
f 890 892 791
f 890 791 755
f 890 755 754
f 839 838 893
f 839 893 894
f 839 894 815
f 839 815 813
f 895 816 815
f 895 815 894
f 895 894 896
f 895 896 887
f 895 887 885
f 895 885 816
f 897 894 893
f 897 893 898
f 897 898 899
f 897 899 900
f 897 900 896
f 897 896 894
f 901 893 838
f 901 838 902
f 901 902 903
f 901 903 904
f 901 904 898
f 901 898 893
f 902 838 837
f 902 837 870
f 902 870 905
f 902 905 903
f 906 431 561
f 906 561 594
f 906 594 907
f 906 907 908
f 906 908 432
f 906 432 431
f 909 582 583
f 910 909 583
f 693 910 583
f 551 693 583
f 911 433 432
f 911 432 908
f 911 908 912
f 911 912 913
f 911 913 914
f 911 914 433
f 441 433 914
f 441 914 915
f 441 915 916
f 441 916 439
f 693 694 917
f 910 693 917
f 918 910 917
f 919 918 917
f 920 919 917
f 694 920 917
f 920 694 921
f 922 920 921
f 697 922 921
f 682 697 921
f 681 682 921
f 694 681 921
f 923 594 593
f 923 593 909
f 923 909 924
f 923 924 925
f 923 925 907
f 923 907 594
f 926 439 916
f 926 916 927
f 926 927 928
f 926 928 929
f 926 929 440
f 926 440 439
f 925 924 930
f 925 930 912
f 925 912 908
f 925 908 907
f 919 920 931
f 932 919 931
f 933 932 931
f 934 933 931
f 922 934 931
f 920 922 931
f 913 912 935
f 913 935 936
f 913 936 915
f 913 915 914
f 930 924 937
f 930 937 938
f 930 938 935
f 930 935 912
f 939 916 915
f 939 915 936
f 939 936 940
f 939 940 941
f 939 941 927
f 939 927 916
f 942 426 440
f 942 440 929
f 942 929 943
f 942 943 455
f 942 455 427
f 942 427 426
f 944 457 456
f 944 456 945
f 944 945 946
f 944 946 947
f 944 947 459
f 944 459 457
f 947 946 948
f 947 948 949
f 947 949 699
f 947 699 459
f 922 697 950
f 934 922 950
f 951 934 950
f 952 951 950
f 698 952 950
f 697 698 950
f 949 948 953
f 949 953 954
f 949 954 711
f 949 711 699
f 945 456 455
f 945 455 955
f 945 955 956
f 945 956 946
f 943 929 957
f 943 957 958
f 943 958 955
f 943 955 455
f 959 948 946
f 959 946 956
f 959 956 960
f 959 960 961
f 959 961 962
f 959 962 948
f 962 961 963
f 962 963 964
f 962 964 953
f 962 953 948
f 965 955 958
f 965 958 966
f 965 966 967
f 965 967 960
f 965 960 956
f 965 956 955
f 928 927 968
f 928 968 969
f 928 969 957
f 928 957 929
f 970 802 590
f 971 970 590
f 584 971 590
f 577 584 590
f 576 577 590
f 563 564 972
f 596 563 972
f 973 596 972
f 974 973 972
f 582 974 972
f 564 582 972
f 716 715 975
f 716 975 909
f 716 909 593
f 716 593 567
f 976 970 971
f 595 976 971
f 585 595 971
f 584 585 971
f 784 592 590
f 595 596 977
f 976 595 977
f 978 976 977
f 979 978 977
f 973 979 977
f 596 973 977
f 974 582 909
f 980 974 909
f 981 980 909
f 910 981 909
f 982 602 603
f 983 982 603
f 984 983 603
f 604 984 603
f 985 802 970
f 986 985 970
f 987 986 970
f 988 987 970
f 989 988 970
f 990 989 970
f 991 990 970
f 992 991 970
f 993 992 970
f 978 993 970
f 976 978 970
f 979 973 994
f 995 979 994
f 996 995 994
f 980 996 994
f 974 980 994
f 973 974 994
f 997 982 983
f 998 997 983
f 999 998 983
f 984 999 983
f 1000 975 1001
f 1000 1001 1002
f 1000 1002 937
f 1000 937 924
f 1000 924 909
f 1000 909 975
f 1003 975 715
f 1003 715 1004
f 1003 1004 1005
f 1003 1005 1006
f 1003 1006 1001
f 1003 1001 975
f 995 992 993
f 979 995 993
f 978 979 993
f 1007 980 981
f 1008 1007 981
f 918 1008 981
f 910 918 981
f 998 999 1009
f 1010 998 1009
f 1011 1010 1009
f 996 1011 1009
f 994 996 1009
f 997 998 1012
f 1013 997 1012
f 1014 1013 1012
f 1015 1014 1012
f 1010 1015 1012
f 998 1010 1012
f 991 992 1016
f 1017 991 1016
f 1018 1017 1016
f 996 1018 1016
f 995 996 1016
f 992 995 1016
f 996 980 1007
f 1018 996 1007
f 1019 1018 1007
f 1008 1019 1007
f 1020 989 990
f 1021 1020 990
f 1017 1021 990
f 991 1017 990
f 1022 1001 1006
f 1022 1006 1023
f 1022 1023 1024
f 1022 1024 1025
f 1022 1025 1002
f 1022 1002 1001
f 1015 1010 1026
f 1027 1015 1026
f 1028 1027 1026
f 1029 1028 1026
f 1018 1029 1026
f 1011 1018 1026
f 1010 1011 1026
f 1011 996 1018
f 918 919 1030
f 1008 918 1030
f 1031 1008 1030
f 1032 1031 1030
f 932 1032 1030
f 919 932 1030
f 1017 1018 1033
f 1021 1017 1033
f 1034 1021 1033
f 1035 1034 1033
f 1036 1035 1033
f 1018 1036 1033
f 1036 1019 1031
f 1036 1031 1037
f 1036 1037 1035
f 1036 1035 1034
f 1036 1034 1029
f 1036 1029 1019
f 1018 1019 1036
f 1020 1021 1038
f 1039 1020 1038
f 1040 1039 1038
f 1035 1040 1038
f 1034 1035 1038
f 1021 1034 1038
f 1041 1023 1006
f 1041 1006 1005
f 1041 1005 964
f 1041 964 1042
f 1041 1042 1043
f 1041 1043 1023
f 1044 1023 1043
f 1044 1043 1045
f 1044 1045 1046
f 1044 1046 1047
f 1044 1047 1024
f 1044 1024 1023
f 1019 1008 1031
f 1048 1002 1025
f 1048 1025 1049
f 1048 1049 1050
f 1048 1050 938
f 1048 938 937
f 1048 937 1002
f 1034 1035 1051
f 1034 1051 1052
f 1034 1052 1053
f 1034 1053 1028
f 1034 1028 1029
f 1027 1028 1054
f 1055 1027 1054
f 1056 1055 1054
f 1057 1056 1054
f 1053 1057 1054
f 1028 1053 1054
f 1059 1053 1058
f 1060 1059 1058
f 1061 1060 1058
f 1062 1061 1058
f 1052 1062 1058
f 1053 1052 1058
f 1057 1053 1063
f 1064 1057 1063
f 1059 1064 1063
f 1053 1059 1063
f 695 687 1065
f 718 695 1065
f 1066 718 1065
f 1067 1066 1065
f 1068 1067 1065
f 1069 1068 1065
f 687 1069 1065
f 1070 1068 1069
f 1071 1070 1069
f 688 1071 1069
f 687 688 1069
f 698 691 1072
f 952 698 1072
f 1073 952 1072
f 717 1073 1072
f 692 717 1072
f 691 692 1072
f 718 1074 1013
f 982 1013 718
f 602 982 718
f 1075 1070 1071
f 1076 1075 1071
f 701 1076 1071
f 688 701 1071
f 1077 702 703
f 1078 1077 703
f 1079 1078 703
f 1080 1079 703
f 1081 1080 703
f 704 1081 703
f 1082 1080 1081
f 1083 1082 1081
f 706 1083 1081
f 704 706 1081
f 1076 701 1084
f 1085 1076 1084
f 1086 1085 1084
f 1077 1086 1084
f 702 1077 1084
f 701 702 1084
f 1087 1088 1089
f 1087 1089 1090
f 1087 1090 1091
f 1087 1091 1092
f 1087 1092 1093
f 1087 1093 1088
f 1088 1093 1094
f 1088 1094 1095
f 1088 1095 1096
f 1088 1096 1089
f 1097 1092 1098
f 1097 1098 1099
f 1097 1099 1100
f 1097 1100 1101
f 1097 1101 1093
f 1097 1093 1092
f 1102 1092 1091
f 1102 1091 1103
f 1102 1103 1104
f 1102 1104 1105
f 1102 1105 1098
f 1102 1098 1092
f 1093 1101 1094
f 1096 1095 1106
f 1096 1106 1107
f 1096 1107 1108
f 1096 1108 1089
f 1109 1090 1089
f 1109 1089 1108
f 1109 1108 1110
f 1107 1106 1111
f 1107 1111 1112
f 1107 1112 1113
f 1107 1113 1108
f 1115 1070 1114
f 1116 1115 1114
f 1117 1116 1114
f 1118 1117 1114
f 1075 1118 1114
f 1070 1075 1114
f 1068 1070 1115
f 1067 1068 1115
f 1119 1067 1115
f 1116 1119 1115
f 1076 1085 1120
f 1075 1076 1120
f 1118 1075 1120
f 1091 1090 1103
f 1121 1077 1078
f 1122 1121 1078
f 1123 1122 1078
f 1079 1123 1078
f 1121 1086 1077
f 1113 1112 1124
f 1113 1124 1125
f 1113 1125 1110
f 1113 1110 1108
f 1079 1126 1127
f 1079 1127 1112
f 1079 1112 1111
f 1128 1098 1105
f 1128 1105 1129
f 1128 1129 1130
f 1128 1130 1131
f 1128 1131 1099
f 1128 1099 1098
f 954 953 1132
f 954 1132 1004
f 954 1004 713
f 954 713 711
f 1004 715 713
f 1013 1074 1133
f 1014 1133 1013
f 1134 1014 1013
f 1066 1134 1013
f 718 1066 1013
f 1073 717 1135
f 1136 1073 1135
f 1137 1136 1135
f 1013 1137 1135
f 718 1013 1135
f 717 718 1135
f 982 997 1013
f 1138 1139 1129
f 1138 1129 1105
f 1138 1105 1104
f 1127 1126 1140
f 1127 1140 1141
f 1127 1141 1124
f 1127 1124 1112
f 1079 1080 1082
f 1126 1079 1082
f 1142 1126 1082
f 1143 1142 1082
f 1144 1143 1082
f 1145 1144 1082
f 1083 1145 1082
f 1134 1066 1146
f 1147 1134 1146
f 1148 1147 1146
f 1119 1148 1146
f 1067 1119 1146
f 1066 1067 1146
f 1148 1119 1149
f 1150 1148 1149
f 1151 1150 1149
f 1152 1151 1149
f 1116 1152 1149
f 1119 1116 1149
f 1153 1100 1099
f 1153 1099 1131
f 1153 1131 1154
f 1155 1151 1152
f 1156 1155 1152
f 1117 1156 1152
f 1116 1117 1152
f 1157 1129 1139
f 1157 1139 1158
f 1157 1158 1159
f 1157 1159 1160
f 1157 1160 1130
f 1157 1130 1129
f 1161 1125 1124
f 1161 1124 1141
f 1161 1141 1162
f 1163 1126 1142
f 1164 1163 1142
f 1165 1164 1142
f 1143 1165 1142
f 1140 1126 1166
f 1140 1166 1167
f 1140 1167 1168
f 1140 1168 1141
f 1169 1136 1137
f 1170 1169 1137
f 1014 1170 1137
f 1133 1014 1137
f 1013 1133 1137
f 1132 953 964
f 1132 964 1005
f 1132 1005 1004
f 952 1073 1171
f 951 952 1171
f 1172 951 1171
f 1173 1172 1171
f 1136 1173 1171
f 1073 1136 1171
f 1147 1148 1174
f 1175 1147 1174
f 1176 1175 1174
f 1177 1176 1174
f 1150 1177 1174
f 1148 1150 1174
f 1159 1158 1178
f 1159 1178 1179
f 1159 1179 1180
f 1159 1180 1160
f 1181 1150 1151
f 1182 1181 1151
f 1155 1182 1151
f 1177 1150 1181
f 1183 1177 1181
f 1184 1183 1181
f 1182 1184 1181
f 1185 1177 1183
f 1186 1185 1183
f 1187 1186 1183
f 1184 1187 1183
f 1188 1185 1186
f 1189 1188 1186
f 1190 1189 1186
f 1187 1190 1186
f 1191 1188 1189
f 1192 1191 1189
f 1190 1192 1189
f 1193 1130 1160
f 1193 1160 1194
f 1193 1194 1195
f 1193 1195 1154
f 1193 1154 1131
f 1193 1131 1130
f 1167 1166 1191
f 1167 1191 1196
f 1167 1196 1197
f 1167 1197 1168
f 1163 1164 1191
f 1168 1197 1198
f 1168 1198 1162
f 1168 1162 1141
f 1165 1143 1199
f 1200 1165 1199
f 1201 1200 1199
f 1202 1201 1199
f 1203 1202 1199
f 1204 1203 1199
f 1205 1204 1199
f 1143 1205 1199
f 1205 1143 1144
f 1206 1205 1144
f 1207 1206 1144
f 1145 1207 1144
f 1014 1134 1208
f 1209 1014 1208
f 1210 1209 1208
f 1175 1210 1208
f 1147 1175 1208
f 1134 1147 1208
f 1179 1178 1211
f 1179 1211 1212
f 1179 1212 1213
f 1179 1213 1180
f 1212 1211 1214
f 1212 1214 1215
f 1212 1215 1198
f 1212 1198 1197
f 1212 1197 1213
f 1215 1162 1198
f 1200 1217 1216
f 1165 1200 1216
f 1164 1165 1216
f 1209 1218 1170
f 1209 1170 1014
f 1209 1014 1015
f 1209 1015 1027
f 1209 1027 1218
f 1210 1218 1209
f 1194 1160 1180
f 1194 1180 1219
f 1194 1219 1220
f 1194 1220 1195
f 1221 1175 1176
f 1222 1221 1176
f 1185 1222 1176
f 1177 1185 1176
f 1196 1191 1223
f 1196 1223 1224
f 1196 1224 1213
f 1196 1213 1197
f 1225 1218 1210
f 1226 1225 1210
f 1221 1226 1210
f 1175 1221 1210
f 1226 1221 1222
f 1227 1226 1222
f 1188 1227 1222
f 1185 1188 1222
f 1224 1223 1220
f 1224 1220 1219
f 1224 1219 1213
f 1228 1172 1173
f 1229 1228 1173
f 1169 1229 1173
f 1136 1169 1173
f 1180 1213 1219
f 1217 1200 1201
f 1227 1217 1201
f 1226 1227 1201
f 1225 1226 1201
f 1230 1225 1201
f 1202 1230 1201
f 933 934 1231
f 1232 933 1231
f 1233 1232 1231
f 1172 1233 1231
f 951 1172 1231
f 934 951 1231
f 1169 1170 1234
f 1229 1169 1234
f 1235 1229 1234
f 1236 1235 1234
f 1218 1236 1234
f 1170 1218 1234
f 1218 1027 1055
f 1055 1218 1225
f 1055 1225 1230
f 1055 1230 1056
f 1055 1056 1237
f 1055 1237 1236
f 1055 1236 1218
f 1056 1230 1202
f 1064 1056 1202
f 1060 1064 1202
f 1238 1060 1202
f 1203 1238 1202
f 963 961 1239
f 963 1239 1240
f 963 1240 1042
f 963 1042 964
f 1241 1232 1233
f 1242 1241 1233
f 1228 1242 1233
f 1172 1228 1233
f 771 772 1243
f 864 771 1243
f 1244 864 1243
f 1245 1244 1243
f 788 1245 1243
f 772 788 1243
f 789 777 1246
f 1247 789 1246
f 1248 1247 1246
f 798 1248 1246
f 778 798 1246
f 777 778 1246
f 792 791 1249
f 792 1249 1250
f 792 1250 799
f 792 799 780
f 793 795 1251
f 798 793 1251
f 1252 798 1251
f 985 1252 1251
f 802 985 1251
f 795 802 1251
f 798 796 878
f 1248 798 878
f 1253 1248 878
f 879 1253 878
f 1248 1253 1254
f 1255 1254 1248
f 1252 1255 1248
f 798 1252 1248
f 788 789 1256
f 1245 788 1256
f 1257 1245 1256
f 1258 1257 1256
f 1247 1258 1256
f 789 1247 1256
f 1259 799 1250
f 1259 1250 1260
f 1259 1260 1261
f 1259 1261 876
f 1259 876 800
f 1259 800 799
f 1252 985 986
f 1255 1252 986
f 987 1255 986
f 1254 1255 1262
f 1254 1262 1263
f 1264 1263 1254
f 1253 1264 1254
f 1264 1253 1265
f 1266 1264 1265
f 1267 1266 1265
f 1268 1267 1265
f 879 1268 1265
f 1253 879 1265
f 1247 1248 1254
f 1258 1247 1254
f 1263 1258 1254
f 1269 1250 1249
f 1269 1249 1270
f 1269 1270 1271
f 1269 1271 1272
f 1269 1272 1260
f 1269 1260 1250
f 1244 1245 1273
f 1274 1244 1273
f 1275 1274 1273
f 1276 1275 1273
f 1257 1276 1273
f 1245 1257 1273
f 1277 1263 1262
f 988 1277 1262
f 987 988 1262
f 1255 987 1262
f 1263 1264 1278
f 1039 1263 1278
f 1279 1039 1278
f 1280 1279 1278
f 1266 1280 1278
f 1264 1266 1278
f 1039 1263 1277
f 1020 1039 1277
f 989 1020 1277
f 988 989 1277
f 1257 1258 1281
f 1276 1257 1281
f 1282 1276 1281
f 1039 1282 1281
f 1263 1039 1281
f 1258 1263 1281
f 1283 1272 1271
f 1283 1271 1284
f 1283 1284 1285
f 1283 1285 1286
f 1283 1286 1287
f 1283 1287 1272
f 1288 1272 1287
f 1288 1287 1289
f 1288 1289 1290
f 1288 1290 1261
f 1288 1261 1260
f 1288 1260 1272
f 1291 1270 1292
f 1291 1292 1293
f 1291 1293 1294
f 1291 1294 1284
f 1291 1284 1271
f 1291 1271 1270
f 892 891 1292
f 892 1292 1270
f 892 1270 1249
f 892 1249 791
f 1244 1274 1295
f 864 1244 1295
f 863 864 1295
f 1296 863 1295
f 1297 1296 1295
f 1274 1297 1295
f 1297 1274 1298
f 1299 1297 1298
f 1300 1299 1298
f 1301 1300 1298
f 1275 1301 1298
f 1274 1275 1298
f 1296 1297 1302
f 1303 1296 1302
f 1304 1303 1302
f 1305 1304 1302
f 1299 1305 1302
f 1297 1299 1302
f 1051 1039 1279
f 1052 1051 1279
f 1062 1052 1279
f 1280 1062 1279
f 1282 1039 1040
f 1306 1282 1040
f 1307 1306 1040
f 1035 1307 1040
f 1051 1035 1040
f 1039 1051 1040
f 1276 1282 1306
f 1275 1276 1306
f 1301 1275 1306
f 1307 1301 1306
f 709 858 1308
f 1309 709 1308
f 1310 1309 1308
f 1311 1310 1308
f 1312 1311 1308
f 858 1312 1308
f 1313 1311 1312
f 1314 1313 1312
f 1268 1314 1312
f 866 1268 1312
f 867 866 1312
f 858 867 1312
f 853 854 1315
f 873 853 1315
f 1303 873 1315
f 1296 1303 1315
f 863 1296 1315
f 854 863 1315
f 875 874 1316
f 875 1316 905
f 875 905 870
f 875 870 856
f 866 868 1317
f 1268 866 1317
f 1318 1268 1317
f 1319 1318 1317
f 872 1319 1317
f 868 872 1317
f 877 876 1320
f 877 1320 1321
f 877 1321 874
f 877 874 860
f 1322 707 708
f 1323 1322 708
f 1309 1323 708
f 709 1309 708
f 879 866 1268
f 706 707 1324
f 1083 706 1324
f 1325 1083 1324
f 1326 1325 1324
f 1327 1326 1324
f 1328 1327 1324
f 1322 1328 1324
f 707 1322 1324
f 1329 1330 1331
f 1329 1331 1332
f 1329 1332 1333
f 1329 1333 1334
f 1329 1334 1335
f 1329 1335 1330
f 1336 1330 1335
f 1336 1335 1337
f 1336 1337 1338
f 1336 1338 1339
f 1336 1339 1340
f 1336 1340 1330
f 1341 1342 1331
f 1341 1331 1330
f 1341 1330 1340
f 1323 1309 1343
f 1344 1323 1343
f 1345 1344 1343
f 1346 1345 1343
f 1310 1346 1343
f 1309 1310 1343
f 1347 1348 1337
f 1347 1337 1335
f 1347 1335 1334
f 1338 1337 1349
f 1338 1349 1350
f 1338 1350 1351
f 1338 1351 1339
f 1323 1344 1352
f 1322 1323 1352
f 1328 1322 1352
f 1353 1332 1331
f 1353 1331 1342
f 1353 1342 1354
f 1353 1354 1355
f 1353 1355 1356
f 1353 1356 1332
f 1357 1332 1356
f 1357 1356 1358
f 1357 1358 1359
f 1357 1359 1360
f 1357 1360 1333
f 1357 1333 1332
f 1349 1337 1348
f 1349 1348 1361
f 1349 1361 1362
f 1349 1362 1350
f 1363 1351 1350
f 1363 1350 1364
f 1363 1364 1145
f 1363 1145 1325
f 1334 1333 1360
f 1346 1310 1365
f 1366 1346 1365
f 1367 1366 1365
f 1313 1367 1365
f 1311 1313 1365
f 1310 1311 1365
f 1368 1356 1355
f 1368 1355 1369
f 1368 1369 1370
f 1368 1370 1371
f 1368 1371 1358
f 1368 1358 1356
f 1145 1083 1325
f 1372 1145 1325
f 1373 1372 1325
f 1326 1373 1325
f 1364 1350 1362
f 1364 1362 1374
f 1364 1374 1375
f 1364 1375 1145
f 1376 1359 1358
f 1376 1358 1371
f 1376 1371 1377
f 1378 1266 1267
f 1267 1378 1379
f 1267 1379 1314
f 1267 1314 1268
f 1267 1268 1318
f 1267 1318 1380
f 1267 1380 1378
f 1319 872 1381
f 1382 1319 1381
f 1304 1382 1381
f 1303 1304 1381
f 873 1303 1381
f 872 873 1381
f 1320 876 1261
f 1320 1261 1290
f 1320 1290 1383
f 1320 1383 1321
f 1316 874 1321
f 1316 1321 1384
f 1316 1384 1385
f 1316 1385 905
f 1345 1346 1386
f 1387 1345 1386
f 1388 1387 1386
f 1366 1388 1386
f 1346 1366 1386
f 1389 1387 1388
f 1389 1388 1390
f 1389 1390 1391
f 1389 1391 1392
f 1389 1392 1387
f 1389 1387 1393
f 1313 1314 1394
f 1367 1313 1394
f 1395 1367 1394
f 1396 1395 1394
f 1379 1396 1394
f 1314 1379 1394
f 1397 1398 1374
f 1397 1374 1362
f 1397 1362 1361
f 1399 1145 1375
f 1399 1375 1400
f 1399 1400 1401
f 1207 1372 1402
f 1206 1207 1402
f 1403 1206 1402
f 1404 1403 1402
f 1373 1404 1402
f 1372 1373 1402
f 1405 1377 1371
f 1405 1371 1370
f 1405 1370 1406
f 1405 1406 1407
f 1405 1407 1408
f 1405 1408 1377
f 1409 1410 1369
f 1409 1369 1355
f 1409 1355 1354
f 1388 1366 1411
f 1390 1388 1411
f 1412 1390 1411
f 1395 1412 1411
f 1367 1395 1411
f 1366 1367 1411
f 1413 1392 1391
f 1414 1413 1391
f 1415 1414 1391
f 1416 1415 1391
f 1390 1416 1391
f 1417 1413 1414
f 1401 1206 1403
f 1418 1401 1403
f 1419 1418 1403
f 1420 1419 1403
f 1404 1420 1403
f 1407 1406 1421
f 1407 1421 1422
f 1407 1422 1423
f 1407 1423 1408
f 1412 1395 1424
f 1425 1412 1424
f 1426 1425 1424
f 1427 1426 1424
f 1396 1427 1424
f 1395 1396 1424
f 1380 1318 1428
f 1429 1380 1428
f 1430 1429 1428
f 1382 1430 1428
f 1319 1382 1428
f 1318 1319 1428
f 1383 1290 1431
f 1383 1431 1432
f 1383 1432 1384
f 1383 1384 1321
f 1433 1418 1419
f 1415 1433 1419
f 1414 1415 1419
f 1420 1414 1419
f 1434 1374 1398
f 1434 1398 1435
f 1434 1435 1436
f 1434 1436 1400
f 1434 1400 1375
f 1434 1375 1374
f 1437 1415 1416
f 1425 1437 1416
f 1412 1425 1416
f 1390 1412 1416
f 1438 1370 1369
f 1438 1369 1410
f 1438 1410 1439
f 1438 1439 1440
f 1438 1440 1406
f 1438 1406 1370
f 1441 1442 1443
f 1441 1443 1444
f 1441 1444 1422
f 1441 1422 1445
f 1441 1445 1436
f 1441 1436 1435
f 1441 1435 1442
f 1398 1442 1435
f 1422 1444 1423
f 1396 1379 1446
f 1427 1396 1446
f 1447 1427 1446
f 1448 1447 1446
f 1378 1448 1446
f 1379 1378 1446
f 1205 1206 1449
f 1204 1205 1449
f 1450 1204 1449
f 1451 1418 1433
f 1452 1451 1433
f 1453 1452 1433
f 1437 1453 1433
f 1415 1437 1433
f 1448 1062 1280
f 1378 1448 1280
f 1266 1378 1280
f 1454 1400 1436
f 1454 1436 1445
f 1454 1445 1455
f 1454 1455 1456
f 1454 1456 1401
f 1454 1401 1400
f 1203 1204 1450
f 1451 1203 1450
f 1418 1451 1450
f 1401 1418 1450
f 1421 1406 1440
f 1421 1440 1457
f 1421 1457 1445
f 1421 1445 1422
f 1437 1425 1426
f 1453 1437 1426
f 1458 1453 1426
f 1427 1458 1426
f 1459 1447 1448
f 1460 1459 1448
f 1380 1460 1448
f 1378 1380 1448
f 1455 1445 1457
f 1455 1457 1461
f 1455 1461 1462
f 1455 1462 1456
f 1461 1457 1440
f 1461 1440 1439
f 1458 1427 1447
f 1463 1458 1447
f 1464 1463 1447
f 1459 1464 1447
f 1460 1380 1429
f 1465 1460 1429
f 1466 1465 1429
f 1430 1466 1429
f 1464 1238 1203
f 1463 1464 1203
f 1452 1463 1203
f 1451 1452 1203
f 1463 1452 1453
f 1458 1463 1453
f 1430 1382 1467
f 1468 1430 1467
f 1469 1468 1467
f 1305 1469 1467
f 1304 1305 1467
f 1382 1304 1467
f 1289 1287 1470
f 1289 1470 1471
f 1289 1471 1431
f 1289 1431 1290
f 1472 1384 1432
f 1472 1432 1473
f 1472 1473 1474
f 1472 1474 1475
f 1472 1475 1476
f 1472 1476 1477
f 1472 1477 1385
f 1472 1385 1384
f 1061 1464 1459
f 1465 1061 1459
f 1460 1465 1459
f 1238 1464 1061
f 1060 1238 1061
f 1478 1060 1061
f 1479 1478 1061
f 1061 1479 1459
f 1480 1478 1479
f 1465 1480 1479
f 1061 1465 1479
f 1480 1465 1466
f 1481 1480 1466
f 1468 1481 1466
f 1430 1468 1466
f 1286 1285 1482
f 1286 1482 1483
f 1286 1483 1470
f 1286 1470 1287
f 1484 1431 1471
f 1484 1471 1485
f 1484 1485 1486
f 1484 1486 1473
f 1484 1473 1432
f 1484 1432 1431
f 1487 883 882
f 1487 882 889
f 1487 889 1488
f 1487 1488 1489
f 1487 1489 891
f 1487 891 883
f 1489 1488 1490
f 1489 1490 1293
f 1489 1293 1292
f 1489 1292 891
f 1491 889 888
f 1491 888 1492
f 1491 1492 1493
f 1491 1493 1494
f 1491 1494 1488
f 1491 1488 889
f 1495 888 887
f 1495 887 896
f 1495 896 900
f 1495 900 1496
f 1495 1496 1492
f 1495 1492 888
f 1494 1493 1497
f 1494 1497 1498
f 1494 1498 1490
f 1494 1490 1488
f 1499 1492 1496
f 1499 1496 1500
f 1499 1500 1501
f 1499 1501 1502
f 1499 1502 1493
f 1499 1493 1492
f 1503 1496 900
f 1503 900 899
f 1503 899 1504
f 1503 1504 1505
f 1503 1505 1500
f 1503 1500 1496
f 1506 898 904
f 1506 904 1507
f 1506 1507 1508
f 1506 1508 1504
f 1506 1504 899
f 1506 899 898
f 903 905 1385
f 903 1385 1477
f 903 1477 904
f 1476 1475 1507
f 1476 1507 904
f 1476 904 1477
f 1509 1507 1475
f 1509 1475 1510
f 1509 1510 1511
f 1509 1511 1512
f 1509 1512 1508
f 1509 1508 1507
f 1512 1511 1513
f 1512 1513 1505
f 1512 1505 1504
f 1512 1504 1508
f 1514 936 935
f 1514 935 938
f 1514 938 1050
f 1514 1050 1515
f 1514 1515 940
f 1514 940 936
f 941 940 1516
f 941 1516 1517
f 941 1517 968
f 941 968 927
f 1518 958 957
f 1518 957 969
f 1518 969 1519
f 1518 1519 1520
f 1518 1520 966
f 1518 966 958
f 932 933 1521
f 1032 932 1521
f 1522 1032 1521
f 1523 1522 1521
f 1232 1523 1521
f 933 1232 1521
f 1524 1025 1024
f 1524 1024 1047
f 1524 1047 1525
f 1524 1525 1526
f 1524 1526 1049
f 1524 1049 1025
f 1527 1035 1037
f 1522 1527 1037
f 1032 1522 1037
f 1031 1032 1037
f 1529 1035 1528
f 1530 1529 1528
f 1531 1530 1528
f 1532 1531 1528
f 1527 1532 1528
f 1035 1527 1528
f 1533 1301 1307
f 1529 1533 1307
f 1035 1529 1307
f 1534 1047 1046
f 1534 1046 1535
f 1534 1535 1536
f 1534 1536 1537
f 1534 1537 1525
f 1534 1525 1047
f 1538 1046 1045
f 1538 1045 1539
f 1538 1539 1540
f 1538 1540 1541
f 1538 1541 1535
f 1538 1535 1046
f 1532 1522 1523
f 1542 1532 1523
f 1241 1542 1523
f 1232 1241 1523
f 1543 1049 1526
f 1543 1526 1544
f 1543 1544 1545
f 1543 1545 1515
f 1543 1515 1050
f 1543 1050 1049
f 1546 1535 1541
f 1546 1541 1547
f 1546 1547 1548
f 1546 1548 1549
f 1546 1549 1536
f 1546 1536 1535
f 1550 1525 1537
f 1550 1537 1551
f 1550 1551 1544
f 1550 1544 1526
f 1550 1526 1525
f 1527 1522 1532
f 1552 1536 1549
f 1552 1549 1553
f 1552 1553 1554
f 1552 1554 1551
f 1552 1551 1537
f 1552 1537 1536
f 1555 1549 1548
f 1555 1548 1547
f 1555 1547 1556
f 1555 1556 1557
f 1555 1557 1553
f 1555 1553 1549
f 1542 1241 1558
f 1559 1542 1558
f 1560 1559 1558
f 1561 1560 1558
f 1242 1561 1558
f 1241 1242 1558
f 1516 940 1515
f 1516 1515 1545
f 1516 1545 1562
f 1516 1562 1517
f 1563 1530 1531
f 1559 1563 1531
f 1542 1559 1531
f 1532 1542 1531
f 1564 1551 1554
f 1564 1554 1565
f 1564 1565 1566
f 1564 1566 1544
f 1564 1544 1551
f 1563 1559 1567
f 1568 1563 1567
f 1569 1568 1567
f 1570 1569 1567
f 1560 1570 1567
f 1559 1560 1567
f 1570 1560 1571
f 1572 1570 1571
f 1573 1572 1571
f 1574 1573 1571
f 1561 1574 1571
f 1560 1561 1571
f 1575 1544 1576
f 1575 1576 1577
f 1575 1577 1578
f 1575 1578 1562
f 1575 1562 1545
f 1575 1545 1544
f 1566 1565 1579
f 1566 1579 1580
f 1566 1580 1576
f 1566 1576 1544
f 1581 968 1517
f 1581 1517 1582
f 1581 1582 1583
f 1581 1583 1519
f 1581 1519 969
f 1581 969 968
f 1582 1517 1562
f 1582 1562 1578
f 1582 1578 1584
f 1582 1584 1583
f 1585 1578 1577
f 1585 1577 1586
f 1585 1586 1587
f 1585 1587 1588
f 1585 1588 1584
f 1585 1584 1578
f 1589 1519 1583
f 1589 1583 1590
f 1589 1590 1591
f 1589 1591 1592
f 1589 1592 1520
f 1589 1520 1519
f 1590 1583 1584
f 1590 1584 1588
f 1590 1588 1593
f 1590 1593 1591
f 1594 1591 1595
f 1594 1595 1596
f 1594 1596 1597
f 1594 1597 1598
f 1594 1598 1592
f 1594 1592 1591
f 1593 1588 1599
f 1593 1599 1600
f 1593 1600 1595
f 1593 1595 1591
f 1056 1057 1064
f 1237 1056 1064
f 1601 1237 1064
f 1060 1601 1064
f 1059 1060 1064
f 1602 1043 1042
f 1602 1042 1240
f 1602 1240 1603
f 1602 1603 1539
f 1602 1539 1045
f 1602 1045 1043
f 1228 1229 1604
f 1242 1228 1604
f 1561 1242 1604
f 1574 1561 1604
f 1235 1574 1604
f 1229 1235 1604
f 1235 1236 1605
f 1574 1235 1605
f 1573 1574 1605
f 1606 1573 1605
f 1237 1606 1605
f 1236 1237 1605
f 1607 1573 1606
f 1478 1607 1606
f 1601 1478 1606
f 1237 1601 1606
f 1601 1060 1478
f 1608 1240 1239
f 1608 1239 1609
f 1608 1609 1610
f 1608 1610 1611
f 1608 1611 1603
f 1608 1603 1240
f 1612 1539 1603
f 1612 1603 1611
f 1612 1611 1613
f 1612 1613 1614
f 1612 1614 1540
f 1612 1540 1539
f 1573 1540 1614
f 1573 1614 1615
f 1573 1615 1547
f 1573 1547 1541
f 1573 1541 1540
f 1573 1540 1616
f 1615 1614 1617
f 1615 1617 1618
f 1615 1618 1556
f 1615 1556 1547
f 1481 1570 1572
f 1480 1481 1572
f 1607 1480 1572
f 1573 1607 1572
f 1619 960 967
f 1619 967 1620
f 1619 1620 1609
f 1619 1609 1239
f 1619 1239 961
f 1619 961 960
f 1621 967 966
f 1621 966 1520
f 1621 1520 1592
f 1621 1592 1598
f 1621 1598 1620
f 1621 1620 967
f 1622 1611 1610
f 1622 1610 1623
f 1622 1623 1624
f 1622 1624 1625
f 1622 1625 1613
f 1622 1613 1611
f 1626 1620 1598
f 1626 1598 1597
f 1626 1597 1627
f 1626 1627 1610
f 1626 1610 1609
f 1626 1609 1620
f 1623 1610 1627
f 1623 1627 1597
f 1623 1597 1628
f 1623 1628 1624
f 1596 1595 1629
f 1596 1629 1630
f 1596 1630 1628
f 1596 1628 1597
f 1305 1299 1631
f 1469 1305 1631
f 1568 1469 1631
f 1632 1568 1631
f 1300 1632 1631
f 1299 1300 1631
f 1633 1293 1490
f 1633 1490 1498
f 1633 1498 1586
f 1633 1586 1634
f 1633 1634 1294
f 1633 1294 1293
f 1635 1284 1579
f 1635 1579 1565
f 1635 1565 1636
f 1635 1636 1637
f 1635 1637 1285
f 1635 1285 1284
f 1294 1634 1580
f 1294 1580 1579
f 1294 1579 1284
f 1637 1636 1557
f 1637 1557 1618
f 1637 1618 1482
f 1637 1482 1285
f 1300 1301 1533
f 1632 1300 1533
f 1530 1632 1533
f 1529 1530 1533
f 1636 1565 1554
f 1636 1554 1553
f 1636 1553 1557
f 1618 1557 1556
f 1634 1586 1577
f 1634 1577 1576
f 1634 1576 1580
f 1563 1568 1632
f 1530 1563 1632
f 1469 1568 1569
f 1468 1469 1569
f 1481 1468 1569
f 1570 1481 1569
f 1587 1586 1498
f 1587 1498 1497
f 1587 1497 1599
f 1587 1599 1588
f 1502 1501 1600
f 1502 1600 1599
f 1502 1599 1497
f 1502 1497 1493
f 1629 1595 1600
f 1629 1600 1501
f 1629 1501 1638
f 1629 1638 1630
f 1639 1470 1483
f 1639 1483 1640
f 1639 1640 1641
f 1639 1641 1485
f 1639 1485 1471
f 1639 1471 1470
f 1607 1478 1480
f 1617 1614 1640
f 1617 1640 1483
f 1617 1483 1482
f 1617 1482 1618
f 1642 1473 1486
f 1642 1486 1625
f 1642 1625 1624
f 1642 1624 1643
f 1642 1643 1474
f 1642 1474 1473
f 1641 1640 1613
f 1641 1613 1625
f 1641 1625 1486
f 1641 1486 1485
f 1643 1624 1644
f 1643 1644 1511
f 1643 1511 1510
f 1643 1510 1474
f 1474 1510 1475
f 1640 1614 1613
f 1644 1624 1628
f 1644 1628 1630
f 1644 1630 1513
f 1644 1513 1511
f 1638 1501 1500
f 1638 1500 1505
f 1638 1505 1513
f 1638 1513 1630

