# https://github.com/mikedh/trimesh
mtllib material.mtl

o Helmet_Material.001_0
usemtl material_0
v -0.70939430 -0.88050474 -0.30029349
v -0.70939430 -0.88050474 -0.30029349
v -0.70939430 -0.88050474 -0.30029349
v -0.70939430 -0.88050474 -0.30029349
v -0.70939430 -0.88050474 -0.30029349
v -0.70939430 -0.88050474 -0.30029349
v -0.64246612 -0.90750353 -0.46720670
v -0.64246612 -0.90750353 -0.46720670
v -0.64246612 -0.90750353 -0.46720670
v -0.64246612 -0.90750353 -0.46720670
v -0.67607333 -0.84896670 -0.29871497
v -0.67607333 -0.84896670 -0.29871497
v -0.67607333 -0.84896670 -0.29871497
v -0.67607333 -0.84896670 -0.29871497
v -0.67607333 -0.84896670 -0.29871497
v -0.67607333 -0.84896670 -0.29871497
v -0.61837659 -0.87455344 -0.45695685
v -0.61837659 -0.87455344 -0.45695685
v -0.61837659 -0.87455344 -0.45695685
v -0.61837659 -0.87455344 -0.45695685
v -0.61837659 -0.87455344 -0.45695685
v -0.73234549 -0.83877242 -0.05578603
v -0.73234549 -0.83877242 -0.05578603
v -0.73234549 -0.83877242 -0.05578603
v -0.73234549 -0.83877242 -0.05578603
v -0.73234549 -0.83877242 -0.05578603
v -0.73234549 -0.83877242 -0.05578603
v -0.65450620 -0.87773173 -0.28034279
v -0.65450620 -0.87773173 -0.28034279
v -0.60600753 -0.90114002 -0.42549138
v -0.61279421 -0.53575712 -0.50532364
v -0.61279421 -0.53575712 -0.50532364
v -0.61279421 -0.53575712 -0.50532364
v -0.61279421 -0.53575712 -0.50532364
v -0.61279421 -0.53575712 -0.50532364
v -0.61279421 -0.53575712 -0.50532364
v -0.66919662 -0.50418742 -0.31234542
v -0.66919662 -0.50418742 -0.31234542
v -0.66919662 -0.50418742 -0.31234542
v -0.66919662 -0.50418742 -0.31234542
v -0.66919662 -0.50418742 -0.31234542
v -0.70319294 -0.80640155 -0.06136953
v -0.70319294 -0.80640155 -0.06136953
v -0.70319294 -0.80640155 -0.06136953
v -0.70319294 -0.80640155 -0.06136953
v -0.70319294 -0.80640155 -0.06136953
v -0.51365848 -0.93688521 -0.64630234
v -0.51365848 -0.93688521 -0.64630234
v -0.51365848 -0.93688521 -0.64630234
v -0.51365848 -0.93688521 -0.64630234
v -0.58967836 -0.49514100 -0.49568130
v -0.58967836 -0.49514100 -0.49568130
v -0.58967836 -0.49514100 -0.49568130
v -0.58967836 -0.49514100 -0.49568130
v -0.58967836 -0.49514100 -0.49568130
v -0.58967836 -0.49514100 -0.49568130
v -0.64097755 -0.46444759 -0.31157163
v -0.64097755 -0.46444759 -0.31157163
v -0.64097755 -0.46444759 -0.31157163
v -0.64097755 -0.46444759 -0.31157163
v -0.64097755 -0.46444759 -0.31157163
v -0.49781936 -0.90416227 -0.63367731
v -0.49781936 -0.90416227 -0.63367731
v -0.49781936 -0.90416227 -0.63367731
v -0.49781936 -0.90416227 -0.63367731
v -0.49781936 -0.90416227 -0.63367731
v -0.49781936 -0.90416227 -0.63367731
v -0.64628299 -0.69968355 -0.18797470
v -0.64628299 -0.69968355 -0.18797470
v -0.64628299 -0.69968355 -0.18797470
v -0.64628299 -0.69968355 -0.18797470
v -0.64628299 -0.69968355 -0.18797470
v -0.64628299 -0.69968355 -0.18797470
v -0.64628299 -0.69968355 -0.18797470
v -0.68440323 -0.47913982 -0.13025263
v -0.68440323 -0.47913982 -0.13025263
v -0.68440323 -0.47913982 -0.13025263
v -0.68440323 -0.47913982 -0.13025263
v -0.68440323 -0.47913982 -0.13025263
v -0.68440323 -0.47913982 -0.13025263
v -0.67033517 -0.83760508 -0.05133846
v -0.67033517 -0.83760508 -0.05133846
v -0.67033517 -0.83760508 -0.05133846
v -0.72958152 -0.78772418 0.15869319
v -0.72958152 -0.78772418 0.15869319
v -0.72958152 -0.78772418 0.15869319
v -0.72958152 -0.78772418 0.15869319
v -0.72958152 -0.78772418 0.15869319
v -0.72958152 -0.78772418 0.15869319
v -0.52285552 -0.75613799 -0.53484229
v -0.52285552 -0.75613799 -0.53484229
v -0.52285552 -0.75613799 -0.53484229
v -0.52285552 -0.75613799 -0.53484229
v -0.52285552 -0.75613799 -0.53484229
v -0.52285552 -0.75613799 -0.53484229
v -0.52285552 -0.75613799 -0.53484229
v -0.49337912 -0.57341029 -0.68910036
v -0.49337912 -0.57341029 -0.68910036
v -0.49337912 -0.57341029 -0.68910036
v -0.49337912 -0.57341029 -0.68910036
v -0.49337912 -0.57341029 -0.68910036
v -0.69681655 -0.77138090 0.08977028
v -0.69681655 -0.77138090 0.08977028
v -0.69681655 -0.77138090 0.08977028
v -0.69681655 -0.77138090 0.08977028
v -0.69070300 -0.45923959 -0.00485496
v -0.69070300 -0.45923959 -0.00485496
v -0.69070300 -0.45923959 -0.00485496
v -0.69070300 -0.45923959 -0.00485496
v -0.69070300 -0.45923959 -0.00485496
v -0.69070300 -0.45923959 -0.00485496
v -0.65411673 -0.44041667 -0.12781121
v -0.65411673 -0.44041667 -0.12781121
v -0.65411673 -0.44041667 -0.12781121
v -0.65411673 -0.44041667 -0.12781121
v -0.65411673 -0.44041667 -0.12781121
v -0.65411673 -0.44041667 -0.12781121
v -0.45565151 -0.93369881 -0.62360512
v -0.61145939 -0.08392552 -0.38658954
v -0.61145939 -0.08392552 -0.38658954
v -0.61145939 -0.08392552 -0.38658954
v -0.61145939 -0.08392552 -0.38658954
v -0.61145939 -0.08392552 -0.38658954
v -0.61145939 -0.08392552 -0.38658954
v -0.61071097 0.02286342 -0.40746990
v -0.61071097 0.02286342 -0.40746990
v -0.61071097 0.02286342 -0.40746990
v -0.61071097 0.02286342 -0.40746990
v -0.61071097 0.02286342 -0.40746990
v -0.61071097 0.02286342 -0.40746990
v -0.61071097 0.02286342 -0.40746990
v -0.55272284 -0.10869884 -0.54478274
v -0.55272284 -0.10869884 -0.54478274
v -0.55272284 -0.10869884 -0.54478274
v -0.55272284 -0.10869884 -0.54478274
v -0.55272284 -0.10869884 -0.54478274
v -0.55610729 -0.00061192 -0.56762753
v -0.55610729 -0.00061192 -0.56762753
v -0.55610729 -0.00061192 -0.56762753
v -0.55610729 -0.00061192 -0.56762753
v -0.55610729 -0.00061192 -0.56762753
v -0.55610729 -0.00061192 -0.56762753
v -0.46810190 -0.52549299 -0.67364563
v -0.46810190 -0.52549299 -0.67364563
v -0.46810190 -0.52549299 -0.67364563
v -0.46810190 -0.52549299 -0.67364563
v -0.46810190 -0.52549299 -0.67364563
v -0.60641845 -0.48948069 -0.20056443
v -0.60641845 -0.48948069 -0.20056443
v -0.60641845 -0.48948069 -0.20056443
v -0.60641845 -0.48948069 -0.20056443
v -0.60641845 -0.48948069 -0.20056443
v -0.60641845 -0.48948069 -0.20056443
v -0.60641845 -0.48948069 -0.20056443
v -0.68614664 -0.63933855 0.13726390
v -0.68614664 -0.63933855 0.13726390
v -0.68614664 -0.63933855 0.13726390
v -0.68614664 -0.63933855 0.13726390
v -0.68614664 -0.63933855 0.13726390
v -0.49122197 -0.54706369 -0.54067749
v -0.49122197 -0.54706369 -0.54067749
v -0.49122197 -0.54706369 -0.54067749
v -0.49122197 -0.54706369 -0.54067749
v -0.49122197 -0.54706369 -0.54067749
v -0.49122197 -0.54706369 -0.54067749
v -0.49122197 -0.54706369 -0.54067749
v -0.69193429 -0.43771689 0.10267347
v -0.69193429 -0.43771689 0.10267347
v -0.69193429 -0.43771689 0.10267347
v -0.69193429 -0.43771689 0.10267347
v -0.69193429 -0.43771689 0.10267347
v -0.69193429 -0.43771689 0.10267347
v -0.65842878 -0.42298009 -0.01186692
v -0.65842878 -0.42298009 -0.01186692
v -0.65842878 -0.42298009 -0.01186692
v -0.65842878 -0.42298009 -0.01186692
v -0.65842878 -0.42298009 -0.01186692
v -0.67276705 -0.78696291 0.15856287
v -0.67276705 -0.78696291 0.15856287
v -0.67276705 -0.78696291 0.15856287
v -0.67276705 -0.78696291 0.15856287
v -0.63391265 -0.05544147 -0.21176060
v -0.63391265 -0.05544147 -0.21176060
v -0.63391265 -0.05544147 -0.21176060
v -0.63391265 -0.05544147 -0.21176060
v -0.63391265 -0.05544147 -0.21176060
v -0.65975133 -0.64813097 0.07387884
v -0.65975133 -0.64813097 0.07387884
v -0.65975133 -0.64813097 0.07387884
v -0.65975133 -0.64813097 0.07387884
v -0.65975133 -0.64813097 0.07387884
v -0.65975133 -0.64813097 0.07387884
v -0.65975133 -0.64813097 0.07387884
v -0.55516719 -0.09537470 -0.45570705
v -0.55516719 -0.09537470 -0.45570705
v -0.55516719 -0.09537470 -0.45570705
v -0.55516719 -0.09537470 -0.45570705
v -0.55516719 -0.09537470 -0.45570705
v -0.55516719 -0.09537470 -0.45570705
v -0.55516719 -0.09537470 -0.45570705
v -0.55516719 -0.09537470 -0.45570705
v -0.53016887 0.00832557 -0.56060600
v -0.53016887 0.00832557 -0.56060600
v -0.53016887 0.00832557 -0.56060600
v -0.53016887 0.00832557 -0.56060600
v -0.53016887 0.00832557 -0.56060600
v -0.63314245 0.05252004 -0.23065270
v -0.63314245 0.05252004 -0.23065270
v -0.63314245 0.05252004 -0.23065270
v -0.63314245 0.05252004 -0.23065270
v -0.63314245 0.05252004 -0.23065270
v -0.57859747 0.02669843 -0.39724786
v -0.57859747 0.02669843 -0.39724786
v -0.57859747 0.02669843 -0.39724786
v -0.57859747 0.02669843 -0.39724786
v -0.57859747 0.02669843 -0.39724786
v -0.36887261 -0.95598509 -0.75994983
v -0.36887261 -0.95598509 -0.75994983
v -0.36887261 -0.95598509 -0.75994983
v -0.36887261 -0.95598509 -0.75994983
v -0.36887261 -0.95598509 -0.75994983
v -0.45703143 -0.02214949 -0.72092569
v -0.45703143 -0.02214949 -0.72092569
v -0.45703143 -0.02214949 -0.72092569
v -0.45703143 -0.02214949 -0.72092569
v -0.45703143 -0.02214949 -0.72092569
v -0.45703143 -0.02214949 -0.72092569
v -0.65352336 -0.40389189 0.08899459
v -0.65352336 -0.40389189 0.08899459
v -0.65352336 -0.40389189 0.08899459
v -0.65352336 -0.40389189 0.08899459
v -0.35296332 -0.92173162 -0.73788704
v -0.35296332 -0.92173162 -0.73788704
v -0.35296332 -0.92173162 -0.73788704
v -0.35296332 -0.92173162 -0.73788704
v -0.35296332 -0.92173162 -0.73788704
v -0.44233632 -0.13442064 -0.70083645
v -0.44233632 -0.13442064 -0.70083645
v -0.44233632 -0.13442064 -0.70083645
v -0.44233632 -0.13442064 -0.70083645
v -0.44233632 -0.13442064 -0.70083645
v -0.44233632 -0.13442064 -0.70083645
v -0.60006134 0.05585129 -0.23044739
v -0.60006134 0.05585129 -0.23044739
v -0.60006134 0.05585129 -0.23044739
v -0.60006134 0.05585129 -0.23044739
v -0.60006134 0.05585129 -0.23044739
v -0.60006134 0.05585129 -0.23044739
v -0.63601537 -0.03641878 -0.07447345
v -0.63601537 -0.03641878 -0.07447345
v -0.63601537 -0.03641878 -0.07447345
v -0.63601537 -0.03641878 -0.07447345
v -0.63601537 -0.03641878 -0.07447345
v -0.63601537 -0.03641878 -0.07447345
v -0.63697135 0.12477165 -0.10923371
v -0.63697135 0.12477165 -0.10923371
v -0.63697135 0.12477165 -0.10923371
v -0.63697135 0.12477165 -0.10923371
v -0.63697135 0.12477165 -0.10923371
v -0.63697135 0.12477165 -0.10923371
v -0.63247565 -0.64365227 0.13660256
v -0.63247565 -0.64365227 0.13660256
v -0.63247565 -0.64365227 0.13660256
v -0.63522406 0.07301957 -0.09190409
v -0.63522406 0.07301957 -0.09190409
v -0.63522406 0.07301957 -0.09190409
v -0.63522406 0.07301957 -0.09190409
v -0.63522406 0.07301957 -0.09190409
v -0.63522406 0.07301957 -0.09190409
v -0.50561761 0.23610936 -0.56733599
v -0.50561761 0.23610936 -0.56733599
v -0.50561761 0.23610936 -0.56733599
v -0.50561761 0.23610936 -0.56733599
v -0.50561761 0.23610936 -0.56733599
v -0.50561761 0.23610936 -0.56733599
v -0.50561761 0.23610936 -0.56733599
v -0.50561761 0.23610936 -0.56733599
v -0.62183972 -0.07520100 -0.06902946
v -0.62183972 -0.07520100 -0.06902946
v -0.62183972 -0.07520100 -0.06902946
v -0.62183972 -0.07520100 -0.06902946
v -0.62183972 -0.07520100 -0.06902946
v -0.63390908 0.09035305 -0.06903579
v -0.63390908 0.09035305 -0.06903579
v -0.63390908 0.09035305 -0.06903579
v -0.63390908 0.09035305 -0.06903579
v -0.63390908 0.09035305 -0.06903579
v -0.63390908 0.09035305 -0.06903579
v -0.60030430 -0.04626453 -0.13322403
v -0.60030430 -0.04626453 -0.13322403
v -0.60030430 -0.04626453 -0.13322403
v -0.60030430 -0.04626453 -0.13322403
v -0.60030430 -0.04626453 -0.13322403
v -0.60030430 -0.04626453 -0.13322403
v -0.60030430 -0.04626453 -0.13322403
v -0.60030430 -0.04626453 -0.13322403
v -0.60030430 -0.04626453 -0.13322403
v -0.34139386 -0.59086414 -0.80999224
v -0.34139386 -0.59086414 -0.80999224
v -0.34139386 -0.59086414 -0.80999224
v -0.34139386 -0.59086414 -0.80999224
v -0.34139386 -0.59086414 -0.80999224
v -0.34139386 -0.59086414 -0.80999224
v -0.43001783 -0.01601411 -0.70325920
v -0.43001783 -0.01601411 -0.70325920
v -0.43001783 -0.01601411 -0.70325920
v -0.43001783 -0.01601411 -0.70325920
v -0.43001783 -0.01601411 -0.70325920
v -0.43001783 -0.01601411 -0.70325920
v -0.43001783 -0.01601411 -0.70325920
v -0.62550519 -0.03964857 -0.04051188
v -0.62550519 -0.03964857 -0.04051188
v -0.62550519 -0.03964857 -0.04051188
v -0.62550519 -0.03964857 -0.04051188
v -0.62550519 -0.03964857 -0.04051188
v -0.62550519 -0.03964857 -0.04051188
v -0.63097006 -0.44758755 0.11977255
v -0.63097006 -0.44758755 0.11977255
v -0.63097006 -0.44758755 0.11977255
v -0.63097006 -0.44758755 0.11977255
v -0.63097006 -0.44758755 0.11977255
v -0.63097006 -0.44758755 0.11977255
v -0.63097006 -0.44758755 0.11977255
v -0.63097006 -0.44758755 0.11977255
v -0.63097006 -0.44758755 0.11977255
v -0.63097006 -0.44758755 0.11977255
v -0.63097006 -0.44758755 0.11977255
v -0.32728095 -0.95032584 -0.72243195
v -0.32728095 -0.95032584 -0.72243195
v -0.32728095 -0.95032584 -0.72243195
v -0.56986011 0.25456498 -0.28767628
v -0.56986011 0.25456498 -0.28767628
v -0.56986011 0.25456498 -0.28767628
v -0.56986011 0.25456498 -0.28767628
v -0.56986011 0.25456498 -0.28767628
v -0.56986011 0.25456498 -0.28767628
v -0.56986011 0.25456498 -0.28767628
v -0.60735512 0.07499968 -0.09767320
v -0.60735512 0.07499968 -0.09767320
v -0.60735512 0.07499968 -0.09767320
v -0.60735512 0.07499968 -0.09767320
v -0.60735512 0.07499968 -0.09767320
v -0.63655160 0.10085856 -0.00854977
v -0.63655160 0.10085856 -0.00854977
v -0.63655160 0.10085856 -0.00854977
v -0.63655160 0.10085856 -0.00854977
v -0.63655160 0.10085856 -0.00854977
v -0.63655160 0.10085856 -0.00854977
v -0.59931773 -0.44233594 0.05269432
v -0.59931773 -0.44233594 0.05269432
v -0.59931773 -0.44233594 0.05269432
v -0.59931773 -0.44233594 0.05269432
v -0.59931773 -0.44233594 0.05269432
v -0.62711449 -0.02736782 0.01760386
v -0.62711449 -0.02736782 0.01760386
v -0.62711449 -0.02736782 0.01760386
v -0.62711449 -0.02736782 0.01760386
v -0.62711449 -0.02736782 0.01760386
v -0.62711449 -0.02736782 0.01760386
v -0.63852170 0.09288510 0.01779970
v -0.63852170 0.09288510 0.01779970
v -0.63852170 0.09288510 0.01779970
v -0.63852170 0.09288510 0.01779970
v -0.63852170 0.09288510 0.01779970
v -0.63852170 0.09288510 0.01779970
v -0.63852170 0.09288510 0.01779970
v -0.63927272 0.13171458 0.01176249
v -0.63927272 0.13171458 0.01176249
v -0.63927272 0.13171458 0.01176249
v -0.63927272 0.13171458 0.01176249
v -0.63927272 0.13171458 0.01176249
v -0.60285142 0.12812663 -0.10809290
v -0.60285142 0.12812663 -0.10809290
v -0.60285142 0.12812663 -0.10809290
v -0.60285142 0.12812663 -0.10809290
v -0.60285142 0.12812663 -0.10809290
v -0.60285142 0.12812663 -0.10809290
v -0.63006296 -0.02489847 0.03887916
v -0.63006296 -0.02489847 0.03887916
v -0.63006296 -0.02489847 0.03887916
v -0.63006296 -0.02489847 0.03887916
v -0.63006296 -0.02489847 0.03887916
v -0.63006296 -0.02489847 0.03887916
v -0.63006296 -0.02489847 0.03887916
v -0.63909908 0.15118269 0.01403513
v -0.63909908 0.15118269 0.01403513
v -0.63909908 0.15118269 0.01403513
v -0.63909908 0.15118269 0.01403513
v -0.63909908 0.15118269 0.01403513
v -0.63909908 0.15118269 0.01403513
v -0.58980296 -0.07388074 -0.06802055
v -0.58980296 -0.07388074 -0.06802055
v -0.58980296 -0.07388074 -0.06802055
v -0.58980296 -0.07388074 -0.06802055
v -0.58980296 -0.07388074 -0.06802055
v -0.58980296 -0.07388074 -0.06802055
v -0.58980296 -0.07388074 -0.06802055
v -0.32537792 -0.54449528 -0.78676959
v -0.32537792 -0.54449528 -0.78676959
v -0.32537792 -0.54449528 -0.78676959
v -0.32537792 -0.54449528 -0.78676959
v -0.32537792 -0.54449528 -0.78676959
v -0.62598184 -0.04609272 0.05902842
v -0.62598184 -0.04609272 0.05902842
v -0.62598184 -0.04609272 0.05902842
v -0.62598184 -0.04609272 0.05902842
v -0.62598184 -0.04609272 0.05902842
v -0.62598184 -0.04609272 0.05902842
v -0.62598184 -0.04609272 0.05902842
v -0.61799525 -0.41642521 0.17280548
v -0.61799525 -0.41642521 0.17280548
v -0.61799525 -0.41642521 0.17280548
v -0.61799525 -0.41642521 0.17280548
v -0.61799525 -0.41642521 0.17280548
v -0.59240376 -0.03822597 -0.03443812
v -0.59240376 -0.03822597 -0.03443812
v -0.59240376 -0.03822597 -0.03443812
v -0.59240376 -0.03822597 -0.03443812
v -0.59240376 -0.03822597 -0.03443812
v -0.59240376 -0.03822597 -0.03443812
v -0.48217885 0.60141745 -0.60268661
v -0.48217885 0.60141745 -0.60268661
v -0.48217885 0.60141745 -0.60268661
v -0.48217885 0.60141745 -0.60268661
v -0.48217885 0.60141745 -0.60268661
v -0.48217885 0.60141745 -0.60268661
v -0.60538594 -0.02593264 0.02188909
v -0.60538594 -0.02593264 0.02188909
v -0.60538594 -0.02593264 0.02188909
v -0.60538594 -0.02593264 0.02188909
v -0.60538594 -0.02593264 0.02188909
v -0.60538594 -0.02593264 0.02188909
v -0.40535892 0.40264523 -0.77952230
v -0.40535892 0.40264523 -0.77952230
v -0.40535892 0.40264523 -0.77952230
v -0.40535892 0.40264523 -0.77952230
v -0.40535892 0.40264523 -0.77952230
v -0.40535892 0.40264523 -0.77952230
v -0.58942677 0.09386358 -0.06262939
v -0.58942677 0.09386358 -0.06262939
v -0.58942677 0.09386358 -0.06262939
v -0.58942677 0.09386358 -0.06262939
v -0.58942677 0.09386358 -0.06262939
v -0.58942677 0.09386358 -0.06262939
v -0.62448301 -0.01597869 0.09483064
v -0.62448301 -0.01597869 0.09483064
v -0.62448301 -0.01597869 0.09483064
v -0.62448301 -0.01597869 0.09483064
v -0.62448301 -0.01597869 0.09483064
v -0.62448301 -0.01597869 0.09483064
v -0.62448301 -0.01597869 0.09483064
v -0.58862775 -0.44876996 0.12033294
v -0.58862775 -0.44876996 0.12033294
v -0.58862775 -0.44876996 0.12033294
v -0.48068612 0.49626062 -0.55535996
v -0.48068612 0.49626062 -0.55535996
v -0.48068612 0.49626062 -0.55535996
v -0.48068612 0.49626062 -0.55535996
v -0.48068612 0.49626062 -0.55535996
v -0.48068612 0.49626062 -0.55535996
v -0.53748740 0.47306770 -0.35415513
v -0.53748740 0.47306770 -0.35415513
v -0.53748740 0.47306770 -0.35415513
v -0.53748740 0.47306770 -0.35415513
v -0.53748740 0.47306770 -0.35415513
v -0.53748740 0.47306770 -0.35415513
v -0.62581407 0.08834858 0.07499109
v -0.62581407 0.08834858 0.07499109
v -0.62581407 0.08834858 0.07499109
v -0.62581407 0.08834858 0.07499109
v -0.62581407 0.08834858 0.07499109
v -0.60344618 0.10384824 -0.00392501
v -0.60344618 0.10384824 -0.00392501
v -0.60344618 0.10384824 -0.00392501
v -0.60344618 0.10384824 -0.00392501
v -0.60344618 0.10384824 -0.00392501
v -0.60344618 0.10384824 -0.00392501
v -0.35586758 -0.14122860 -0.73980958
v -0.35586758 -0.14122860 -0.73980958
v -0.35586758 -0.14122860 -0.73980958
v -0.35586758 -0.14122860 -0.73980958
v -0.35586758 -0.14122860 -0.73980958
v -0.35586758 -0.14122860 -0.73980958
v -0.35586758 -0.14122860 -0.73980958
v -0.35586758 -0.14122860 -0.73980958
v -0.35586758 -0.14122860 -0.73980958
v -0.41359631 0.35342314 -0.70931501
v -0.41359631 0.35342314 -0.70931501
v -0.41359631 0.35342314 -0.70931501
v -0.41359631 0.35342314 -0.70931501
v -0.41359631 0.35342314 -0.70931501
v -0.60237486 0.09058490 0.02013124
v -0.60237486 0.09058490 0.02013124
v -0.60237486 0.09058490 0.02013124
v -0.60237486 0.09058490 0.02013124
v -0.60237486 0.09058490 0.02013124
v -0.60315596 0.12587071 0.01400092
v -0.60315596 0.12587071 0.01400092
v -0.60315596 0.12587071 0.01400092
v -0.60315596 0.12587071 0.01400092
v -0.60315596 0.12587071 0.01400092
v -0.60315596 0.12587071 0.01400092
v -0.60315596 0.12587071 0.01400092
v -0.60315596 0.12587071 0.01400092
v -0.60292432 0.15308787 0.01534713
v -0.60292432 0.15308787 0.01534713
v -0.60292432 0.15308787 0.01534713
v -0.60292432 0.15308787 0.01534713
v -0.60292432 0.15308787 0.01534713
v -0.60292432 0.15308787 0.01534713
v -0.64282699 -0.59063775 0.39949458
v -0.64282699 -0.59063775 0.39949458
v -0.64282699 -0.59063775 0.39949458
v -0.64282699 -0.59063775 0.39949458
v -0.64282699 -0.59063775 0.39949458
v -0.64282699 -0.59063775 0.39949458
v -0.64282699 -0.59063775 0.39949458
v -0.64282699 -0.59063775 0.39949458
v -0.59081222 -0.02445491 0.03838625
v -0.59081222 -0.02445491 0.03838625
v -0.59081222 -0.02445491 0.03838625
v -0.59081222 -0.02445491 0.03838625
v -0.63775008 -0.75838367 0.44131049
v -0.63775008 -0.75838367 0.44131049
v -0.63775008 -0.75838367 0.44131049
v -0.63775008 -0.75838367 0.44131049
v -0.63775008 -0.75838367 0.44131049
v -0.63775008 -0.75838367 0.44131049
v -0.58985532 -0.04693865 0.05614137
v -0.58985532 -0.04693865 0.05614137
v -0.58985532 -0.04693865 0.05614137
v -0.58985532 -0.04693865 0.05614137
v -0.58985532 -0.04693865 0.05614137
v -0.62225036 -0.90784443 0.47393459
v -0.62225036 -0.90784443 0.47393459
v -0.62225036 -0.90784443 0.47393459
v -0.62225036 -0.90784443 0.47393459
v -0.50703967 0.71086445 -0.42347098
v -0.50703967 0.71086445 -0.42347098
v -0.50703967 0.71086445 -0.42347098
v -0.50703967 0.71086445 -0.42347098
v -0.50703967 0.71086445 -0.42347098
v -0.50703967 0.71086445 -0.42347098
v -0.61300245 -0.59507705 0.38431719
v -0.61300245 -0.59507705 0.38431719
v -0.61300245 -0.59507705 0.38431719
v -0.49657144 0.58204080 -0.39677803
v -0.49657144 0.58204080 -0.39677803
v -0.49657144 0.58204080 -0.39677803
v -0.49657144 0.58204080 -0.39677803
v -0.49657144 0.58204080 -0.39677803
v -0.29754780 -0.15519238 -0.81182488
v -0.29754780 -0.15519238 -0.81182488
v -0.29754780 -0.15519238 -0.81182488
v -0.29754780 -0.15519238 -0.81182488
v -0.29754780 -0.15519238 -0.81182488
v -0.29679609 -0.04607913 -0.83528186
v -0.29679609 -0.04607913 -0.83528186
v -0.29679609 -0.04607913 -0.83528186
v -0.29679609 -0.04607913 -0.83528186
v -0.29679609 -0.04607913 -0.83528186
v -0.29679609 -0.04607913 -0.83528186
v -0.33262982 0.22166200 -0.80475067
v -0.33262982 0.22166200 -0.80475067
v -0.33262982 0.22166200 -0.80475067
v -0.33262982 0.22166200 -0.80475067
v -0.33262982 0.22166200 -0.80475067
v -0.32034181 0.23930484 -0.84585614
v -0.32034181 0.23930484 -0.84585614
v -0.32034181 0.23930484 -0.84585614
v -0.32034181 0.23930484 -0.84585614
v -0.32034181 0.23930484 -0.84585614
v -0.56739720 0.39635216 -0.07524335
v -0.56739720 0.39635216 -0.07524335
v -0.56739720 0.39635216 -0.07524335
v -0.56739720 0.39635216 -0.07524335
v -0.56739720 0.39635216 -0.07524335
v -0.56739720 0.39635216 -0.07524335
v -0.60068613 -0.75961653 0.42331025
v -0.60068613 -0.75961653 0.42331025
v -0.60068613 -0.75961653 0.42331025
v -0.60068613 -0.75961653 0.42331025
v -0.61407780 -0.30368520 0.32426049
v -0.61407780 -0.30368520 0.32426049
v -0.61407780 -0.30368520 0.32426049
v -0.61407780 -0.30368520 0.32426049
v -0.61407780 -0.30368520 0.32426049
v -0.61407780 -0.30368520 0.32426049
v -0.61407780 -0.30368520 0.32426049
v -0.61407780 -0.30368520 0.32426049
v -0.24047170 -0.79408366 -0.75557530
v -0.24047170 -0.79408366 -0.75557530
v -0.24047170 -0.79408366 -0.75557530
v -0.24047170 -0.79408366 -0.75557530
v -0.24047170 -0.79408366 -0.75557530
v -0.24047170 -0.79408366 -0.75557530
v -0.59038086 -0.90875754 0.45062251
v -0.59038086 -0.90875754 0.45062251
v -0.59038086 -0.90875754 0.45062251
v -0.59038086 -0.90875754 0.45062251
v -0.59038086 -0.90875754 0.45062251
v -0.61340317 -0.55954217 0.43998631
v -0.61340317 -0.55954217 0.43998631
v -0.61340317 -0.55954217 0.43998631
v -0.61340317 -0.55954217 0.43998631
v -0.61340317 -0.55954217 0.43998631
v -0.61340317 -0.55954217 0.43998631
v -0.60237603 -0.75444957 0.47783156
v -0.60237603 -0.75444957 0.47783156
v -0.60237603 -0.75444957 0.47783156
v -0.60237603 -0.75444957 0.47783156
v -0.60237603 -0.75444957 0.47783156
v -0.59498381 -0.87407930 0.49588385
v -0.59498381 -0.87407930 0.49588385
v -0.59498381 -0.87407930 0.49588385
v -0.59498381 -0.87407930 0.49588385
v -0.59498381 -0.87407930 0.49588385
v -0.59498381 -0.87407930 0.49588385
v -0.61222342 0.11475124 0.23506939
v -0.61222342 0.11475124 0.23506939
v -0.61222342 0.11475124 0.23506939
v -0.61222342 0.11475124 0.23506939
v -0.61222342 0.11475124 0.23506939
v -0.61394851 0.16436284 0.22421995
v -0.61394851 0.16436284 0.22421995
v -0.61394851 0.16436284 0.22421995
v -0.61394851 0.16436284 0.22421995
v -0.61394851 0.16436284 0.22421995
v -0.61394851 0.16436284 0.22421995
v -0.61394851 0.16436284 0.22421995
v -0.28207458 -0.03766548 -0.80390024
v -0.28207458 -0.03766548 -0.80390024
v -0.28207458 -0.03766548 -0.80390024
v -0.28207458 -0.03766548 -0.80390024
v -0.28207458 -0.03766548 -0.80390024
v -0.17633597 -0.97033237 -0.84110649
v -0.17633597 -0.97033237 -0.84110649
v -0.17633597 -0.97033237 -0.84110649
v -0.17633597 -0.97033237 -0.84110649
v -0.17633597 -0.97033237 -0.84110649
v -0.17633597 -0.97033237 -0.84110649
v -0.23159150 -0.58340328 -0.76838272
v -0.23159150 -0.58340328 -0.76838272
v -0.23159150 -0.58340328 -0.76838272
v -0.23159150 -0.58340328 -0.76838272
v -0.23159150 -0.58340328 -0.76838272
v -0.23159150 -0.58340328 -0.76838272
v -0.23159150 -0.58340328 -0.76838272
v -0.23159150 -0.58340328 -0.76838272
v -0.17589643 -0.93292716 -0.81942952
v -0.17589643 -0.93292716 -0.81942952
v -0.17589643 -0.93292716 -0.81942952
v -0.17589643 -0.93292716 -0.81942952
v -0.17589643 -0.93292716 -0.81942952
v -0.17589643 -0.93292716 -0.81942952
v -0.32147733 0.41265125 -0.75742424
v -0.32147733 0.41265125 -0.75742424
v -0.32147733 0.41265125 -0.75742424
v -0.32147733 0.41265125 -0.75742424
v -0.32147733 0.41265125 -0.75742424
v -0.57893662 0.15893147 0.21412001
v -0.57893662 0.15893147 0.21412001
v -0.57893662 0.15893147 0.21412001
v -0.57893662 0.15893147 0.21412001
v -0.57893662 0.15893147 0.21412001
v -0.57893662 0.15893147 0.21412001
v -0.27167501 0.24525729 -0.83408974
v -0.27167501 0.24525729 -0.83408974
v -0.27167501 0.24525729 -0.83408974
v -0.27167501 0.24525729 -0.83408974
v -0.27167501 0.24525729 -0.83408974
v -0.27167501 0.24525729 -0.83408974
v -0.50605670 0.64726850 -0.17753477
v -0.50605670 0.64726850 -0.17753477
v -0.50605670 0.64726850 -0.17753477
v -0.50605670 0.64726850 -0.17753477
v -0.50605670 0.64726850 -0.17753477
v -0.50605670 0.64726850 -0.17753477
v -0.50605670 0.64726850 -0.17753477
v -0.51324505 0.78224752 -0.18285571
v -0.51324505 0.78224752 -0.18285571
v -0.51324505 0.78224752 -0.18285571
v -0.51324505 0.78224752 -0.18285571
v -0.51324505 0.78224752 -0.18285571
v -0.51324505 0.78224752 -0.18285571
v -0.15425176 -0.96204306 -0.78791576
v -0.15425176 -0.96204306 -0.78791576
v -0.36136701 0.58937869 -0.59251000
v -0.36136701 0.58937869 -0.59251000
v -0.36136701 0.58937869 -0.59251000
v -0.36136701 0.58937869 -0.59251000
v -0.36136701 0.58937869 -0.59251000
v -0.36136701 0.58937869 -0.59251000
v -0.15594418 -0.60022919 -0.87443510
v -0.15594418 -0.60022919 -0.87443510
v -0.15594418 -0.60022919 -0.87443510
v -0.15594418 -0.60022919 -0.87443510
v -0.15594418 -0.60022919 -0.87443510
v -0.21645492 0.06726447 -0.85511901
v -0.21645492 0.06726447 -0.85511901
v -0.21645492 0.06726447 -0.85511901
v -0.21645492 0.06726447 -0.85511901
v -0.21645492 0.06726447 -0.85511901
v -0.21645492 0.06726447 -0.85511901
v -0.21645492 0.06726447 -0.85511901
v -0.21645492 0.06726447 -0.85511901
v -0.21645492 0.06726447 -0.85511901
v -0.54490943 0.30535734 0.17706017
v -0.54490943 0.30535734 0.17706017
v -0.54490943 0.30535734 0.17706017
v -0.54490943 0.30535734 0.17706017
v -0.54490943 0.30535734 0.17706017
v -0.54490943 0.30535734 0.17706017
v -0.56045019 -0.93553869 0.65156760
v -0.56045019 -0.93553869 0.65156760
v -0.56045019 -0.93553869 0.65156760
v -0.56045019 -0.93553869 0.65156760
v -0.56045019 -0.93553869 0.65156760
v -0.56045019 -0.93553869 0.65156760
v -0.14664457 -0.55543676 -0.84949621
v -0.14664457 -0.55543676 -0.84949621
v -0.14664457 -0.55543676 -0.84949621
v -0.14664457 -0.55543676 -0.84949621
v -0.14664457 -0.55543676 -0.84949621
v -0.14664457 -0.55543676 -0.84949621
v -0.56197021 -0.21033831 0.44359206
v -0.56197021 -0.21033831 0.44359206
v -0.56197021 -0.21033831 0.44359206
v -0.56197021 -0.21033831 0.44359206
v -0.56197021 -0.21033831 0.44359206
v -0.56197021 -0.21033831 0.44359206
v -0.54265972 -0.89643166 0.63692765
v -0.54265972 -0.89643166 0.63692765
v -0.54265972 -0.89643166 0.63692765
v -0.54265972 -0.89643166 0.63692765
v -0.54265972 -0.89643166 0.63692765
v -0.54265972 -0.89643166 0.63692765
v -0.56061041 0.13476987 0.37190234
v -0.56061041 0.13476987 0.37190234
v -0.56061041 0.13476987 0.37190234
v -0.56061041 0.13476987 0.37190234
v -0.56061041 0.13476987 0.37190234
v -0.52137371 -0.93155990 0.61787474
v -0.52137371 -0.93155990 0.61787474
v -0.52137371 -0.93155990 0.61787474
v -0.55626613 -0.17815665 0.48862533
v -0.55626613 -0.17815665 0.48862533
v -0.55626613 -0.17815665 0.48862533
v -0.55626613 -0.17815665 0.48862533
v -0.55626613 -0.17815665 0.48862533
v -0.55626613 -0.17815665 0.48862533
v -0.53635755 -0.73876672 0.61145709
v -0.53635755 -0.73876672 0.61145709
v -0.53635755 -0.73876672 0.61145709
v -0.53635755 -0.73876672 0.61145709
v -0.53635755 -0.73876672 0.61145709
v -0.53635755 -0.73876672 0.61145709
v -0.53635755 -0.73876672 0.61145709
v -0.51042274 0.52915501 0.11136480
v -0.51042274 0.52915501 0.11136480
v -0.51042274 0.52915501 0.11136480
v -0.51042274 0.52915501 0.11136480
v -0.51042274 0.52915501 0.11136480
v -0.51042274 0.52915501 0.11136480
v -0.36571570 0.68710355 -0.42140447
v -0.36571570 0.68710355 -0.42140447
v -0.36571570 0.68710355 -0.42140447
v -0.36571570 0.68710355 -0.42140447
v -0.36571570 0.68710355 -0.42140447
v -0.36571570 0.68710355 -0.42140447
v -0.36571570 0.68710355 -0.42140447
v -0.55580471 0.19098848 0.40666175
v -0.55580471 0.19098848 0.40666175
v -0.55580471 0.19098848 0.40666175
v -0.55580471 0.19098848 0.40666175
v -0.55580471 0.19098848 0.40666175
v -0.55580471 0.19098848 0.40666175
v -0.55580471 0.19098848 0.40666175
v -0.55580471 0.19098848 0.40666175
v -0.52727291 -0.48003319 0.56759824
v -0.52727291 -0.48003319 0.56759824
v -0.52727291 -0.48003319 0.56759824
v -0.52727291 -0.48003319 0.56759824
v -0.52727291 -0.48003319 0.56759824
v -0.52727291 -0.48003319 0.56759824
v -0.12502103 -0.16905844 -0.87212618
v -0.12502103 -0.16905844 -0.87212618
v -0.12502103 -0.16905844 -0.87212618
v -0.12502103 -0.16905844 -0.87212618
v -0.12502103 -0.16905844 -0.87212618
v -0.12502103 -0.16905844 -0.87212618
v -0.12428396 -0.06524791 -0.89086323
v -0.12428396 -0.06524791 -0.89086323
v -0.12428396 -0.06524791 -0.89086323
v -0.12428396 -0.06524791 -0.89086323
v -0.12428396 -0.06524791 -0.89086323
v -0.12428396 -0.06524791 -0.89086323
v -0.48682684 0.65750994 0.08180857
v -0.48682684 0.65750994 0.08180857
v -0.48682684 0.65750994 0.08180857
v -0.48682684 0.65750994 0.08180857
v -0.48682684 0.65750994 0.08180857
v -0.51851329 -0.06965345 0.43609162
v -0.51851329 -0.06965345 0.43609162
v -0.51851329 -0.06965345 0.43609162
v -0.51851329 -0.06965345 0.43609162
v -0.51851329 -0.06965345 0.43609162
v -0.51851329 -0.06965345 0.43609162
v -0.51851329 -0.06965345 0.43609162
v -0.51107967 -0.18525925 0.45553344
v -0.51107967 -0.18525925 0.45553344
v -0.51107967 -0.18525925 0.45553344
v -0.51107967 -0.18525925 0.45553344
v -0.52810793 0.17400526 0.39819419
v -0.52810793 0.17400526 0.39819419
v -0.52810793 0.17400526 0.39819419
v -0.52810793 0.17400526 0.39819419
v -0.52810793 0.17400526 0.39819419
v -0.52810793 0.17400526 0.39819419
v -0.52810793 0.17400526 0.39819419
v -0.10653212 -0.09065621 -0.90969038
v -0.10653212 -0.09065621 -0.90969038
v -0.10653212 -0.09065621 -0.90969038
v -0.10653212 -0.09065621 -0.90969038
v -0.10653212 -0.09065621 -0.90969038
v -0.10653212 -0.09065621 -0.90969038
v -0.49702841 0.78501540 0.10046417
v -0.49702841 0.78501540 0.10046417
v -0.49702841 0.78501540 0.10046417
v -0.49702841 0.78501540 0.10046417
v -0.49702841 0.78501540 0.10046417
v -0.49702841 0.78501540 0.10046417
v -0.12195381 -0.05328690 -0.86368898
v -0.12195381 -0.05328690 -0.86368898
v -0.12195381 -0.05328690 -0.86368898
v -0.12195381 -0.05328690 -0.86368898
v -0.12195381 -0.05328690 -0.86368898
v -0.50987143 -0.03717388 0.45443232
v -0.50987143 -0.03717388 0.45443232
v -0.50987143 -0.03717388 0.45443232
v -0.50987143 -0.03717388 0.45443232
v -0.50987143 -0.03717388 0.45443232
v -0.50987143 -0.03717388 0.45443232
v -0.50713805 0.07677038 0.41074189
v -0.50713805 0.07677038 0.41074189
v -0.50713805 0.07677038 0.41074189
v -0.50713805 0.07677038 0.41074189
v -0.50713805 0.07677038 0.41074189
v -0.50713805 0.07677038 0.41074189
v -0.50713805 0.07677038 0.41074189
v -0.50567337 0.13704467 0.40049516
v -0.50567337 0.13704467 0.40049516
v -0.50567337 0.13704467 0.40049516
v -0.50567337 0.13704467 0.40049516
v -0.50521702 0.03099523 0.44847845
v -0.50521702 0.03099523 0.44847845
v -0.50521702 0.03099523 0.44847845
v -0.50521702 0.03099523 0.44847845
v -0.50521702 0.03099523 0.44847845
v -0.50521702 0.03099523 0.44847845
v -0.50521702 0.03099523 0.44847845
v -0.49928187 0.17557935 0.38056919
v -0.49928187 0.17557935 0.38056919
v -0.49928187 0.17557935 0.38056919
v -0.49928187 0.17557935 0.38056919
v -0.49928187 0.17557935 0.38056919
v -0.10603420 -0.07905949 -0.84386728
v -0.10603420 -0.07905949 -0.84386728
v -0.49801524 -0.31054311 0.56417134
v -0.49801524 -0.31054311 0.56417134
v -0.49801524 -0.31054311 0.56417134
v -0.49801524 -0.31054311 0.56417134
v -0.49801524 -0.31054311 0.56417134
v -0.49801524 -0.31054311 0.56417134
v -0.00649241 -0.97278435 -0.84881113
v -0.00649241 -0.97278435 -0.84881113
v -0.00649241 -0.97278435 -0.84881113
v -0.00649241 -0.97278435 -0.84881113
v -0.00649241 -0.97278435 -0.84881113
v -0.06358461 -0.21533309 -0.89786337
v -0.06358461 -0.21533309 -0.89786337
v -0.06358461 -0.21533309 -0.89786337
v -0.06358461 -0.21533309 -0.89786337
v -0.06358461 -0.21533309 -0.89786337
v -0.00605063 -0.93530327 -0.82686146
v -0.00605063 -0.93530327 -0.82686146
v -0.00605063 -0.93530327 -0.82686146
v -0.00605063 -0.93530327 -0.82686146
v -0.00605063 -0.93530327 -0.82686146
v -0.00605063 -0.93530327 -0.82686146
v -0.36879792 0.76120166 -0.18044863
v -0.36879792 0.76120166 -0.18044863
v -0.36879792 0.76120166 -0.18044863
v -0.36879792 0.76120166 -0.18044863
v -0.36879792 0.76120166 -0.18044863
v -0.36879792 0.76120166 -0.18044863
v -0.00619351 -0.96638989 -0.80854102
v -0.00619351 -0.96638989 -0.80854102
v -0.49644980 -0.27189641 0.59938177
v -0.49644980 -0.27189641 0.59938177
v -0.49644980 -0.27189641 0.59938177
v -0.49644980 -0.27189641 0.59938177
v -0.49644980 -0.27189641 0.59938177
v -0.49644980 -0.27189641 0.59938177
v -0.49644980 -0.27189641 0.59938177
v -0.46060337 -0.04568469 0.41505586
v -0.46060337 -0.04568469 0.41505586
v -0.46060337 -0.04568469 0.41505586
v -0.06310230 -0.20501301 -0.83287567
v -0.06310230 -0.20501301 -0.83287567
v -0.06310230 -0.20501301 -0.83287567
v -0.45697141 0.02398194 0.40879913
v -0.45697141 0.02398194 0.40879913
v -0.45697141 0.02398194 0.40879913
v -0.00373523 -0.60642904 -0.88941263
v -0.00373523 -0.60642904 -0.88941263
v -0.00373523 -0.60642904 -0.88941263
v -0.00373523 -0.60642904 -0.88941263
v -0.00373523 -0.60642904 -0.88941263
v -0.00373523 -0.60642904 -0.88941263
v -0.04065302 -0.02996332 -0.94362970
v -0.04065302 -0.02996332 -0.94362970
v -0.04065302 -0.02996332 -0.94362970
v -0.04065302 -0.02996332 -0.94362970
v -0.00476796 -0.80220062 -0.79568948
v -0.00476796 -0.80220062 -0.79568948
v -0.00476796 -0.80220062 -0.79568948
v -0.00476796 -0.80220062 -0.79568948
v -0.00476796 -0.80220062 -0.79568948
v -0.00476796 -0.80220062 -0.79568948
v -0.00476796 -0.80220062 -0.79568948
v -0.00476796 -0.80220062 -0.79568948
v -0.00324118 -0.56464921 -0.86470075
v -0.00324118 -0.56464921 -0.86470075
v -0.00324118 -0.56464921 -0.86470075
v -0.00324118 -0.56464921 -0.86470075
v -0.00324118 -0.56464921 -0.86470075
v -0.00324118 -0.56464921 -0.86470075
v -0.45748937 -0.28319823 0.56721638
v -0.45748937 -0.28319823 0.56721638
v -0.45748937 -0.28319823 0.56721638
v -0.45748937 -0.28319823 0.56721638
v -0.45748937 -0.28319823 0.56721638
v -0.45748937 -0.28319823 0.56721638
v -0.46441774 0.72565524 0.27665776
v -0.46441774 0.72565524 0.27665776
v -0.46441774 0.72565524 0.27665776
v -0.46441774 0.72565524 0.27665776
v -0.46441774 0.72565524 0.27665776
v -0.46441774 0.72565524 0.27665776
v -0.44681575 0.61344442 0.26529084
v -0.44681575 0.61344442 0.26529084
v -0.44681575 0.61344442 0.26529084
v -0.44681575 0.61344442 0.26529084
v -0.44681575 0.61344442 0.26529084
v -0.44681575 0.61344442 0.26529084
v -0.43682113 -0.92164624 0.74976745
v -0.43682113 -0.92164624 0.74976745
v -0.43682113 -0.92164624 0.74976745
v -0.43682113 -0.92164624 0.74976745
v -0.00305364 -0.58751500 -0.80338800
v -0.00305364 -0.58751500 -0.80338800
v -0.00305364 -0.58751500 -0.80338800
v -0.00305364 -0.58751500 -0.80338800
v -0.04010154 -0.01693836 -0.87093766
v -0.04010154 -0.01693836 -0.87093766
v -0.04010154 -0.01693836 -0.87093766
v -0.04010154 -0.01693836 -0.87093766
v -0.00057526 -0.21188930 -0.90201012
v -0.00057526 -0.21188930 -0.90201012
v -0.00057526 -0.21188930 -0.90201012
v -0.00057526 -0.21188930 -0.90201012
v 0.00028960 -0.07828563 -0.93981944
v 0.00028960 -0.07828563 -0.93981944
v 0.00028960 -0.07828563 -0.93981944
v 0.00028960 -0.07828563 -0.93981944
v 0.00028960 -0.07828563 -0.93981944
v 0.00028960 -0.07828563 -0.93981944
v 0.00028960 -0.07828563 -0.93981944
v 0.00028960 -0.07828563 -0.93981944
v -0.00028332 -0.17536930 -0.90325560
v -0.00028332 -0.17536930 -0.90325560
v -0.00028332 -0.17536930 -0.90325560
v -0.00028332 -0.17536930 -0.90325560
v -0.42865627 -0.96761963 0.79535185
v -0.42865627 -0.96761963 0.79535185
v -0.42865627 -0.96761963 0.79535185
v -0.42865627 -0.96761963 0.79535185
v -0.42865627 -0.96761963 0.79535185
v -0.42865627 -0.96761963 0.79535185
v -0.42865627 -0.96761963 0.79535185
v 0.00061894 -0.03251765 -0.94736145
v 0.00061894 -0.03251765 -0.94736145
v 0.00061894 -0.03251765 -0.94736145
v 0.00061894 -0.03251765 -0.94736145
v 0.00061894 -0.03251765 -0.94736145
v 0.00061894 -0.03251765 -0.94736145
v -0.44983519 0.38183523 0.42002244
v -0.44983519 0.38183523 0.42002244
v -0.44983519 0.38183523 0.42002244
v -0.44983519 0.38183523 0.42002244
v -0.44983519 0.38183523 0.42002244
v -0.44983519 0.38183523 0.42002244
v -0.44983519 0.38183523 0.42002244
v -0.44983519 0.38183523 0.42002244
v -0.42896826 -0.69563106 0.71728066
v -0.42896826 -0.69563106 0.71728066
v -0.42896826 -0.69563106 0.71728066
v -0.42896826 -0.69563106 0.71728066
v -0.42896826 -0.69563106 0.71728066
v -0.42896826 -0.69563106 0.71728066
v 0.00044917 -0.07306050 -0.92071803
v 0.00044917 -0.07306050 -0.92071803
v 0.00044917 -0.07306050 -0.92071803
v 0.00044917 -0.07306050 -0.92071803
v 0.00044917 -0.07306050 -0.92071803
v 0.00044917 -0.07306050 -0.92071803
v -0.42416956 -0.91714088 0.78570392
v -0.42416956 -0.91714088 0.78570392
v -0.42416956 -0.91714088 0.78570392
v -0.42416956 -0.91714088 0.78570392
v -0.42416956 -0.91714088 0.78570392
v -0.42416956 -0.91714088 0.78570392
v -0.42416956 -0.91714088 0.78570392
v -0.02872960 0.26718365 -0.91263914
v -0.02872960 0.26718365 -0.91263914
v -0.02872960 0.26718365 -0.91263914
v -0.02872960 0.26718365 -0.91263914
v -0.02872960 0.26718365 -0.91263914
v 0.00005960 -0.16792464 -0.85717265
v 0.00005960 -0.16792464 -0.85717265
v 0.00005960 -0.16792464 -0.85717265
v 0.00005960 -0.16792464 -0.85717265
v 0.00005960 -0.16792464 -0.85717265
v 0.00005960 -0.16792464 -0.85717265
v 0.00005960 -0.16792464 -0.85717265
v 0.00005960 -0.16792464 -0.85717265
v -0.00018360 -0.20830687 -0.84278551
v -0.00018360 -0.20830687 -0.84278551
v -0.00018360 -0.20830687 -0.84278551
v -0.00018360 -0.20830687 -0.84278551
v 0.00077632 -0.05456910 -0.89205536
v 0.00077632 -0.05456910 -0.89205536
v 0.00077632 -0.05456910 -0.89205536
v 0.00077632 -0.05456910 -0.89205536
v 0.00077632 -0.05456910 -0.89205536
v 0.00077632 -0.05456910 -0.89205536
v 0.00077632 -0.05456910 -0.89205536
v 0.00077632 -0.05456910 -0.89205536
v -0.43654196 0.18736978 0.49000659
v -0.43654196 0.18736978 0.49000659
v -0.43654196 0.18736978 0.49000659
v -0.43654196 0.18736978 0.49000659
v -0.43654196 0.18736978 0.49000659
v -0.44543703 0.05015666 0.57071071
v -0.44543703 0.05015666 0.57071071
v -0.44543703 0.05015666 0.57071071
v -0.44543703 0.05015666 0.57071071
v -0.44543703 0.05015666 0.57071071
v -0.39689913 -0.97330315 0.76005794
v -0.39689913 -0.97330315 0.76005794
v 0.00110881 -0.01974708 -0.88440216
v 0.00110881 -0.01974708 -0.88440216
v 0.00174587 0.08421714 -0.91968721
v 0.00174587 0.08421714 -0.91968721
v 0.00174587 0.08421714 -0.91968721
v 0.00174587 0.08421714 -0.91968721
v 0.00174587 0.08421714 -0.91968721
v 0.00174587 0.08421714 -0.91968721
v -0.42043865 -0.68812463 0.75076405
v -0.42043865 -0.68812463 0.75076405
v -0.42043865 -0.68812463 0.75076405
v -0.42043865 -0.68812463 0.75076405
v -0.42043865 -0.68812463 0.75076405
v -0.42043865 -0.68812463 0.75076405
v -0.39659855 -0.94551077 0.77192532
v -0.39659855 -0.94551077 0.77192532
v -0.39659855 -0.94551077 0.77192532
v -0.39659855 -0.94551077 0.77192532
v -0.39659855 -0.94551077 0.77192532
v -0.39659855 -0.94551077 0.77192532
v -0.39631065 -0.90112503 0.75945671
v -0.39631065 -0.90112503 0.75945671
v -0.39631065 -0.90112503 0.75945671
v -0.39631065 -0.90112503 0.75945671
v -0.39631065 -0.90112503 0.75945671
v -0.39631065 -0.90112503 0.75945671
v -0.36091449 0.76656446 0.08797685
v -0.36091449 0.76656446 0.08797685
v -0.36091449 0.76656446 0.08797685
v -0.36091449 0.76656446 0.08797685
v -0.36091449 0.76656446 0.08797685
v -0.36091449 0.76656446 0.08797685
v -0.44029778 0.19074942 0.54688627
v -0.44029778 0.19074942 0.54688627
v -0.44029778 0.19074942 0.54688627
v -0.44029778 0.19074942 0.54688627
v -0.44029778 0.19074942 0.54688627
v -0.44029778 0.19074942 0.54688627
v -0.05554774 0.45504686 -0.82086171
v -0.05554774 0.45504686 -0.82086171
v -0.05554774 0.45504686 -0.82086171
v -0.05554774 0.45504686 -0.82086171
v -0.05554774 0.45504686 -0.82086171
v -0.05554774 0.45504686 -0.82086171
v -0.05554774 0.45504686 -0.82086171
v -0.41806891 -0.49616339 0.71186364
v -0.41806891 -0.49616339 0.71186364
v -0.41806891 -0.49616339 0.71186364
v -0.41806891 -0.49616339 0.71186364
v -0.41806891 -0.49616339 0.71186364
v -0.41806891 -0.49616339 0.71186364
v -0.42872352 0.08614892 0.55304784
v -0.42872352 0.08614892 0.55304784
v -0.42872352 0.08614892 0.55304784
v -0.42872352 0.08614892 0.55304784
v -0.42872352 0.08614892 0.55304784
v -0.42872352 0.08614892 0.55304784
v -0.42927853 0.15489821 0.53898273
v -0.42927853 0.15489821 0.53898273
v -0.42927853 0.15489821 0.53898273
v -0.42927853 0.15489821 0.53898273
v -0.42927853 0.15489821 0.53898273
v -0.42927853 0.15489821 0.53898273
v -0.42927853 0.15489821 0.53898273
v 0.00346964 0.31054404 -0.94144152
v 0.00346964 0.31054404 -0.94144152
v 0.00346964 0.31054404 -0.94144152
v 0.00346964 0.31054404 -0.94144152
v 0.00346964 0.31054404 -0.94144152
v 0.00346964 0.31054404 -0.94144152
v -0.36602010 -0.95279830 0.71495749
v 0.04248932 -0.02983494 -0.94468541
v 0.04248932 -0.02983494 -0.94468541
v 0.04248932 -0.02983494 -0.94468541
v 0.04248932 -0.02983494 -0.94468541
v -0.38971314 -0.69665693 0.71950524
v -0.38971314 -0.69665693 0.71950524
v -0.38971314 -0.69665693 0.71950524
v -0.38971314 -0.69665693 0.71950524
v -0.38971314 -0.69665693 0.71950524
v -0.40246603 0.04131139 0.51548608
v -0.40246603 0.04131139 0.51548608
v -0.40246603 0.04131139 0.51548608
v -0.40788089 -0.38288539 0.70575891
v -0.40788089 -0.38288539 0.70575891
v -0.40788089 -0.38288539 0.70575891
v -0.40788089 -0.38288539 0.70575891
v -0.40788089 -0.38288539 0.70575891
v -0.40334728 -0.48730362 0.74266584
v -0.40334728 -0.48730362 0.74266584
v -0.40334728 -0.48730362 0.74266584
v -0.40334728 -0.48730362 0.74266584
v -0.40334728 -0.48730362 0.74266584
v -0.40334728 -0.48730362 0.74266584
v 0.06241507 -0.21636684 -0.89863420
v 0.06241507 -0.21636684 -0.89863420
v 0.06241507 -0.21636684 -0.89863420
v 0.06241507 -0.21636684 -0.89863420
v 0.06241507 -0.21636684 -0.89863420
v 0.04252540 -0.01659507 -0.87214316
v 0.04252540 -0.01659507 -0.87214316
v 0.04252540 -0.01659507 -0.87214316
v 0.04252540 -0.01659507 -0.87214316
v -0.39293797 0.52461098 0.41180985
v -0.39293797 0.52461098 0.41180985
v -0.39293797 0.52461098 0.41180985
v -0.39293797 0.52461098 0.41180985
v -0.39293797 0.52461098 0.41180985
v -0.37987920 -0.49970507 0.71214254
v -0.37987920 -0.49970507 0.71214254
v -0.37987920 -0.49970507 0.71214254
v -0.37987920 -0.49970507 0.71214254
v -0.37987920 -0.49970507 0.71214254
v -0.37987920 -0.49970507 0.71214254
v 0.03531906 0.27042553 -0.91548017
v 0.03531906 0.27042553 -0.91548017
v 0.03531906 0.27042553 -0.91548017
v 0.03531906 0.27042553 -0.91548017
v 0.03531906 0.27042553 -0.91548017
v 0.06289735 -0.20604676 -0.83364650
v 0.06289735 -0.20604676 -0.83364650
v 0.06289735 -0.20604676 -0.83364650
v -0.40727507 0.63545049 0.45215464
v -0.40727507 0.63545049 0.45215464
v -0.40727507 0.63545049 0.45215464
v -0.40727507 0.63545049 0.45215464
v -0.40727507 0.63545049 0.45215464
v -0.38991252 -0.35595665 0.73651516
v -0.38991252 -0.35595665 0.73651516
v -0.38991252 -0.35595665 0.73651516
v -0.38991252 -0.35595665 0.73651516
v -0.38991252 -0.35595665 0.73651516
v -0.36742291 -0.35902238 0.70238117
v -0.36742291 -0.35902238 0.70238117
v -0.36742291 -0.35902238 0.70238117
v -0.36742291 -0.35902238 0.70238117
v -0.36742291 -0.35902238 0.70238117
v -0.36742291 -0.35902238 0.70238117
v -0.36742291 -0.35902238 0.70238117
v -0.06761437 0.67360420 -0.63824251
v -0.06761437 0.67360420 -0.63824251
v -0.06761437 0.67360420 -0.63824251
v -0.06761437 0.67360420 -0.63824251
v -0.06761437 0.67360420 -0.63824251
v -0.06761437 0.67360420 -0.63824251
v 0.00626066 0.57875000 -0.84491597
v 0.00626066 0.57875000 -0.84491597
v 0.00626066 0.57875000 -0.84491597
v 0.00626066 0.57875000 -0.84491597
v 0.00626066 0.57875000 -0.84491597
v 0.00626066 0.57875000 -0.84491597
v 0.14562282 -0.96420632 -0.78817936
v 0.14562282 -0.96420632 -0.78817936
v 0.14562282 -0.96420632 -0.78817936
v -0.33659310 0.70235312 0.26639283
v -0.33659310 0.70235312 0.26639283
v -0.33659310 0.70235312 0.26639283
v -0.33659310 0.70235312 0.26639283
v -0.33659310 0.70235312 0.26639283
v -0.33659310 0.70235312 0.26639283
v 0.16660188 -0.97284384 -0.84147951
v 0.16660188 -0.97284384 -0.84147951
v 0.16660188 -0.97284384 -0.84147951
v 0.16660188 -0.97284384 -0.84147951
v 0.16660188 -0.97284384 -0.84147951
v 0.16660188 -0.97284384 -0.84147951
v -0.33413640 -0.93440040 0.83689058
v -0.33413640 -0.93440040 0.83689058
v -0.33413640 -0.93440040 0.83689058
v -0.33413640 -0.93440040 0.83689058
v -0.33413640 -0.93440040 0.83689058
v -0.33413640 -0.93440040 0.83689058
v 0.10777178 -0.09215867 -0.91116740
v 0.10777178 -0.09215867 -0.91116740
v 0.10777178 -0.09215867 -0.91116740
v 0.10777178 -0.09215867 -0.91116740
v 0.10777178 -0.09215867 -0.91116740
v 0.10777178 -0.09215867 -0.91116740
v 0.14924360 -0.60273297 -0.87630233
v 0.14924360 -0.60273297 -0.87630233
v 0.14924360 -0.60273297 -0.87630233
v 0.14924360 -0.60273297 -0.87630233
v 0.14924360 -0.60273297 -0.87630233
v 0.16637540 -0.93549834 -0.82013902
v 0.16637540 -0.93549834 -0.82013902
v 0.16637540 -0.93549834 -0.82013902
v 0.16637540 -0.93549834 -0.82013902
v 0.16637540 -0.93549834 -0.82013902
v 0.16637540 -0.93549834 -0.82013902
v -0.32972416 -0.89022426 0.82351498
v -0.32972416 -0.89022426 0.82351498
v -0.32972416 -0.89022426 0.82351498
v -0.32972416 -0.89022426 0.82351498
v 0.14098585 -0.55779568 -0.85125600
v 0.14098585 -0.55779568 -0.85125600
v 0.14098585 -0.55779568 -0.85125600
v 0.14098585 -0.55779568 -0.85125600
v 0.14098585 -0.55779568 -0.85125600
v 0.14098585 -0.55779568 -0.85125600
v -0.36286529 -0.01627805 0.65005583
v -0.36286529 -0.01627805 0.65005583
v -0.36286529 -0.01627805 0.65005583
v -0.36286529 -0.01627805 0.65005583
v -0.36286529 -0.01627805 0.65005583
v -0.36286529 -0.01627805 0.65005583
v -0.35798152 -0.04903839 0.64810310
v -0.35798152 -0.04903839 0.64810310
v -0.35798152 -0.04903839 0.64810310
v -0.35798152 -0.04903839 0.64810310
v -0.35798152 -0.04903839 0.64810310
v -0.35798152 -0.04903839 0.64810310
v 0.12542889 -0.17117162 -0.87362099
v 0.12542889 -0.17117162 -0.87362099
v 0.12542889 -0.17117162 -0.87362099
v 0.12542889 -0.17117162 -0.87362099
v 0.12542889 -0.17117162 -0.87362099
v 0.12542889 -0.17117162 -0.87362099
v 0.10826929 -0.08063745 -0.84529482
v 0.10826929 -0.08063745 -0.84529482
v -0.29220696 -0.94322270 0.78022074
v -0.29220696 -0.94322270 0.78022074
v -0.29220696 -0.94322270 0.78022074
v -0.29220696 -0.94322270 0.78022074
v 0.12616747 -0.06698846 -0.89259873
v 0.12616747 -0.06698846 -0.89259873
v 0.12616747 -0.06698846 -0.89259873
v 0.12616747 -0.06698846 -0.89259873
v 0.12616747 -0.06698846 -0.89259873
v 0.12616747 -0.06698846 -0.89259873
v -0.32396623 -0.02213916 0.60058304
v -0.32396623 -0.02213916 0.60058304
v -0.32396623 -0.02213916 0.60058304
v 0.12385004 -0.05500616 -0.86538505
v 0.12385004 -0.05500616 -0.86538505
v 0.12385004 -0.05500616 -0.86538505
v 0.12385004 -0.05500616 -0.86538505
v 0.12385004 -0.05500616 -0.86538505
v 0.06683714 0.45404144 -0.82161711
v 0.06683714 0.45404144 -0.82161711
v 0.06683714 0.45404144 -0.82161711
v 0.06683714 0.45404144 -0.82161711
v 0.06683714 0.45404144 -0.82161711
v 0.06683714 0.45404144 -0.82161711
v 0.06683714 0.45404144 -0.82161711
v -0.06817415 0.77975662 -0.45003750
v -0.06817415 0.77975662 -0.45003750
v -0.06817415 0.77975662 -0.45003750
v -0.06817415 0.77975662 -0.45003750
v -0.06817415 0.77975662 -0.45003750
v -0.30959544 0.60039683 0.42642186
v -0.30959544 0.60039683 0.42642186
v -0.30959544 0.60039683 0.42642186
v -0.30959544 0.60039683 0.42642186
v 0.00876603 0.76285866 -0.68231065
v 0.00876603 0.76285866 -0.68231065
v 0.00876603 0.76285866 -0.68231065
v 0.00876603 0.76285866 -0.68231065
v 0.00876603 0.76285866 -0.68231065
v 0.00876603 0.76285866 -0.68231065
v -0.32272969 0.06788657 0.68195179
v -0.32272969 0.06788657 0.68195179
v -0.32272969 0.06788657 0.68195179
v -0.32272969 0.06788657 0.68195179
v -0.32272969 0.06788657 0.68195179
v -0.32272969 0.06788657 0.68195179
v -0.31223758 0.10148639 0.66358254
v -0.31223758 0.10148639 0.66358254
v -0.31223758 0.10148639 0.66358254
v -0.31223758 0.10148639 0.66358254
v -0.31223758 0.10148639 0.66358254
v -0.31223758 0.10148639 0.66358254
v -0.31862901 0.20562380 0.66103436
v -0.31862901 0.20562380 0.66103436
v -0.31862901 0.20562380 0.66103436
v -0.31862901 0.20562380 0.66103436
v -0.31862901 0.20562380 0.66103436
v -0.31862901 0.20562380 0.66103436
v -0.30966746 0.17001693 0.65409824
v -0.30966746 0.17001693 0.65409824
v -0.30966746 0.17001693 0.65409824
v -0.30966746 0.17001693 0.65409824
v -0.30966746 0.17001693 0.65409824
v -0.30966746 0.17001693 0.65409824
v -0.28598956 0.05670182 0.62437090
v -0.28598956 0.05670182 0.62437090
v -0.28598956 0.05670182 0.62437090
v -0.26530108 -0.72016563 0.82702708
v -0.26530108 -0.72016563 0.82702708
v -0.26530108 -0.72016563 0.82702708
v -0.26530108 -0.72016563 0.82702708
v -0.26530108 -0.72016563 0.82702708
v -0.26530108 -0.72016563 0.82702708
v -0.26530108 -0.72016563 0.82702708
v -0.26530108 -0.72016563 0.82702708
v -0.26530108 -0.72016563 0.82702708
v -0.29709359 0.20667350 0.63422293
v -0.29709359 0.20667350 0.63422293
v -0.29709359 0.20667350 0.63422293
v -0.29709359 0.20667350 0.63422293
v -0.29709359 0.20667350 0.63422293
v -0.29709359 0.20667350 0.63422293
v 0.23250696 -0.79788269 -0.75778913
v 0.23250696 -0.79788269 -0.75778913
v 0.23250696 -0.79788269 -0.75778913
v 0.23250696 -0.79788269 -0.75778913
v 0.23250696 -0.79788269 -0.75778913
v 0.23250696 -0.79788269 -0.75778913
v -0.26250501 -0.47732078 0.78958094
v -0.26250501 -0.47732078 0.78958094
v -0.26250501 -0.47732078 0.78958094
v -0.26250501 -0.47732078 0.78958094
v -0.26250501 -0.47732078 0.78958094
v -0.26250501 -0.47732078 0.78958094
v 0.22644830 -0.58716085 -0.77118501
v 0.22644830 -0.58716085 -0.77118501
v 0.22644830 -0.58716085 -0.77118501
v 0.22644830 -0.58716085 -0.77118501
v 0.22644830 -0.58716085 -0.77118501
v 0.22644830 -0.58716085 -0.77118501
v 0.22644830 -0.58716085 -0.77118501
v 0.22644830 -0.58716085 -0.77118501
v -0.27912013 0.41017584 0.59787092
v -0.27912013 0.41017584 0.59787092
v -0.27912013 0.41017584 0.59787092
v -0.27912013 0.41017584 0.59787092
v -0.27912013 0.41017584 0.59787092
v -0.27912013 0.41017584 0.59787092
v -0.27912013 0.41017584 0.59787092
v -0.27912013 0.41017584 0.59787092
v -0.27912013 0.41017584 0.59787092
v -0.27912013 0.41017584 0.59787092
v -0.27912013 0.41017584 0.59787092
v -0.26063842 -0.21996570 0.74955389
v -0.26063842 -0.21996570 0.74955389
v -0.26063842 -0.21996570 0.74955389
v -0.26063842 -0.21996570 0.74955389
v -0.26063842 -0.21996570 0.74955389
v -0.26063842 -0.21996570 0.74955389
v -0.26063842 -0.21996570 0.74955389
v 0.08472112 0.67234650 -0.63921679
v 0.08472112 0.67234650 -0.63921679
v 0.08472112 0.67234650 -0.63921679
v 0.08472112 0.67234650 -0.63921679
v 0.08472112 0.67234650 -0.63921679
v 0.08472112 0.67234650 -0.63921679
v 0.01126073 0.90499065 -0.46515641
v 0.01126073 0.90499065 -0.46515641
v 0.01126073 0.90499065 -0.46515641
v 0.01126073 0.90499065 -0.46515641
v 0.01126073 0.90499065 -0.46515641
v 0.01126073 0.90499065 -0.46515641
v -0.06145356 0.84807639 -0.20288904
v -0.06145356 0.84807639 -0.20288904
v -0.06145356 0.84807639 -0.20288904
v -0.06145356 0.84807639 -0.20288904
v -0.06145356 0.84807639 -0.20288904
v -0.06145356 0.84807639 -0.20288904
v 0.22093055 0.06398701 -0.85802408
v 0.22093055 0.06398701 -0.85802408
v 0.22093055 0.06398701 -0.85802408
v 0.22093055 0.06398701 -0.85802408
v 0.22093055 0.06398701 -0.85802408
v 0.22093055 0.06398701 -0.85802408
v 0.22093055 0.06398701 -0.85802408
v 0.22093055 0.06398701 -0.85802408
v 0.22093055 0.06398701 -0.85802408
v 0.32069893 -0.95533513 -0.72271759
v 0.32069893 -0.95533513 -0.72271759
v 0.32069893 -0.95533513 -0.72271759
v -0.17611556 -0.87245453 0.92073362
v -0.17611556 -0.87245453 0.92073362
v -0.17611556 -0.87245453 0.92073362
v -0.17611556 -0.87245453 0.92073362
v -0.17611556 -0.87245453 0.92073362
v 0.32062830 -0.54980027 -0.79075647
v 0.32062830 -0.54980027 -0.79075647
v 0.32062830 -0.54980027 -0.79075647
v 0.32062830 -0.54980027 -0.79075647
v 0.32062830 -0.54980027 -0.79075647
v 0.33507969 -0.59641979 -0.81416055
v 0.33507969 -0.59641979 -0.81416055
v 0.33507969 -0.59641979 -0.81416055
v 0.33507969 -0.59641979 -0.81416055
v 0.33507969 -0.59641979 -0.81416055
v 0.33507969 -0.59641979 -0.81416055
v 0.34623096 -0.92724861 -0.73911416
v 0.34623096 -0.92724861 -0.73911416
v 0.34623096 -0.92724861 -0.73911416
v 0.34623096 -0.92724861 -0.73911416
v 0.34623096 -0.92724861 -0.73911416
v -0.20340640 0.07655847 0.75870568
v -0.20340640 0.07655847 0.75870568
v -0.20340640 0.07655847 0.75870568
v -0.20340640 0.07655847 0.75870568
v -0.20340640 0.07655847 0.75870568
v -0.20340640 0.07655847 0.75870568
v 0.08932534 0.77846170 -0.45101816
v 0.08932534 0.77846170 -0.45101816
v 0.08932534 0.77846170 -0.45101816
v 0.08932534 0.77846170 -0.45101816
v 0.08932534 0.77846170 -0.45101816
v -0.15469737 -0.91525507 0.93359334
v -0.15469737 -0.91525507 0.93359334
v -0.15469737 -0.91525507 0.93359334
v -0.15469737 -0.91525507 0.93359334
v -0.15469737 -0.91525507 0.93359334
v -0.15469737 -0.91525507 0.93359334
v -0.19705791 0.11086116 0.73740813
v -0.19705791 0.11086116 0.73740813
v -0.19705791 0.11086116 0.73740813
v -0.19705791 0.11086116 0.73740813
v -0.19705791 0.11086116 0.73740813
v -0.19705791 0.11086116 0.73740813
v -0.19705791 0.11086116 0.73740813
v 0.36176552 -0.96170484 -0.76051711
v 0.36176552 -0.96170484 -0.76051711
v 0.36176552 -0.96170484 -0.76051711
v 0.36176552 -0.96170484 -0.76051711
v 0.36176552 -0.96170484 -0.76051711
v 0.36176552 -0.96170484 -0.76051711
v 0.29836291 -0.16141048 -0.81463933
v 0.29836291 -0.16141048 -0.81463933
v 0.29836291 -0.16141048 -0.81463933
v 0.29836291 -0.16141048 -0.81463933
v 0.29836291 -0.16141048 -0.81463933
v 0.28543144 -0.04439008 -0.80606277
v 0.28543144 -0.04439008 -0.80606277
v 0.28543144 -0.04439008 -0.80606277
v 0.28543144 -0.04439008 -0.80606277
v 0.28543144 -0.04439008 -0.80606277
v 0.29911286 -0.05271086 -0.83783126
v 0.29911286 -0.05271086 -0.83783126
v 0.29911286 -0.05271086 -0.83783126
v 0.29911286 -0.05271086 -0.83783126
v 0.29911286 -0.05271086 -0.83783126
v 0.29911286 -0.05271086 -0.83783126
v 0.01336567 0.98000000 -0.22167069
v 0.01336567 0.98000000 -0.22167069
v 0.01336567 0.98000000 -0.22167069
v 0.01336567 0.98000000 -0.22167069
v 0.01336567 0.98000000 -0.22167069
v 0.01336567 0.98000000 -0.22167069
v -0.18836142 0.17227645 0.72588252
v -0.18836142 0.17227645 0.72588252
v -0.18836142 0.17227645 0.72588252
v -0.18836142 0.17227645 0.72588252
v -0.18836142 0.17227645 0.72588252
v -0.18836142 0.17227645 0.72588252
v -0.17746297 -0.03705690 0.76203312
v -0.17746297 -0.03705690 0.76203312
v -0.17746297 -0.03705690 0.76203312
v -0.17746297 -0.03705690 0.76203312
v -0.17746297 -0.03705690 0.76203312
v -0.19306811 0.21759165 0.73993495
v -0.19306811 0.21759165 0.73993495
v -0.19306811 0.21759165 0.73993495
v -0.19306811 0.21759165 0.73993495
v 0.27932238 0.24241428 -0.83856080
v 0.27932238 0.24241428 -0.83856080
v 0.27932238 0.24241428 -0.83856080
v 0.27932238 0.24241428 -0.83856080
v 0.27932238 0.24241428 -0.83856080
v 0.27932238 0.24241428 -0.83856080
v -0.05293007 0.85553035 0.08289882
v -0.05293007 0.85553035 0.08289882
v -0.05293007 0.85553035 0.08289882
v -0.05293007 0.85553035 0.08289882
v -0.05293007 0.85553035 0.08289882
v -0.05293007 0.85553035 0.08289882
v -0.11225796 -0.92523716 0.87738508
v -0.11225796 -0.92523716 0.87738508
v -0.11225796 -0.92523716 0.87738508
v -0.17247809 -0.00273705 0.77106812
v -0.17247809 -0.00273705 0.77106812
v -0.17247809 -0.00273705 0.77106812
v -0.17247809 -0.00273705 0.77106812
v -0.17247809 -0.00273705 0.77106812
v -0.17247809 -0.00273705 0.77106812
v -0.16123307 0.07161522 0.73668300
v -0.16123307 0.07161522 0.73668300
v -0.16123307 0.07161522 0.73668300
v -0.17548239 0.22160132 0.73888284
v -0.17548239 0.22160132 0.73888284
v -0.17548239 0.22160132 0.73888284
v -0.17548239 0.22160132 0.73888284
v -0.17548239 0.22160132 0.73888284
v -0.17548239 0.22160132 0.73888284
v -0.12170540 -0.79659247 0.93339177
v -0.12170540 -0.79659247 0.93339177
v -0.12170540 -0.79659247 0.93339177
v -0.12170540 -0.79659247 0.93339177
v -0.12170540 -0.79659247 0.93339177
v -0.12170540 -0.79659247 0.93339177
v -0.13515842 -0.00881917 0.71694368
v -0.13515842 -0.00881917 0.71694368
v -0.13515842 -0.00881917 0.71694368
v -0.11862640 -0.72363855 0.91675269
v -0.11862640 -0.72363855 0.91675269
v -0.11862640 -0.72363855 0.91675269
v -0.11862640 -0.72363855 0.91675269
v -0.11862640 -0.72363855 0.91675269
v 0.32773133 0.23432868 -0.85011689
v 0.32773133 0.23432868 -0.85011689
v 0.32773133 0.23432868 -0.85011689
v 0.32773133 0.23432868 -0.85011689
v 0.32773133 0.23432868 -0.85011689
v -0.11674847 -0.46422986 0.87582984
v -0.11674847 -0.46422986 0.87582984
v -0.11674847 -0.46422986 0.87582984
v -0.11674847 -0.46422986 0.87582984
v -0.11674847 -0.46422986 0.87582984
v -0.11674847 -0.46422986 0.87582984
v -0.05794195 0.80477983 0.26029524
v -0.05794195 0.80477983 0.26029524
v -0.05794195 0.80477983 0.26029524
v -0.05794195 0.80477983 0.26029524
v -0.05794195 0.80477983 0.26029524
v -0.05794195 0.80477983 0.26029524
v 0.08675106 0.84686019 -0.20379574
v 0.08675106 0.84686019 -0.20379574
v 0.08675106 0.84686019 -0.20379574
v 0.08675106 0.84686019 -0.20379574
v 0.08675106 0.84686019 -0.20379574
v 0.08675106 0.84686019 -0.20379574
v -0.11544983 -0.21339245 0.83613025
v -0.11544983 -0.21339245 0.83613025
v -0.11544983 -0.21339245 0.83613025
v -0.11544983 -0.21339245 0.83613025
v -0.11544983 -0.21339245 0.83613025
v 0.33970548 0.21482515 -0.80829630
v 0.33970548 0.21482515 -0.80829630
v 0.33970548 0.21482515 -0.80829630
v 0.33970548 0.21482515 -0.80829630
v 0.33970548 0.21482515 -0.80829630
v 0.35777690 -0.14933560 -0.74271925
v 0.35777690 -0.14933560 -0.74271925
v 0.35777690 -0.14933560 -0.74271925
v 0.35777690 -0.14933560 -0.74271925
v 0.35777690 -0.14933560 -0.74271925
v 0.35777690 -0.14933560 -0.74271925
v 0.35777690 -0.14933560 -0.74271925
v 0.35777690 -0.14933560 -0.74271925
v 0.35777690 -0.14933560 -0.74271925
v -0.11168678 -0.11463363 0.81230450
v -0.11168678 -0.11463363 0.81230450
v -0.11168678 -0.11463363 0.81230450
v -0.11168678 -0.11463363 0.81230450
v -0.11168678 -0.11463363 0.81230450
v -0.11168678 -0.11463363 0.81230450
v -0.08147106 -0.81292603 0.94736145
v -0.08147106 -0.81292603 0.94736145
v -0.08147106 -0.81292603 0.94736145
v -0.08147106 -0.81292603 0.94736145
v -0.08147106 -0.81292603 0.94736145
v -0.08027629 -0.71958795 0.93305178
v -0.08027629 -0.71958795 0.93305178
v -0.08027629 -0.71958795 0.93305178
v -0.08027629 -0.71958795 0.93305178
v -0.08027629 -0.71958795 0.93305178
v -0.08027629 -0.71958795 0.93305178
v 0.01502239 0.97475944 0.05614355
v 0.01502239 0.97475944 0.05614355
v 0.01502239 0.97475944 0.05614355
v 0.01502239 0.97475944 0.05614355
v 0.01502239 0.97475944 0.05614355
v 0.01502239 0.97475944 0.05614355
v -0.07788180 -0.46048934 0.89260184
v -0.07788180 -0.46048934 0.89260184
v -0.07788180 -0.46048934 0.89260184
v -0.07788180 -0.46048934 0.89260184
v -0.07788180 -0.46048934 0.89260184
v -0.07788180 -0.46048934 0.89260184
v 0.33280088 0.40963959 -0.76307247
v 0.33280088 0.40963959 -0.76307247
v 0.33280088 0.40963959 -0.76307247
v 0.33280088 0.40963959 -0.76307247
v 0.33280088 0.40963959 -0.76307247
v -0.03954603 -0.82299779 0.89163268
v -0.03954603 -0.82299779 0.89163268
v -0.03954603 -0.82299779 0.89163268
v -0.03784623 -0.73153109 0.87797969
v -0.03784623 -0.73153109 0.87797969
v -0.03784623 -0.73153109 0.87797969
v -0.10293981 0.22046591 0.77967041
v -0.10293981 0.22046591 0.77967041
v -0.10293981 0.22046591 0.77967041
v -0.10293981 0.22046591 0.77967041
v -0.09989998 0.21981471 0.77092418
v -0.09989998 0.21981471 0.77092418
v -0.09989998 0.21981471 0.77092418
v -0.09989998 0.21981471 0.77092418
v -0.09989998 0.21981471 0.77092418
v -0.09989998 0.21981471 0.77092418
v -0.09989998 0.21981471 0.77092418
v -0.07606480 -0.20987317 0.85350279
v -0.07606480 -0.20987317 0.85350279
v -0.07606480 -0.20987317 0.85350279
v -0.07606480 -0.20987317 0.85350279
v -0.07606480 -0.20987317 0.85350279
v -0.07606480 -0.20987317 0.85350279
v -0.07606480 -0.20987317 0.85350279
v -0.08674156 0.18955038 0.76751724
v -0.08674156 0.18955038 0.76751724
v -0.08674156 0.18955038 0.76751724
v -0.08674156 0.18955038 0.76751724
v -0.08674156 0.18955038 0.76751724
v -0.08674156 0.18955038 0.76751724
v -0.04366774 0.69924834 0.45578536
v -0.04366774 0.69924834 0.45578536
v -0.04366774 0.69924834 0.45578536
v -0.04366774 0.69924834 0.45578536
v -0.04366774 0.69924834 0.45578536
v -0.04366774 0.69924834 0.45578536
v -0.04366774 0.69924834 0.45578536
v -0.07571417 -0.08987439 0.83430209
v -0.07571417 -0.08987439 0.83430209
v -0.07571417 -0.08987439 0.83430209
v -0.07571417 -0.08987439 0.83430209
v -0.07571417 -0.08987439 0.83430209
v -0.03595963 -0.47162616 0.83782213
v -0.03595963 -0.47162616 0.83782213
v -0.03595963 -0.47162616 0.83782213
v -0.08611996 0.18866353 0.78587699
v -0.08611996 0.18866353 0.78587699
v -0.08611996 0.18866353 0.78587699
v -0.08611996 0.18866353 0.78587699
v -0.08611996 0.18866353 0.78587699
v -0.08611996 0.18866353 0.78587699
v 0.45099316 -0.94097836 -0.62345401
v 0.45099316 -0.94097836 -0.62345401
v 0.45099316 -0.94097836 -0.62345401
v -0.06393569 0.22248634 0.73677561
v -0.06393569 0.22248634 0.73677561
v -0.06393569 0.22248634 0.73677561
v -0.06393569 0.22248634 0.73677561
v -0.06393569 0.22248634 0.73677561
v -0.03412974 -0.21909503 0.79827659
v -0.03412974 -0.21909503 0.79827659
v -0.03412974 -0.21909503 0.79827659
v -0.06241673 0.11557614 0.79075820
v -0.06241673 0.11557614 0.79075820
v -0.06241673 0.11557614 0.79075820
v -0.06241673 0.11557614 0.79075820
v -0.06241673 0.11557614 0.79075820
v -0.03377708 -0.09893206 0.77919242
v -0.03377708 -0.09893206 0.77919242
v -0.03377708 -0.09893206 0.77919242
v -0.06329784 0.12258858 0.80616621
v -0.06329784 0.12258858 0.80616621
v -0.06329784 0.12258858 0.80616621
v -0.06329784 0.12258858 0.80616621
v -0.06329784 0.12258858 0.80616621
v -0.06329784 0.12258858 0.80616621
v 0.08133189 0.85442905 0.08207735
v 0.08133189 0.85442905 0.08207735
v 0.08133189 0.85442905 0.08207735
v 0.08133189 0.85442905 0.08207735
v 0.08133189 0.85442905 0.08207735
v 0.08133189 0.85442905 0.08207735
v -0.06518308 0.22436512 0.78361162
v -0.06518308 0.22436512 0.78361162
v -0.06518308 0.22436512 0.78361162
v -0.06518308 0.22436512 0.78361162
v -0.06518308 0.22436512 0.78361162
v -0.06518308 0.22436512 0.78361162
v -0.06518308 0.22436512 0.78361162
v -0.06518308 0.22436512 0.78361162
v 0.01579374 0.89089399 0.29467675
v 0.01579374 0.89089399 0.29467675
v 0.01579374 0.89089399 0.29467675
v 0.01579374 0.89089399 0.29467675
v 0.01579374 0.89089399 0.29467675
v 0.01579374 0.89089399 0.29467675
v -0.03917889 0.07688205 0.75786264
v -0.03917889 0.07688205 0.75786264
v -0.03917889 0.07688205 0.75786264
v -0.03917889 0.07688205 0.75786264
v -0.05274118 0.08513346 0.80918827
v -0.05274118 0.08513346 0.80918827
v -0.05274118 0.08513346 0.80918827
v -0.05274118 0.08513346 0.80918827
v -0.05274118 0.08513346 0.80918827
v -0.05274118 0.08513346 0.80918827
v -0.05274118 0.08513346 0.80918827
v -0.05274118 0.08513346 0.80918827
v -0.05274118 0.08513346 0.80918827
v -0.05274118 0.08513346 0.80918827
v -0.05269060 0.08611268 0.81615101
v -0.05269060 0.08611268 0.81615101
v -0.05269060 0.08611268 0.81615101
v -0.05269060 0.08611268 0.81615101
v 0.46450392 -0.53310734 -0.67912125
v 0.46450392 -0.53310734 -0.67912125
v 0.46450392 -0.53310734 -0.67912125
v 0.46450392 -0.53310734 -0.67912125
v 0.46450392 -0.53310734 -0.67912125
v 0.49307348 -0.91221350 -0.63479170
v 0.49307348 -0.91221350 -0.63479170
v 0.49307348 -0.91221350 -0.63479170
v 0.49307348 -0.91221350 -0.63479170
v 0.49307348 -0.91221350 -0.63479170
v 0.49307348 -0.91221350 -0.63479170
v -0.02056834 0.00828849 0.76847480
v -0.02056834 0.00828849 0.76847480
v -0.02056834 0.00828849 0.76847480
v -0.02056834 0.00828849 0.76847480
v -0.02056834 0.00828849 0.76847480
v -0.03361528 0.01651300 0.81965850
v -0.03361528 0.01651300 0.81965850
v -0.03361528 0.01651300 0.81965850
v -0.03361528 0.01651300 0.81965850
v 0.44481834 -0.14433973 -0.70390083
v 0.44481834 -0.14433973 -0.70390083
v 0.44481834 -0.14433973 -0.70390083
v 0.44481834 -0.14433973 -0.70390083
v 0.44481834 -0.14433973 -0.70390083
v 0.44481834 -0.14433973 -0.70390083
v -0.01976263 0.53456464 0.61649637
v -0.01976263 0.53456464 0.61649637
v -0.01976263 0.53456464 0.61649637
v -0.01976263 0.53456464 0.61649637
v -0.01976263 0.53456464 0.61649637
v 0.43441648 -0.02700613 -0.70431843
v 0.43441648 -0.02700613 -0.70431843
v 0.43441648 -0.02700613 -0.70431843
v 0.43441648 -0.02700613 -0.70431843
v 0.43441648 -0.02700613 -0.70431843
v 0.43441648 -0.02700613 -0.70431843
v 0.43441648 -0.02700613 -0.70431843
v 0.41621896 0.39620955 -0.78531187
v 0.41621896 0.39620955 -0.78531187
v 0.41621896 0.39620955 -0.78531187
v 0.41621896 0.39620955 -0.78531187
v 0.41621896 0.39620955 -0.78531187
v 0.41621896 0.39620955 -0.78531187
v -0.03951133 0.19092241 0.80382300
v -0.03951133 0.19092241 0.80382300
v -0.03951133 0.19092241 0.80382300
v -0.03951133 0.19092241 0.80382300
v -0.03951133 0.19092241 0.80382300
v 0.48880052 -0.58143377 -0.69488769
v 0.48880052 -0.58143377 -0.69488769
v 0.48880052 -0.58143377 -0.69488769
v 0.48880052 -0.58143377 -0.69488769
v 0.48880052 -0.58143377 -0.69488769
v 0.05030686 -0.82364402 0.89106840
v 0.05030686 -0.82364402 0.89106840
v 0.05030686 -0.82364402 0.89106840
v 0.52384889 -0.94506370 -0.62841385
v 0.52384889 -0.94506370 -0.62841385
v 0.52384889 -0.94506370 -0.62841385
v 0.52384889 -0.94506370 -0.62841385
v 0.52384889 -0.94506370 -0.62841385
v 0.52384889 -0.94506370 -0.62841385
v 0.05045540 -0.73244801 0.87747006
v 0.05045540 -0.73244801 0.87747006
v 0.05045540 -0.73244801 0.87747006
v 0.46110984 -0.03327935 -0.72238900
v 0.46110984 -0.03327935 -0.72238900
v 0.46110984 -0.03327935 -0.72238900
v 0.46110984 -0.03327935 -0.72238900
v 0.46110984 -0.03327935 -0.72238900
v 0.46110984 -0.03327935 -0.72238900
v 0.01603053 0.76459879 0.50271868
v 0.01603053 0.76459879 0.50271868
v 0.01603053 0.76459879 0.50271868
v 0.01603053 0.76459879 0.50271868
v 0.01603053 0.76459879 0.50271868
v 0.01603053 0.76459879 0.50271868
v 0.42396398 0.34195819 -0.71284178
v 0.42396398 0.34195819 -0.71284178
v 0.42396398 0.34195819 -0.71284178
v 0.42396398 0.34195819 -0.71284178
v 0.42396398 0.34195819 -0.71284178
v 0.01149782 0.00877898 0.77541983
v 0.01149782 0.00877898 0.77541983
v 0.01149782 0.00877898 0.77541983
v 0.01149782 0.00877898 0.77541983
v 0.01149782 0.00877898 0.77541983
v 0.08768055 0.80358592 0.25940426
v 0.08768055 0.80358592 0.25940426
v 0.08768055 0.80358592 0.25940426
v 0.08768055 0.80358592 0.25940426
v 0.08768055 0.80358592 0.25940426
v 0.08768055 0.80358592 0.25940426
v 0.01202409 0.08141586 0.76402381
v 0.01202409 0.08141586 0.76402381
v 0.01202409 0.08141586 0.76402381
v 0.05231256 -0.47661967 0.83796008
v 0.05231256 -0.47661967 0.83796008
v 0.05231256 -0.47661967 0.83796008
v 0.37712341 0.58431225 -0.59026153
v 0.37712341 0.58431225 -0.59026153
v 0.37712341 0.58431225 -0.59026153
v 0.37712341 0.58431225 -0.59026153
v 0.37712341 0.58431225 -0.59026153
v 0.37712341 0.58431225 -0.59026153
v 0.01188432 0.01694766 0.82765178
v 0.01188432 0.01694766 0.82765178
v 0.01188432 0.01694766 0.82765178
v 0.01188432 0.01694766 0.82765178
v 0.01188432 0.01694766 0.82765178
v 0.01188432 0.01694766 0.82765178
v 0.01188432 0.01694766 0.82765178
v 0.01369315 0.30376698 0.73866855
v 0.01369315 0.30376698 0.73866855
v 0.01369315 0.30376698 0.73866855
v 0.01369315 0.30376698 0.73866855
v 0.01369315 0.30376698 0.73866855
v 0.01369315 0.30376698 0.73866855
v 0.01369315 0.30376698 0.73866855
v 0.01369315 0.30376698 0.73866855
v 0.01241153 0.08970759 0.81623613
v 0.01241153 0.08970759 0.81623613
v 0.01241153 0.08970759 0.81623613
v 0.01241153 0.08970759 0.81623613
v 0.01241153 0.08970759 0.81623613
v 0.01241153 0.08970759 0.81623613
v 0.01241153 0.08970759 0.81623613
v 0.01240503 0.08591348 0.82025549
v 0.01240503 0.08591348 0.82025549
v 0.01240503 0.08591348 0.82025549
v 0.01240503 0.08591348 0.82025549
v 0.01240503 0.08591348 0.82025549
v 0.01240503 0.08591348 0.82025549
v 0.01240503 0.08591348 0.82025549
v 0.01240503 0.08591348 0.82025549
v 0.01409119 0.36266224 0.72475654
v 0.01409119 0.36266224 0.72475654
v 0.01409119 0.36266224 0.72475654
v 0.01409119 0.36266224 0.72475654
v 0.01409119 0.36266224 0.72475654
v 0.01409119 0.36266224 0.72475654
v 0.48889387 -0.55502829 -0.54619295
v 0.48889387 -0.55502829 -0.54619295
v 0.48889387 -0.55502829 -0.54619295
v 0.48889387 -0.55502829 -0.54619295
v 0.48889387 -0.55502829 -0.54619295
v 0.48889387 -0.55502829 -0.54619295
v 0.48889387 -0.55502829 -0.54619295
v 0.05365208 -0.22049397 0.79784730
v 0.05365208 -0.22049397 0.79784730
v 0.05365208 -0.22049397 0.79784730
v 0.01550832 0.58307212 0.66079211
v 0.01550832 0.58307212 0.66079211
v 0.01550832 0.58307212 0.66079211
v 0.01550832 0.58307212 0.66079211
v 0.01358697 0.24826193 0.79574752
v 0.01358697 0.24826193 0.79574752
v 0.01358697 0.24826193 0.79574752
v 0.01358697 0.24826193 0.79574752
v 0.01358697 0.24826193 0.79574752
v 0.01358697 0.24826193 0.79574752
v 0.51820149 -0.76468480 -0.53969359
v 0.51820149 -0.76468480 -0.53969359
v 0.51820149 -0.76468480 -0.53969359
v 0.51820149 -0.76468480 -0.53969359
v 0.51820149 -0.76468480 -0.53969359
v 0.51820149 -0.76468480 -0.53969359
v 0.51820149 -0.76468480 -0.53969359
v 0.05555875 -0.09966464 0.77864568
v 0.05555875 -0.09966464 0.77864568
v 0.05555875 -0.09966464 0.77864568
v 0.04811188 0.00772479 0.76805463
v 0.04811188 0.00772479 0.76805463
v 0.04811188 0.00772479 0.76805463
v 0.04811188 0.00772479 0.76805463
v 0.04811188 0.00772479 0.76805463
v 0.01400587 0.30857887 0.78331885
v 0.01400587 0.30857887 0.78331885
v 0.01400587 0.30857887 0.78331885
v 0.01400587 0.30857887 0.78331885
v 0.07458605 0.69827830 0.45506176
v 0.07458605 0.69827830 0.45506176
v 0.07458605 0.69827830 0.45506176
v 0.07458605 0.69827830 0.45506176
v 0.07458605 0.69827830 0.45506176
v 0.07458605 0.69827830 0.45506176
v 0.07458605 0.69827830 0.45506176
v 0.04943406 0.53399604 0.61607301
v 0.04943406 0.53399604 0.61607301
v 0.04943406 0.53399604 0.61607301
v 0.04943406 0.53399604 0.61607301
v 0.04943406 0.53399604 0.61607301
v 0.12166730 -0.92720691 0.87596185
v 0.12166730 -0.92720691 0.87596185
v 0.12166730 -0.92720691 0.87596185
v 0.09358547 -0.81442063 0.94629967
v 0.09358547 -0.81442063 0.94629967
v 0.09358547 -0.81442063 0.94629967
v 0.09358547 -0.81442063 0.94629967
v 0.09358547 -0.81442063 0.94629967
v 0.09321883 -0.72274181 0.93226524
v 0.09321883 -0.72274181 0.93226524
v 0.09321883 -0.72274181 0.93226524
v 0.09321883 -0.72274181 0.93226524
v 0.09321883 -0.72274181 0.93226524
v 0.09321883 -0.72274181 0.93226524
v 0.06719786 0.07600951 0.75721188
v 0.06719786 0.07600951 0.75721188
v 0.06719786 0.07600951 0.75721188
v 0.06719786 0.07600951 0.75721188
v 0.06243370 0.01572435 0.81907088
v 0.06243370 0.01572435 0.81907088
v 0.06243370 0.01572435 0.81907088
v 0.06243370 0.01572435 0.81907088
v 0.09504969 -0.47019926 0.89286033
v 0.09504969 -0.47019926 0.89286033
v 0.09504969 -0.47019926 0.89286033
v 0.09504969 -0.47019926 0.89286033
v 0.09504969 -0.47019926 0.89286033
v 0.09504969 -0.47019926 0.89286033
v 0.06583263 0.19005858 0.80317845
v 0.06583263 0.19005858 0.80317845
v 0.06583263 0.19005858 0.80317845
v 0.06583263 0.19005858 0.80317845
v 0.06583263 0.19005858 0.80317845
v 0.38570092 0.68234715 -0.41712667
v 0.38570092 0.68234715 -0.41712667
v 0.38570092 0.68234715 -0.41712667
v 0.38570092 0.68234715 -0.41712667
v 0.38570092 0.68234715 -0.41712667
v 0.38570092 0.68234715 -0.41712667
v 0.38570092 0.68234715 -0.41712667
v 0.09691746 -0.21254586 0.85264349
v 0.09691746 -0.21254586 0.85264349
v 0.09691746 -0.21254586 0.85264349
v 0.09691746 -0.21254586 0.85264349
v 0.09691746 -0.21254586 0.85264349
v 0.09691746 -0.21254586 0.85264349
v 0.09691746 -0.21254586 0.85264349
v 0.08152074 0.08403110 0.80836699
v 0.08152074 0.08403110 0.80836699
v 0.08152074 0.08403110 0.80836699
v 0.08152074 0.08403110 0.80836699
v 0.08152074 0.08403110 0.80836699
v 0.08152074 0.08403110 0.80836699
v 0.08152074 0.08403110 0.80836699
v 0.08152074 0.08403110 0.80836699
v 0.08152074 0.08403110 0.80836699
v 0.08152074 0.08403110 0.80836699
v 0.13129486 -0.72741934 0.91547812
v 0.13129486 -0.72741934 0.91547812
v 0.13129486 -0.72741934 0.91547812
v 0.13129486 -0.72741934 0.91547812
v 0.13129486 -0.72741934 0.91547812
v 0.08994921 0.22122278 0.73583429
v 0.08994921 0.22122278 0.73583429
v 0.08994921 0.22122278 0.73583429
v 0.08994921 0.22122278 0.73583429
v 0.08994921 0.22122278 0.73583429
v 0.13390787 -0.79881828 0.93184832
v 0.13390787 -0.79881828 0.93184832
v 0.13390787 -0.79881828 0.93184832
v 0.13390787 -0.79881828 0.93184832
v 0.13390787 -0.79881828 0.93184832
v 0.13390787 -0.79881828 0.93184832
v 0.08157132 0.08501032 0.81532973
v 0.08157132 0.08501032 0.81532973
v 0.08157132 0.08501032 0.81532973
v 0.08157132 0.08501032 0.81532973
v 0.09830991 -0.09130193 0.83323747
v 0.09830991 -0.09130193 0.83323747
v 0.09830991 -0.09130193 0.83323747
v 0.09830991 -0.09130193 0.83323747
v 0.09830991 -0.09130193 0.83323747
v 0.09198447 0.11430981 0.78981352
v 0.09198447 0.11430981 0.78981352
v 0.09198447 0.11430981 0.78981352
v 0.09198447 0.11430981 0.78981352
v 0.09198447 0.11430981 0.78981352
v 0.09316896 0.12130483 0.80520897
v 0.09316896 0.12130483 0.80520897
v 0.09316896 0.12130483 0.80520897
v 0.09316896 0.12130483 0.80520897
v 0.09316896 0.12130483 0.80520897
v 0.09316896 0.12130483 0.80520897
v 0.13363653 -0.47529405 0.87572895
v 0.13363653 -0.47529405 0.87572895
v 0.13363653 -0.47529405 0.87572895
v 0.13363653 -0.47529405 0.87572895
v 0.13363653 -0.47529405 0.87572895
v 0.13363653 -0.47529405 0.87572895
v 0.09180016 0.22307649 0.78265132
v 0.09180016 0.22307649 0.78265132
v 0.09180016 0.22307649 0.78265132
v 0.09180016 0.22307649 0.78265132
v 0.09180016 0.22307649 0.78265132
v 0.09180016 0.22307649 0.78265132
v 0.09180016 0.22307649 0.78265132
v 0.09180016 0.22307649 0.78265132
v 0.16443180 -0.91804772 0.93166849
v 0.16443180 -0.91804772 0.93166849
v 0.16443180 -0.91804772 0.93166849
v 0.16443180 -0.91804772 0.93166849
v 0.16443180 -0.91804772 0.93166849
v 0.16443180 -0.91804772 0.93166849
v 0.11258589 0.18791427 0.76629785
v 0.11258589 0.18791427 0.76629785
v 0.11258589 0.18791427 0.76629785
v 0.11258589 0.18791427 0.76629785
v 0.11258589 0.18791427 0.76629785
v 0.11258589 0.18791427 0.76629785
v 0.13550500 -0.21707850 0.83485321
v 0.13550500 -0.21707850 0.83485321
v 0.13550500 -0.21707850 0.83485321
v 0.13550500 -0.21707850 0.83485321
v 0.13550500 -0.21707850 0.83485321
v 0.13308315 -0.11664230 0.81080703
v 0.13308315 -0.11664230 0.81080703
v 0.13308315 -0.11664230 0.81080703
v 0.13308315 -0.11664230 0.81080703
v 0.13308315 -0.11664230 0.81080703
v 0.13308315 -0.11664230 0.81080703
v 0.11217456 0.18703718 0.78466371
v 0.11217456 0.18703718 0.78466371
v 0.11217456 0.18703718 0.78466371
v 0.11217456 0.18703718 0.78466371
v 0.11217456 0.18703718 0.78466371
v 0.11217456 0.18703718 0.78466371
v 0.15350214 -0.01322597 0.71749467
v 0.15350214 -0.01322597 0.71749467
v 0.15350214 -0.01322597 0.71749467
v 0.53669558 -0.00551679 -0.56062505
v 0.53669558 -0.00551679 -0.56062505
v 0.53669558 -0.00551679 -0.56062505
v 0.53669558 -0.00551679 -0.56062505
v 0.53669558 -0.00551679 -0.56062505
v 0.51631194 0.21842362 -0.56286274
v 0.51631194 0.21842362 -0.56286274
v 0.51631194 0.21842362 -0.56286274
v 0.51631194 0.21842362 -0.56286274
v 0.51631194 0.21842362 -0.56286274
v 0.51631194 0.21842362 -0.56286274
v 0.51631194 0.21842362 -0.56286274
v 0.51631194 0.21842362 -0.56286274
v 0.18690659 -0.87565388 0.91854765
v 0.18690659 -0.87565388 0.91854765
v 0.18690659 -0.87565388 0.91854765
v 0.18690659 -0.87565388 0.91854765
v 0.18690659 -0.87565388 0.91854765
v 0.49798420 0.59292581 -0.59979580
v 0.49798420 0.59292581 -0.59979580
v 0.49798420 0.59292581 -0.59979580
v 0.49798420 0.59292581 -0.59979580
v 0.49798420 0.59292581 -0.59979580
v 0.49798420 0.59292581 -0.59979580
v 0.49579931 0.48082384 -0.55332858
v 0.49579931 0.48082384 -0.55332858
v 0.49579931 0.48082384 -0.55332858
v 0.49579931 0.48082384 -0.55332858
v 0.49579931 0.48082384 -0.55332858
v 0.49579931 0.48082384 -0.55332858
v 0.12679613 0.21795472 0.76953732
v 0.12679613 0.21795472 0.76953732
v 0.12679613 0.21795472 0.76953732
v 0.12679613 0.21795472 0.76953732
v 0.12679613 0.21795472 0.76953732
v 0.12679613 0.21795472 0.76953732
v 0.12679613 0.21795472 0.76953732
v 0.55752297 -0.12062322 -0.54734806
v 0.55752297 -0.12062322 -0.54734806
v 0.55752297 -0.12062322 -0.54734806
v 0.55752297 -0.12062322 -0.54734806
v 0.55752297 -0.12062322 -0.54734806
v 0.12943669 0.21855962 0.77824870
v 0.12943669 0.21855962 0.77824870
v 0.12943669 0.21855962 0.77824870
v 0.12943669 0.21855962 0.77824870
v 0.58873552 -0.50466058 -0.50195464
v 0.58873552 -0.50466058 -0.50195464
v 0.58873552 -0.50466058 -0.50195464
v 0.58873552 -0.50466058 -0.50195464
v 0.58873552 -0.50466058 -0.50195464
v 0.58873552 -0.50466058 -0.50195464
v 0.60552690 -0.91147314 -0.41998085
v 0.60552690 -0.91147314 -0.41998085
v 0.60552690 -0.91147314 -0.41998085
v 0.56291483 -0.01447894 -0.56813781
v 0.56291483 -0.01447894 -0.56813781
v 0.56291483 -0.01447894 -0.56813781
v 0.56291483 -0.01447894 -0.56813781
v 0.56291483 -0.01447894 -0.56813781
v 0.56291483 -0.01447894 -0.56813781
v 0.61710291 -0.88497988 -0.45476999
v 0.61710291 -0.88497988 -0.45476999
v 0.61710291 -0.88497988 -0.45476999
v 0.61710291 -0.88497988 -0.45476999
v 0.61710291 -0.88497988 -0.45476999
v 0.18503078 0.06478130 0.70145642
v 0.18503078 0.06478130 0.70145642
v 0.18503078 0.06478130 0.70145642
v 0.61157710 -0.54568325 -0.51206455
v 0.61157710 -0.54568325 -0.51206455
v 0.61157710 -0.54568325 -0.51206455
v 0.61157710 -0.54568325 -0.51206455
v 0.61157710 -0.54568325 -0.51206455
v 0.61157710 -0.54568325 -0.51206455
v 0.64170547 -0.91844737 -0.46263335
v 0.64170547 -0.91844737 -0.46263335
v 0.64170547 -0.91844737 -0.46263335
v 0.64170547 -0.91844737 -0.46263335
v 0.64170547 -0.91844737 -0.46263335
v 0.64170547 -0.91844737 -0.46263335
v 0.56076745 -0.10636503 -0.45823563
v 0.56076745 -0.10636503 -0.45823563
v 0.56076745 -0.10636503 -0.45823563
v 0.56076745 -0.10636503 -0.45823563
v 0.56076745 -0.10636503 -0.45823563
v 0.56076745 -0.10636503 -0.45823563
v 0.56076745 -0.10636503 -0.45823563
v 0.56076745 -0.10636503 -0.45823563
v 0.39239314 0.75557838 -0.18119482
v 0.39239314 0.75557838 -0.18119482
v 0.39239314 0.75557838 -0.18119482
v 0.39239314 0.75557838 -0.18119482
v 0.39239314 0.75557838 -0.18119482
v 0.39239314 0.75557838 -0.18119482
v 0.19950335 -0.04015050 0.75972701
v 0.19950335 -0.04015050 0.75972701
v 0.19950335 -0.04015050 0.75972701
v 0.19950335 -0.04015050 0.75972701
v 0.19950335 -0.04015050 0.75972701
v 0.19519310 -0.00575335 0.76881872
v 0.19519310 -0.00575335 0.76881872
v 0.19519310 -0.00575335 0.76881872
v 0.19519310 -0.00575335 0.76881872
v 0.19519310 -0.00575335 0.76881872
v 0.19519310 -0.00575335 0.76881872
v 0.30009471 -0.94810938 0.77661175
v 0.30009471 -0.94810938 0.77661175
v 0.30009471 -0.94810938 0.77661175
v 0.30009471 -0.94810938 0.77661175
v 0.21339162 0.16898021 0.72342465
v 0.21339162 0.16898021 0.72342465
v 0.21339162 0.16898021 0.72342465
v 0.21339162 0.16898021 0.72342465
v 0.21339162 0.16898021 0.72342465
v 0.21339162 0.16898021 0.72342465
v 0.27689832 -0.72633602 0.82398314
v 0.27689832 -0.72633602 0.82398314
v 0.27689832 -0.72633602 0.82398314
v 0.27689832 -0.72633602 0.82398314
v 0.27689832 -0.72633602 0.82398314
v 0.27689832 -0.72633602 0.82398314
v 0.27689832 -0.72633602 0.82398314
v 0.27689832 -0.72633602 0.82398314
v 0.27689832 -0.72633602 0.82398314
v 0.20923150 0.21869327 0.73648980
v 0.20923150 0.21869327 0.73648980
v 0.20923150 0.21869327 0.73648980
v 0.20923150 0.21869327 0.73648980
v 0.20923150 0.21869327 0.73648980
v 0.20923150 0.21869327 0.73648980
v 0.22121966 0.10742982 0.73484896
v 0.22121966 0.10742982 0.73484896
v 0.22121966 0.10742982 0.73484896
v 0.22121966 0.10742982 0.73484896
v 0.22121966 0.10742982 0.73484896
v 0.22121966 0.10742982 0.73484896
v 0.22121966 0.10742982 0.73484896
v 0.51454994 0.56728616 -0.39013061
v 0.51454994 0.56728616 -0.39013061
v 0.51454994 0.56728616 -0.39013061
v 0.51454994 0.56728616 -0.39013061
v 0.51454994 0.56728616 -0.39013061
v 0.22778101 0.07302094 0.75606762
v 0.22778101 0.07302094 0.75606762
v 0.22778101 0.07302094 0.75606762
v 0.22778101 0.07302094 0.75606762
v 0.22778101 0.07302094 0.75606762
v 0.22778101 0.07302094 0.75606762
v 0.21952921 0.21420662 0.73741061
v 0.21952921 0.21420662 0.73741061
v 0.21952921 0.21420662 0.73741061
v 0.21952921 0.21420662 0.73741061
v 0.27810823 -0.48858734 0.78735827
v 0.27810823 -0.48858734 0.78735827
v 0.27810823 -0.48858734 0.78735827
v 0.27810823 -0.48858734 0.78735827
v 0.27810823 -0.48858734 0.78735827
v 0.27810823 -0.48858734 0.78735827
v 0.58742659 0.01556795 -0.40056881
v 0.58742659 0.01556795 -0.40056881
v 0.58742659 0.01556795 -0.40056881
v 0.58742659 0.01556795 -0.40056881
v 0.58742659 0.01556795 -0.40056881
v 0.52738845 0.70435880 -0.41697658
v 0.52738845 0.70435880 -0.41697658
v 0.52738845 0.70435880 -0.41697658
v 0.52738845 0.70435880 -0.41697658
v 0.52738845 0.70435880 -0.41697658
v 0.52738845 0.70435880 -0.41697658
v 0.28001929 -0.22507232 0.74635258
v 0.28001929 -0.22507232 0.74635258
v 0.28001929 -0.22507232 0.74635258
v 0.28001929 -0.22507232 0.74635258
v 0.28001929 -0.22507232 0.74635258
v 0.28001929 -0.22507232 0.74635258
v 0.28001929 -0.22507232 0.74635258
v 0.65495326 -0.88905468 -0.27055863
v 0.65495326 -0.88905468 -0.27055863
v 0.65495326 -0.88905468 -0.27055863
v 0.37190432 -0.95884660 0.71043151
v 0.38837051 0.76041696 0.08339273
v 0.38837051 0.76041696 0.08339273
v 0.38837051 0.76041696 0.08339273
v 0.38837051 0.76041696 0.08339273
v 0.38837051 0.76041696 0.08339273
v 0.38837051 0.76041696 0.08339273
v 0.61912691 -0.09431460 -0.38983939
v 0.61912691 -0.09431460 -0.38983939
v 0.61912691 -0.09431460 -0.38983939
v 0.61912691 -0.09431460 -0.38983939
v 0.61912691 -0.09431460 -0.38983939
v 0.61912691 -0.09431460 -0.38983939
v 0.33899719 -0.89660693 0.81956602
v 0.33899719 -0.89660693 0.81956602
v 0.33899719 -0.89660693 0.81956602
v 0.33899719 -0.89660693 0.81956602
v 0.55414927 0.45013812 -0.34474590
v 0.55414927 0.45013812 -0.34474590
v 0.55414927 0.45013812 -0.34474590
v 0.55414927 0.45013812 -0.34474590
v 0.55414927 0.45013812 -0.34474590
v 0.55414927 0.45013812 -0.34474590
v 0.60968505 -0.49945715 -0.20800482
v 0.60968505 -0.49945715 -0.20800482
v 0.60968505 -0.49945715 -0.20800482
v 0.60968505 -0.49945715 -0.20800482
v 0.60968505 -0.49945715 -0.20800482
v 0.60968505 -0.49945715 -0.20800482
v 0.60968505 -0.49945715 -0.20800482
v 0.61986456 0.01161395 -0.41128512
v 0.61986456 0.01161395 -0.41128512
v 0.61986456 0.01161395 -0.41128512
v 0.61986456 0.01161395 -0.41128512
v 0.61986456 0.01161395 -0.41128512
v 0.61986456 0.01161395 -0.41128512
v 0.61986456 0.01161395 -0.41128512
v 0.34284736 -0.94082304 0.83288651
v 0.34284736 -0.94082304 0.83288651
v 0.34284736 -0.94082304 0.83288651
v 0.34284736 -0.94082304 0.83288651
v 0.34284736 -0.94082304 0.83288651
v 0.34284736 -0.94082304 0.83288651
v 0.64277657 -0.47490291 -0.31895125
v 0.64277657 -0.47490291 -0.31895125
v 0.64277657 -0.47490291 -0.31895125
v 0.64277657 -0.47490291 -0.31895125
v 0.64277657 -0.47490291 -0.31895125
v 0.30786134 0.05183041 0.62073764
v 0.30786134 0.05183041 0.62073764
v 0.30786134 0.05183041 0.62073764
v 0.67585646 -0.86044301 -0.29246517
v 0.67585646 -0.86044301 -0.29246517
v 0.67585646 -0.86044301 -0.29246517
v 0.67585646 -0.86044301 -0.29246517
v 0.67585646 -0.86044301 -0.29246517
v 0.67585646 -0.86044301 -0.29246517
v 0.63960300 -0.70453189 -0.19214520
v 0.63960300 -0.70453189 -0.19214520
v 0.63960300 -0.70453189 -0.19214520
v 0.63960300 -0.70453189 -0.19214520
v 0.63960300 -0.70453189 -0.19214520
v 0.63960300 -0.70453189 -0.19214520
v 0.63960300 -0.70453189 -0.19214520
v 0.36466745 0.69659940 0.26210255
v 0.36466745 0.69659940 0.26210255
v 0.36466745 0.69659940 0.26210255
v 0.36466745 0.69659940 0.26210255
v 0.36466745 0.69659940 0.26210255
v 0.36466745 0.69659940 0.26210255
v 0.34474661 -0.02982684 0.59698369
v 0.34474661 -0.02982684 0.59698369
v 0.34474661 -0.02982684 0.59698369
v 0.58422652 0.22954256 -0.28199323
v 0.58422652 0.22954256 -0.28199323
v 0.58422652 0.22954256 -0.28199323
v 0.58422652 0.22954256 -0.28199323
v 0.58422652 0.22954256 -0.28199323
v 0.58422652 0.22954256 -0.28199323
v 0.58422652 0.22954256 -0.28199323
v 0.67084291 -0.51514845 -0.32032539
v 0.67084291 -0.51514845 -0.32032539
v 0.67084291 -0.51514845 -0.32032539
v 0.67084291 -0.51514845 -0.32032539
v 0.67084291 -0.51514845 -0.32032539
v 0.33847681 0.59507939 0.42245693
v 0.33847681 0.59507939 0.42245693
v 0.33847681 0.59507939 0.42245693
v 0.33847681 0.59507939 0.42245693
v 0.30646132 0.40437980 0.59445481
v 0.30646132 0.40437980 0.59445481
v 0.30646132 0.40437980 0.59445481
v 0.30646132 0.40437980 0.59445481
v 0.30646132 0.40437980 0.59445481
v 0.30646132 0.40437980 0.59445481
v 0.30646132 0.40437980 0.59445481
v 0.30646132 0.40437980 0.59445481
v 0.30646132 0.40437980 0.59445481
v 0.30646132 0.40437980 0.59445481
v 0.30646132 0.40437980 0.59445481
v 0.40350768 -0.98000000 0.75518159
v 0.40350768 -0.98000000 0.75518159
v 0.70882507 -0.89278036 -0.29048044
v 0.70882507 -0.89278036 -0.29048044
v 0.70882507 -0.89278036 -0.29048044
v 0.70882507 -0.89278036 -0.29048044
v 0.70882507 -0.89278036 -0.29048044
v 0.70882507 -0.89278036 -0.29048044
v 0.52776762 0.63307728 -0.17499823
v 0.52776762 0.63307728 -0.17499823
v 0.52776762 0.63307728 -0.17499823
v 0.52776762 0.63307728 -0.17499823
v 0.52776762 0.63307728 -0.17499823
v 0.52776762 0.63307728 -0.17499823
v 0.52776762 0.63307728 -0.17499823
v 0.40432219 -0.95256149 0.76710149
v 0.40432219 -0.95256149 0.76710149
v 0.40432219 -0.95256149 0.76710149
v 0.40432219 -0.95256149 0.76710149
v 0.40432219 -0.95256149 0.76710149
v 0.40432219 -0.95256149 0.76710149
v 0.40409274 -0.90831513 0.75465874
v 0.40409274 -0.90831513 0.75465874
v 0.40409274 -0.90831513 0.75465874
v 0.40409274 -0.90831513 0.75465874
v 0.40409274 -0.90831513 0.75465874
v 0.40409274 -0.90831513 0.75465874
v 0.33081857 0.19867694 0.63084411
v 0.33081857 0.19867694 0.63084411
v 0.33081857 0.19867694 0.63084411
v 0.33081857 0.19867694 0.63084411
v 0.33081857 0.19867694 0.63084411
v 0.33081857 0.19867694 0.63084411
v 0.33531826 0.09617276 0.65962074
v 0.33531826 0.09617276 0.65962074
v 0.33531826 0.09617276 0.65962074
v 0.33531826 0.09617276 0.65962074
v 0.33531826 0.09617276 0.65962074
v 0.33531826 0.09617276 0.65962074
v 0.40086500 -0.70566151 0.71506839
v 0.40086500 -0.70566151 0.71506839
v 0.40086500 -0.70566151 0.71506839
v 0.40086500 -0.70566151 0.71506839
v 0.40086500 -0.70566151 0.71506839
v 0.33426891 0.16410894 0.65026410
v 0.33426891 0.16410894 0.65026410
v 0.33426891 0.16410894 0.65026410
v 0.33426891 0.16410894 0.65026410
v 0.33426891 0.16410894 0.65026410
v 0.33426891 0.16410894 0.65026410
v 0.61191430 0.04296574 -0.23337679
v 0.61191430 0.04296574 -0.23337679
v 0.61191430 0.04296574 -0.23337679
v 0.61191430 0.04296574 -0.23337679
v 0.61191430 0.04296574 -0.23337679
v 0.61191430 0.04296574 -0.23337679
v 0.39213423 -0.50505550 0.70726316
v 0.39213423 -0.50505550 0.70726316
v 0.39213423 -0.50505550 0.70726316
v 0.39213423 -0.50505550 0.70726316
v 0.39213423 -0.50505550 0.70726316
v 0.39213423 -0.50505550 0.70726316
v 0.38034853 -0.36529312 0.70380737
v 0.38034853 -0.36529312 0.70380737
v 0.38034853 -0.36529312 0.70380737
v 0.38034853 -0.36529312 0.70380737
v 0.38034853 -0.36529312 0.70380737
v 0.38034853 -0.36529312 0.70380737
v 0.38034853 -0.36529312 0.70380737
v 0.34599817 0.06240028 0.67786049
v 0.34599817 0.06240028 0.67786049
v 0.34599817 0.06240028 0.67786049
v 0.34599817 0.06240028 0.67786049
v 0.34599817 0.06240028 0.67786049
v 0.34599817 0.06240028 0.67786049
v 0.53764694 0.77433479 -0.18468820
v 0.53764694 0.77433479 -0.18468820
v 0.53764694 0.77433479 -0.18468820
v 0.53764694 0.77433479 -0.18468820
v 0.53764694 0.77433479 -0.18468820
v 0.53764694 0.77433479 -0.18468820
v 0.34337891 0.19925234 0.65714288
v 0.34337891 0.19925234 0.65714288
v 0.34337891 0.19925234 0.65714288
v 0.34337891 0.19925234 0.65714288
v 0.34337891 0.19925234 0.65714288
v 0.34337891 0.19925234 0.65714288
v 0.61169133 -0.05584765 -0.13732361
v 0.61169133 -0.05584765 -0.13732361
v 0.61169133 -0.05584765 -0.13732361
v 0.61169133 -0.05584765 -0.13732361
v 0.61169133 -0.05584765 -0.13732361
v 0.61169133 -0.05584765 -0.13732361
v 0.61169133 -0.05584765 -0.13732361
v 0.61169133 -0.05584765 -0.13732361
v 0.61169133 -0.05584765 -0.13732361
v 0.37839374 -0.05507969 0.64359797
v 0.37839374 -0.05507969 0.64359797
v 0.37839374 -0.05507969 0.64359797
v 0.37839374 -0.05507969 0.64359797
v 0.37839374 -0.05507969 0.64359797
v 0.37839374 -0.05507969 0.64359797
v 0.66973987 -0.84829598 -0.04580017
v 0.66973987 -0.84829598 -0.04580017
v 0.66973987 -0.84829598 -0.04580017
v 0.60101808 -0.08320332 -0.07249597
v 0.60101808 -0.08320332 -0.07249597
v 0.60101808 -0.08320332 -0.07249597
v 0.60101808 -0.08320332 -0.07249597
v 0.60101808 -0.08320332 -0.07249597
v 0.60101808 -0.08320332 -0.07249597
v 0.60101808 -0.08320332 -0.07249597
v 0.43268283 -0.97505988 0.79010891
v 0.43268283 -0.97505988 0.79010891
v 0.43268283 -0.97505988 0.79010891
v 0.43268283 -0.97505988 0.79010891
v 0.43268283 -0.97505988 0.79010891
v 0.43268283 -0.97505988 0.79010891
v 0.43268283 -0.97505988 0.79010891
v 0.64366977 -0.06529444 -0.21579606
v 0.64366977 -0.06529444 -0.21579606
v 0.64366977 -0.06529444 -0.21579606
v 0.64366977 -0.06529444 -0.21579606
v 0.64366977 -0.06529444 -0.21579606
v 0.65855213 -0.45118558 -0.13584222
v 0.65855213 -0.45118558 -0.13584222
v 0.65855213 -0.45118558 -0.13584222
v 0.65855213 -0.45118558 -0.13584222
v 0.65855213 -0.45118558 -0.13584222
v 0.65855213 -0.45118558 -0.13584222
v 0.43251847 -0.92507978 0.78060721
v 0.43251847 -0.92507978 0.78060721
v 0.43251847 -0.92507978 0.78060721
v 0.43251847 -0.92507978 0.78060721
v 0.43251847 -0.92507978 0.78060721
v 0.43251847 -0.92507978 0.78060721
v 0.43251847 -0.92507978 0.78060721
v 0.44413816 -0.92968105 0.74450588
v 0.44413816 -0.92968105 0.74450588
v 0.44413816 -0.92968105 0.74450588
v 0.44413816 -0.92968105 0.74450588
v 0.38435411 -0.02240814 0.64548426
v 0.38435411 -0.02240814 0.64548426
v 0.38435411 -0.02240814 0.64548426
v 0.38435411 -0.02240814 0.64548426
v 0.38435411 -0.02240814 0.64548426
v 0.38435411 -0.02240814 0.64548426
v 0.64441862 0.03972637 -0.23422364
v 0.64441862 0.03972637 -0.23422364
v 0.64441862 0.03972637 -0.23422364
v 0.64441862 0.03972637 -0.23422364
v 0.64441862 0.03972637 -0.23422364
v 0.42324204 0.03411778 0.51050508
v 0.42324204 0.03411778 0.51050508
v 0.42324204 0.03411778 0.51050508
v 0.61517194 -0.45254166 0.03498445
v 0.61517194 -0.45254166 0.03498445
v 0.61517194 -0.45254166 0.03498445
v 0.61517194 -0.45254166 0.03498445
v 0.61517194 -0.45254166 0.03498445
v 0.42900644 -0.69786106 0.74600662
v 0.42900644 -0.69786106 0.74600662
v 0.42900644 -0.69786106 0.74600662
v 0.42900644 -0.69786106 0.74600662
v 0.42900644 -0.69786106 0.74600662
v 0.42900644 -0.69786106 0.74600662
v 0.59649380 -0.45845798 0.11329674
v 0.59649380 -0.45845798 0.11329674
v 0.59649380 -0.45845798 0.11329674
v 0.44475728 -0.70420319 0.71215811
v 0.44475728 -0.70420319 0.71215811
v 0.44475728 -0.70420319 0.71215811
v 0.44475728 -0.70420319 0.71215811
v 0.44475728 -0.70420319 0.71215811
v 0.44475728 -0.70420319 0.71215811
v 0.60512726 -0.04781321 -0.03922098
v 0.60512726 -0.04781321 -0.03922098
v 0.60512726 -0.04781321 -0.03922098
v 0.60512726 -0.04781321 -0.03922098
v 0.60512726 -0.04781321 -0.03922098
v 0.60512726 -0.04781321 -0.03922098
v 0.60393073 0.07883431 -0.06695401
v 0.60393073 0.07883431 -0.06695401
v 0.60393073 0.07883431 -0.06695401
v 0.60393073 0.07883431 -0.06695401
v 0.60393073 0.07883431 -0.06695401
v 0.60393073 0.07883431 -0.06695401
v 0.42034477 0.51304358 0.40768600
v 0.42034477 0.51304358 0.40768600
v 0.42034477 0.51304358 0.40768600
v 0.42034477 0.51304358 0.40768600
v 0.42034477 0.51304358 0.40768600
v 0.61682560 0.11017258 -0.11163731
v 0.61682560 0.11017258 -0.11163731
v 0.61682560 0.11017258 -0.11163731
v 0.61682560 0.11017258 -0.11163731
v 0.61682560 0.11017258 -0.11163731
v 0.61682560 0.11017258 -0.11163731
v 0.42288795 -0.49299719 0.73743868
v 0.42288795 -0.49299719 0.73743868
v 0.42288795 -0.49299719 0.73743868
v 0.42288795 -0.49299719 0.73743868
v 0.42288795 -0.49299719 0.73743868
v 0.42288795 -0.49299719 0.73743868
v 0.47819746 -0.05338612 0.40931217
v 0.47819746 -0.05338612 0.40931217
v 0.47819746 -0.05338612 0.40931217
v 0.62112793 0.06096217 -0.10213758
v 0.62112793 0.06096217 -0.10213758
v 0.62112793 0.06096217 -0.10213758
v 0.62112793 0.06096217 -0.10213758
v 0.62112793 0.06096217 -0.10213758
v 0.41358105 -0.36429517 0.73187676
v 0.41358105 -0.36429517 0.73187676
v 0.41358105 -0.36429517 0.73187676
v 0.41358105 -0.36429517 0.73187676
v 0.41358105 -0.36429517 0.73187676
v 0.68816730 -0.49040107 -0.13865013
v 0.68816730 -0.49040107 -0.13865013
v 0.68816730 -0.49040107 -0.13865013
v 0.68816730 -0.49040107 -0.13865013
v 0.68816730 -0.49040107 -0.13865013
v 0.68816730 -0.49040107 -0.13865013
v 0.47562715 0.01555793 0.40322368
v 0.47562715 0.01555793 0.40322368
v 0.47562715 0.01555793 0.40322368
v 0.51235752 0.64429313 0.07678866
v 0.51235752 0.64429313 0.07678866
v 0.51235752 0.64429313 0.07678866
v 0.51235752 0.64429313 0.07678866
v 0.51235752 0.64429313 0.07678866
v 0.43862141 -0.50377346 0.70671468
v 0.43862141 -0.50377346 0.70671468
v 0.43862141 -0.50377346 0.70671468
v 0.43862141 -0.50377346 0.70671468
v 0.43862141 -0.50377346 0.70671468
v 0.43862141 -0.50377346 0.70671468
v 0.70298443 -0.81684939 -0.06462758
v 0.70298443 -0.81684939 -0.06462758
v 0.70298443 -0.81684939 -0.06462758
v 0.70298443 -0.81684939 -0.06462758
v 0.70298443 -0.81684939 -0.06462758
v 0.58663636 0.36731871 -0.07289437
v 0.58663636 0.36731871 -0.07289437
v 0.58663636 0.36731871 -0.07289437
v 0.58663636 0.36731871 -0.07289437
v 0.58663636 0.36731871 -0.07289437
v 0.58663636 0.36731871 -0.07289437
v 0.43073445 -0.39053772 0.70075079
v 0.43073445 -0.39053772 0.70075079
v 0.43073445 -0.39053772 0.70075079
v 0.43073445 -0.39053772 0.70075079
v 0.43073445 -0.39053772 0.70075079
v 0.63301381 -0.08505624 -0.07393764
v 0.63301381 -0.08505624 -0.07393764
v 0.63301381 -0.08505624 -0.07393764
v 0.63301381 -0.08505624 -0.07393764
v 0.63301381 -0.08505624 -0.07393764
v 0.63683396 -0.65359684 0.13108156
v 0.63683396 -0.65359684 0.13108156
v 0.63683396 -0.65359684 0.13108156
v 0.60464704 -0.03409732 0.03274894
v 0.60464704 -0.03409732 0.03274894
v 0.60464704 -0.03409732 0.03274894
v 0.60464704 -0.03409732 0.03274894
v 0.47304930 -0.29083211 0.56152330
v 0.47304930 -0.29083211 0.56152330
v 0.47304930 -0.29083211 0.56152330
v 0.47304930 -0.29083211 0.56152330
v 0.47304930 -0.29083211 0.56152330
v 0.47304930 -0.29083211 0.56152330
v 0.47386785 0.59968475 0.26086501
v 0.47386785 0.59968475 0.26086501
v 0.47386785 0.59968475 0.26086501
v 0.47386785 0.59968475 0.26086501
v 0.47386785 0.59968475 0.26086501
v 0.47386785 0.59968475 0.26086501
v 0.60353763 -0.05650299 0.05027100
v 0.60353763 -0.05650299 0.05027100
v 0.60353763 -0.05650299 0.05027100
v 0.60353763 -0.05650299 0.05027100
v 0.60353763 -0.05650299 0.05027100
v 0.66456797 -0.43383396 -0.01996113
v 0.66456797 -0.43383396 -0.01996113
v 0.66456797 -0.43383396 -0.01996113
v 0.66456797 -0.43383396 -0.01996113
v 0.66456797 -0.43383396 -0.01996113
v 0.52690237 -0.94016105 0.61146148
v 0.52690237 -0.94016105 0.61146148
v 0.52690237 -0.94016105 0.61146148
v 0.53363309 0.50760618 0.10783789
v 0.53363309 0.50760618 0.10783789
v 0.53363309 0.50760618 0.10783789
v 0.53363309 0.50760618 0.10783789
v 0.53363309 0.50760618 0.10783789
v 0.53363309 0.50760618 0.10783789
v 0.66327218 -0.65827112 0.06922745
v 0.66327218 -0.65827112 0.06922745
v 0.66327218 -0.65827112 0.06922745
v 0.66327218 -0.65827112 0.06922745
v 0.66327218 -0.65827112 0.06922745
v 0.66327218 -0.65827112 0.06922745
v 0.66327218 -0.65827112 0.06922745
v 0.63812437 -0.04971472 -0.04571018
v 0.63812437 -0.04971472 -0.04571018
v 0.63812437 -0.04971472 -0.04571018
v 0.63812437 -0.04971472 -0.04571018
v 0.63812437 -0.04971472 -0.04571018
v 0.63812437 -0.04971472 -0.04571018
v 0.64827126 -0.04667757 -0.07953543
v 0.64827126 -0.04667757 -0.07953543
v 0.64827126 -0.04667757 -0.07953543
v 0.64827126 -0.04667757 -0.07953543
v 0.64827126 -0.04667757 -0.07953543
v 0.64827126 -0.04667757 -0.07953543
v 0.61899266 -0.03580535 0.01626881
v 0.61899266 -0.03580535 0.01626881
v 0.61899266 -0.03580535 0.01626881
v 0.61899266 -0.03580535 0.01626881
v 0.61899266 -0.03580535 0.01626881
v 0.61899266 -0.03580535 0.01626881
v 0.45068616 0.07808381 0.54781094
v 0.45068616 0.07808381 0.54781094
v 0.45068616 0.07808381 0.54781094
v 0.45068616 0.07808381 0.54781094
v 0.45068616 0.07808381 0.54781094
v 0.45068616 0.07808381 0.54781094
v 0.61882909 0.08892403 -0.00893221
v 0.61882909 0.08892403 -0.00893221
v 0.61882909 0.08892403 -0.00893221
v 0.61882909 0.08892403 -0.00893221
v 0.61882909 0.08892403 -0.00893221
v 0.61882909 0.08892403 -0.00893221
v 0.46246821 0.17601000 0.48517503
v 0.46246821 0.17601000 0.48517503
v 0.46246821 0.17601000 0.48517503
v 0.46246821 0.17601000 0.48517503
v 0.46246821 0.17601000 0.48517503
v 0.64903274 0.05903051 -0.09687005
v 0.64903274 0.05903051 -0.09687005
v 0.64903274 0.05903051 -0.09687005
v 0.64903274 0.05903051 -0.09687005
v 0.64903274 0.05903051 -0.09687005
v 0.64903274 0.05903051 -0.09687005
v 0.45166905 0.14523698 0.53400314
v 0.45166905 0.14523698 0.53400314
v 0.45166905 0.14523698 0.53400314
v 0.45166905 0.14523698 0.53400314
v 0.45166905 0.14523698 0.53400314
v 0.45166905 0.14523698 0.53400314
v 0.45166905 0.14523698 0.53400314
v 0.65139072 0.10707898 -0.11349033
v 0.65139072 0.10707898 -0.11349033
v 0.65139072 0.10707898 -0.11349033
v 0.65139072 0.10707898 -0.11349033
v 0.65139072 0.10707898 -0.11349033
v 0.65139072 0.10707898 -0.11349033
v 0.64088413 -0.46075167 0.11244166
v 0.64088413 -0.46075167 0.11244166
v 0.64088413 -0.46075167 0.11244166
v 0.64088413 -0.46075167 0.11244166
v 0.64088413 -0.46075167 0.11244166
v 0.64088413 -0.46075167 0.11244166
v 0.64088413 -0.46075167 0.11244166
v 0.64088413 -0.46075167 0.11244166
v 0.64088413 -0.46075167 0.11244166
v 0.64088413 -0.46075167 0.11244166
v 0.64088413 -0.46075167 0.11244166
v 0.61732554 0.07684875 0.01475564
v 0.61732554 0.07684875 0.01475564
v 0.61732554 0.07684875 0.01475564
v 0.61732554 0.07684875 0.01475564
v 0.61732554 0.07684875 0.01475564
v 0.73153967 -0.85026674 -0.05329323
v 0.73153967 -0.85026674 -0.05329323
v 0.73153967 -0.85026674 -0.05329323
v 0.73153967 -0.85026674 -0.05329323
v 0.73153967 -0.85026674 -0.05329323
v 0.73153967 -0.85026674 -0.05329323
v 0.52439531 0.77663431 0.09421535
v 0.52439531 0.77663431 0.09421535
v 0.52439531 0.77663431 0.09421535
v 0.52439531 0.77663431 0.09421535
v 0.52439531 0.77663431 0.09421535
v 0.52439531 0.77663431 0.09421535
v 0.61910842 0.10962773 0.00897558
v 0.61910842 0.10962773 0.00897558
v 0.61910842 0.10962773 0.00897558
v 0.61910842 0.10962773 0.00897558
v 0.61910842 0.10962773 0.00897558
v 0.61910842 0.10962773 0.00897558
v 0.61910842 0.10962773 0.00897558
v 0.61910842 0.10962773 0.00897558
v 0.62651007 -0.42663529 0.16519145
v 0.62651007 -0.42663529 0.16519145
v 0.62651007 -0.42663529 0.16519145
v 0.62651007 -0.42663529 0.16519145
v 0.62651007 -0.42663529 0.16519145
v 0.64827357 0.07536734 -0.07401273
v 0.64827357 0.07536734 -0.07401273
v 0.64827357 0.07536734 -0.07401273
v 0.64827357 0.07536734 -0.07401273
v 0.64827357 0.07536734 -0.07401273
v 0.64827357 0.07536734 -0.07401273
v 0.43702264 0.62804159 0.44706743
v 0.43702264 0.62804159 0.44706743
v 0.43702264 0.62804159 0.44706743
v 0.43702264 0.62804159 0.44706743
v 0.43702264 0.62804159 0.44706743
v 0.59422264 -0.91847635 0.44337513
v 0.59422264 -0.91847635 0.44337513
v 0.59422264 -0.91847635 0.44337513
v 0.59422264 -0.91847635 0.44337513
v 0.59422264 -0.91847635 0.44337513
v 0.61880909 0.13490713 0.01057638
v 0.61880909 0.13490713 0.01057638
v 0.61880909 0.13490713 0.01057638
v 0.61880909 0.13490713 0.01057638
v 0.61880909 0.13490713 0.01057638
v 0.61880909 0.13490713 0.01057638
v 0.47444302 0.36537289 0.41584594
v 0.47444302 0.36537289 0.41584594
v 0.47444302 0.36537289 0.41584594
v 0.47444302 0.36537289 0.41584594
v 0.47444302 0.36537289 0.41584594
v 0.47444302 0.36537289 0.41584594
v 0.47444302 0.36537289 0.41584594
v 0.47444302 0.36537289 0.41584594
v 0.64064128 -0.03757018 0.01172771
v 0.64064128 -0.03757018 0.01172771
v 0.64064128 -0.03757018 0.01172771
v 0.64064128 -0.03757018 0.01172771
v 0.64064128 -0.03757018 0.01172771
v 0.64064128 -0.03757018 0.01172771
v 0.46651004 0.04248767 0.56516303
v 0.46651004 0.04248767 0.56516303
v 0.46651004 0.04248767 0.56516303
v 0.46651004 0.04248767 0.56516303
v 0.46651004 0.04248767 0.56516303
v 0.67503769 -0.79740919 0.15294835
v 0.67503769 -0.79740919 0.15294835
v 0.67503769 -0.79740919 0.15294835
v 0.67503769 -0.79740919 0.15294835
v 0.52686866 -0.19377544 0.44918334
v 0.52686866 -0.19377544 0.44918334
v 0.52686866 -0.19377544 0.44918334
v 0.52686866 -0.19377544 0.44918334
v 0.66172759 -0.41468309 0.08094798
v 0.66172759 -0.41468309 0.08094798
v 0.66172759 -0.41468309 0.08094798
v 0.66172759 -0.41468309 0.08094798
v 0.46387420 0.17907612 0.54205960
v 0.46387420 0.17907612 0.54205960
v 0.46387420 0.17907612 0.54205960
v 0.46387420 0.17907612 0.54205960
v 0.46387420 0.17907612 0.54205960
v 0.46387420 0.17907612 0.54205960
v 0.69684425 -0.47059067 -0.01313951
v 0.69684425 -0.47059067 -0.01313951
v 0.69684425 -0.47059067 -0.01313951
v 0.69684425 -0.47059067 -0.01313951
v 0.69684425 -0.47059067 -0.01313951
v 0.69684425 -0.47059067 -0.01313951
v 0.56524301 0.28314684 0.17302397
v 0.56524301 0.28314684 0.17302397
v 0.56524301 0.28314684 0.17302397
v 0.56524301 0.28314684 0.17302397
v 0.56524301 0.28314684 0.17302397
v 0.56524301 0.28314684 0.17302397
v 0.69902307 -0.78191665 0.08516123
v 0.69902307 -0.78191665 0.08516123
v 0.69902307 -0.78191665 0.08516123
v 0.69902307 -0.78191665 0.08516123
v 0.49298872 0.71996866 0.27043179
v 0.49298872 0.71996866 0.27043179
v 0.49298872 0.71996866 0.27043179
v 0.49298872 0.71996866 0.27043179
v 0.49298872 0.71996866 0.27043179
v 0.49298872 0.71996866 0.27043179
v 0.54899329 -0.90538794 0.63024893
v 0.54899329 -0.90538794 0.63024893
v 0.54899329 -0.90538794 0.63024893
v 0.54899329 -0.90538794 0.63024893
v 0.54899329 -0.90538794 0.63024893
v 0.54899329 -0.90538794 0.63024893
v 0.52003975 0.16210825 0.37518691
v 0.52003975 0.16210825 0.37518691
v 0.52003975 0.16210825 0.37518691
v 0.52003975 0.16210825 0.37518691
v 0.52003975 0.16210825 0.37518691
v 0.51359017 -0.31977233 0.55812999
v 0.51359017 -0.31977233 0.55812999
v 0.51359017 -0.31977233 0.55812999
v 0.51359017 -0.31977233 0.55812999
v 0.51359017 -0.31977233 0.55812999
v 0.51359017 -0.31977233 0.55812999
v 0.63918888 -0.05625753 0.05264130
v 0.63918888 -0.05625753 0.05264130
v 0.63918888 -0.05625753 0.05264130
v 0.63918888 -0.05625753 0.05264130
v 0.63918888 -0.05625753 0.05264130
v 0.63918888 -0.05625753 0.05264130
v 0.63918888 -0.05625753 0.05264130
v 0.64388784 -0.03515200 0.03267420
v 0.64388784 -0.03515200 0.03267420
v 0.64388784 -0.03515200 0.03267420
v 0.64388784 -0.03515200 0.03267420
v 0.64388784 -0.03515200 0.03267420
v 0.64388784 -0.03515200 0.03267420
v 0.64388784 -0.03515200 0.03267420
v 0.54537310 -0.76299459 0.60727694
v 0.54537310 -0.76299459 0.60727694
v 0.54537310 -0.76299459 0.60727694
v 0.54537310 -0.76299459 0.60727694
v 0.54537310 -0.76299459 0.60727694
v 0.54537310 -0.76299459 0.60727694
v 0.54537310 -0.76299459 0.60727694
v 0.60663862 -0.76952268 0.41592388
v 0.60663862 -0.76952268 0.41592388
v 0.60663862 -0.76952268 0.41592388
v 0.60663862 -0.76952268 0.41592388
v 0.52666483 0.06631008 0.40475052
v 0.52666483 0.06631008 0.40475052
v 0.52666483 0.06631008 0.40475052
v 0.52666483 0.06631008 0.40475052
v 0.52666483 0.06631008 0.40475052
v 0.52666483 0.06631008 0.40475052
v 0.52666483 0.06631008 0.40475052
v 0.65130986 0.08601943 -0.01407059
v 0.65130986 0.08601943 -0.01407059
v 0.65130986 0.08601943 -0.01407059
v 0.65130986 0.08601943 -0.01407059
v 0.65130986 0.08601943 -0.01407059
v 0.65130986 0.08601943 -0.01407059
v 0.53647576 -0.07830855 0.42963717
v 0.53647576 -0.07830855 0.42963717
v 0.53647576 -0.07830855 0.42963717
v 0.53647576 -0.07830855 0.42963717
v 0.53647576 -0.07830855 0.42963717
v 0.53647576 -0.07830855 0.42963717
v 0.53647576 -0.07830855 0.42963717
v 0.52758454 0.12456202 0.39256597
v 0.52758454 0.12456202 0.39256597
v 0.52758454 0.12456202 0.39256597
v 0.52758454 0.12456202 0.39256597
v 0.52807683 -0.04569007 0.44808220
v 0.52807683 -0.04569007 0.44808220
v 0.52807683 -0.04569007 0.44808220
v 0.52807683 -0.04569007 0.44808220
v 0.52807683 -0.04569007 0.44808220
v 0.52807683 -0.04569007 0.44808220
v 0.60046380 -0.88388690 0.48857008
v 0.60046380 -0.88388690 0.48857008
v 0.60046380 -0.88388690 0.48857008
v 0.60046380 -0.88388690 0.48857008
v 0.60046380 -0.88388690 0.48857008
v 0.60046380 -0.88388690 0.48857008
v 0.54010963 -0.48879067 0.56106804
v 0.54010963 -0.48879067 0.56106804
v 0.54010963 -0.48879067 0.56106804
v 0.54010963 -0.48879067 0.56106804
v 0.54010963 -0.48879067 0.56106804
v 0.54010963 -0.48879067 0.56106804
v 0.52498070 0.02191207 0.44228200
v 0.52498070 0.02191207 0.44228200
v 0.52498070 0.02191207 0.44228200
v 0.52498070 0.02191207 0.44228200
v 0.52498070 0.02191207 0.44228200
v 0.52498070 0.02191207 0.44228200
v 0.52498070 0.02191207 0.44228200
v 0.63861809 -0.02621660 0.08788389
v 0.63861809 -0.02621660 0.08788389
v 0.63861809 -0.02621660 0.08788389
v 0.63861809 -0.02621660 0.08788389
v 0.63861809 -0.02621660 0.08788389
v 0.63861809 -0.02621660 0.08788389
v 0.63861809 -0.02621660 0.08788389
v 0.51309682 -0.28017896 0.59320542
v 0.51309682 -0.28017896 0.59320542
v 0.51309682 -0.28017896 0.59320542
v 0.51309682 -0.28017896 0.59320542
v 0.51309682 -0.28017896 0.59320542
v 0.51309682 -0.28017896 0.59320542
v 0.51309682 -0.28017896 0.59320542
v 0.56631751 -0.94478257 0.64467389
v 0.56631751 -0.94478257 0.64467389
v 0.56631751 -0.94478257 0.64467389
v 0.56631751 -0.94478257 0.64467389
v 0.56631751 -0.94478257 0.64467389
v 0.56631751 -0.94478257 0.64467389
v 0.65399258 0.07891734 0.01186617
v 0.65399258 0.07891734 0.01186617
v 0.65399258 0.07891734 0.01186617
v 0.65399258 0.07891734 0.01186617
v 0.65399258 0.07891734 0.01186617
v 0.65399258 0.07891734 0.01186617
v 0.65399258 0.07891734 0.01186617
v 0.69417639 -0.65053261 0.12976952
v 0.69417639 -0.65053261 0.12976952
v 0.69417639 -0.65053261 0.12976952
v 0.69417639 -0.65053261 0.12976952
v 0.69417639 -0.65053261 0.12976952
v 0.65528783 0.11513152 0.00618930
v 0.65528783 0.11513152 0.00618930
v 0.65528783 0.11513152 0.00618930
v 0.65528783 0.11513152 0.00618930
v 0.65528783 0.11513152 0.00618930
v 0.64137878 0.07265505 0.06887814
v 0.64137878 0.07265505 0.06887814
v 0.64137878 0.07265505 0.06887814
v 0.64137878 0.07265505 0.06887814
v 0.64137878 0.07265505 0.06887814
v 0.65545138 0.13324290 0.00862464
v 0.65545138 0.13324290 0.00862464
v 0.65545138 0.13324290 0.00862464
v 0.65545138 0.13324290 0.00862464
v 0.65545138 0.13324290 0.00862464
v 0.65545138 0.13324290 0.00862464
v 0.62117497 -0.60520323 0.37676647
v 0.62117497 -0.60520323 0.37676647
v 0.62117497 -0.60520323 0.37676647
v 0.60959643 -0.76439330 0.47041672
v 0.60959643 -0.76439330 0.47041672
v 0.60959643 -0.76439330 0.47041672
v 0.60959643 -0.76439330 0.47041672
v 0.60959643 -0.76439330 0.47041672
v 0.59737174 0.14461026 0.20776584
v 0.59737174 0.14461026 0.20776584
v 0.59737174 0.14461026 0.20776584
v 0.59737174 0.14461026 0.20776584
v 0.59737174 0.14461026 0.20776584
v 0.59737174 0.14461026 0.20776584
v 0.62896889 -0.91793239 0.46625147
v 0.62896889 -0.91793239 0.46625147
v 0.62896889 -0.91793239 0.46625147
v 0.62896889 -0.91793239 0.46625147
v 0.54390665 0.16170059 0.39380024
v 0.54390665 0.16170059 0.39380024
v 0.54390665 0.16170059 0.39380024
v 0.54390665 0.16170059 0.39380024
v 0.54390665 0.16170059 0.39380024
v 0.54390665 0.16170059 0.39380024
v 0.54390665 0.16170059 0.39380024
v 0.69922814 -0.44908528 0.09444327
v 0.69922814 -0.44908528 0.09444327
v 0.69922814 -0.44908528 0.09444327
v 0.69922814 -0.44908528 0.09444327
v 0.69922814 -0.44908528 0.09444327
v 0.69922814 -0.44908528 0.09444327
v 0.57719079 -0.21968458 0.43662254
v 0.57719079 -0.21968458 0.43662254
v 0.57719079 -0.21968458 0.43662254
v 0.57719079 -0.21968458 0.43662254
v 0.57719079 -0.21968458 0.43662254
v 0.57719079 -0.21968458 0.43662254
v 0.62629622 -0.31386151 0.31667180
v 0.62629622 -0.31386151 0.31667180
v 0.62629622 -0.31386151 0.31667180
v 0.62629622 -0.31386151 0.31667180
v 0.62629622 -0.31386151 0.31667180
v 0.62629622 -0.31386151 0.31667180
v 0.62629622 -0.31386151 0.31667180
v 0.62629622 -0.31386151 0.31667180
v 0.64032288 -0.76853785 0.43343858
v 0.64032288 -0.76853785 0.43343858
v 0.64032288 -0.76853785 0.43343858
v 0.64032288 -0.76853785 0.43343858
v 0.64032288 -0.76853785 0.43343858
v 0.64032288 -0.76853785 0.43343858
v 0.62283970 -0.56968578 0.43242307
v 0.62283970 -0.56968578 0.43242307
v 0.62283970 -0.56968578 0.43242307
v 0.62283970 -0.56968578 0.43242307
v 0.62283970 -0.56968578 0.43242307
v 0.62283970 -0.56968578 0.43242307
v 0.73234549 -0.79913494 0.15236381
v 0.73234549 -0.79913494 0.15236381
v 0.73234549 -0.79913494 0.15236381
v 0.73234549 -0.79913494 0.15236381
v 0.73234549 -0.79913494 0.15236381
v 0.73234549 -0.79913494 0.15236381
v 0.57319059 -0.18688122 0.48414783
v 0.57319059 -0.18688122 0.48414783
v 0.57319059 -0.18688122 0.48414783
v 0.57319059 -0.18688122 0.48414783
v 0.57319059 -0.18688122 0.48414783
v 0.57319059 -0.18688122 0.48414783
v 0.58059272 0.12212015 0.36547206
v 0.58059272 0.12212015 0.36547206
v 0.58059272 0.12212015 0.36547206
v 0.58059272 0.12212015 0.36547206
v 0.58059272 0.12212015 0.36547206
v 0.65176812 -0.60125905 0.39157406
v 0.65176812 -0.60125905 0.39157406
v 0.65176812 -0.60125905 0.39157406
v 0.65176812 -0.60125905 0.39157406
v 0.65176812 -0.60125905 0.39157406
v 0.65176812 -0.60125905 0.39157406
v 0.65176812 -0.60125905 0.39157406
v 0.65176812 -0.60125905 0.39157406
v 0.63071788 0.10251681 0.22779952
v 0.63071788 0.10251681 0.22779952
v 0.63071788 0.10251681 0.22779952
v 0.63071788 0.10251681 0.22779952
v 0.63071788 0.10251681 0.22779952
v 0.63310835 0.14990658 0.21734283
v 0.63310835 0.14990658 0.21734283
v 0.63310835 0.14990658 0.21734283
v 0.63310835 0.14990658 0.21734283
v 0.63310835 0.14990658 0.21734283
v 0.63310835 0.14990658 0.21734283
v 0.63310835 0.14990658 0.21734283
v 0.57712321 0.17664541 0.40057528
v 0.57712321 0.17664541 0.40057528
v 0.57712321 0.17664541 0.40057528
v 0.57712321 0.17664541 0.40057528
v 0.57712321 0.17664541 0.40057528
v 0.57712321 0.17664541 0.40057528
v 0.57712321 0.17664541 0.40057528
v 0.57712321 0.17664541 0.40057528
vt 0.70873201 0.68907100
vt 0.70873201 0.68907100
vt 0.70873201 0.68907100
vt 0.70873201 0.68907100
vt 0.70873201 0.68907100
vt 0.70873201 0.68907100
vt 0.76104599 0.68907100
vt 0.76104599 0.68907100
vt 0.76104599 0.68907100
vt 0.76104599 0.68907100
vt 0.71082997 0.70173198
vt 0.71082997 0.70173198
vt 0.71082997 0.70173198
vt 0.71082997 0.70173198
vt 0.71082997 0.70173198
vt 0.71082997 0.70173198
vt 0.76157099 0.70173198
vt 0.76157099 0.70173198
vt 0.76157099 0.70173198
vt 0.76157099 0.70173198
vt 0.76157099 0.70173198
vt 0.63799697 0.68907100
vt 0.63799697 0.68907100
vt 0.63799697 0.68907100
vt 0.63799697 0.68907100
vt 0.63799697 0.68907100
vt 0.63799697 0.68907100
vt 0.70594603 0.67159998
vt 0.70594603 0.67159998
vt 0.75583500 0.67159998
vt 0.76538801 0.84649998
vt 0.76538801 0.84649998
vt 0.76538801 0.84649998
vt 0.76538801 0.84649998
vt 0.76538801 0.84649998
vt 0.76538801 0.84649998
vt 0.70952201 0.84909397
vt 0.70952201 0.84909397
vt 0.70952201 0.84909397
vt 0.70952201 0.84909397
vt 0.70952201 0.84909397
vt 0.64045399 0.70173198
vt 0.64045399 0.70173198
vt 0.64045399 0.70173198
vt 0.64045399 0.70173198
vt 0.64045399 0.70173198
vt 0.82719201 0.68907100
vt 0.82719201 0.68907100
vt 0.82719201 0.68907100
vt 0.82719201 0.68907100
vt 0.76459098 0.86266202
vt 0.76459098 0.86266202
vt 0.76459098 0.86266202
vt 0.76459098 0.86266202
vt 0.76459098 0.86266202
vt 0.76459098 0.86266202
vt 0.70968097 0.86559403
vt 0.70968097 0.86559403
vt 0.70968097 0.86559403
vt 0.70968097 0.86559403
vt 0.70968097 0.86559403
vt 0.82700801 0.70173198
vt 0.82700801 0.70173198
vt 0.82700801 0.70173198
vt 0.82700801 0.70173198
vt 0.82700801 0.70173198
vt 0.82700801 0.70173198
vt 0.67971802 0.74953300
vt 0.67971802 0.74953300
vt 0.67971802 0.74953300
vt 0.67971802 0.74953300
vt 0.67971802 0.74953300
vt 0.67971802 0.74953300
vt 0.67971802 0.74953300
vt 0.65886402 0.84924799
vt 0.65886402 0.84924799
vt 0.65886402 0.84924799
vt 0.65886402 0.84924799
vt 0.65886402 0.84924799
vt 0.65886402 0.84924799
vt 0.63541198 0.67159998
vt 0.63541198 0.67159998
vt 0.63541198 0.67159998
vt 0.57527798 0.68907100
vt 0.57527798 0.68907100
vt 0.57527798 0.68907100
vt 0.57527798 0.68907100
vt 0.57527798 0.68907100
vt 0.57527798 0.68907100
vt 0.79459602 0.74953300
vt 0.79459602 0.74953300
vt 0.79459602 0.74953300
vt 0.79459602 0.74953300
vt 0.79459602 0.74953300
vt 0.79459602 0.74953300
vt 0.79459602 0.74953300
vt 0.82824397 0.84519798
vt 0.82824397 0.84519798
vt 0.82824397 0.84519798
vt 0.82824397 0.84519798
vt 0.82824397 0.84519798
vt 0.59651399 0.70173198
vt 0.59651399 0.70173198
vt 0.59651399 0.70173198
vt 0.59651399 0.70173198
vt 0.62385100 0.85395700
vt 0.62385100 0.85395700
vt 0.62385100 0.85395700
vt 0.62385100 0.85395700
vt 0.62385100 0.85395700
vt 0.62385100 0.85395700
vt 0.65804899 0.86682600
vt 0.65804899 0.86682600
vt 0.65804899 0.86682600
vt 0.65804899 0.86682600
vt 0.65804899 0.86682600
vt 0.65804899 0.86682600
vt 0.83647299 0.67159998
vt 0.74939698 0.24539900
vt 0.74939698 0.24539900
vt 0.74939698 0.24539900
vt 0.74939698 0.24539900
vt 0.74939698 0.24539900
vt 0.74939698 0.24539900
vt 0.73799300 0.27721900
vt 0.73799300 0.27721900
vt 0.73799300 0.27721900
vt 0.73799300 0.27721900
vt 0.73799300 0.27721900
vt 0.73799300 0.27721900
vt 0.73799300 0.27721900
vt 0.79720300 0.26136804
vt 0.79720300 0.26136804
vt 0.79720300 0.26136804
vt 0.79720300 0.26136804
vt 0.79720300 0.26136804
vt 0.78388703 0.29282999
vt 0.78388703 0.29282999
vt 0.78388703 0.29282999
vt 0.78388703 0.29282999
vt 0.78388703 0.29282999
vt 0.78388703 0.29282999
vt 0.82921398 0.86232400
vt 0.82921398 0.86232400
vt 0.82921398 0.86232400
vt 0.82921398 0.86232400
vt 0.82921398 0.86232400
vt 0.68115997 0.82299799
vt 0.68115997 0.82299799
vt 0.68115997 0.82299799
vt 0.68115997 0.82299799
vt 0.68115997 0.82299799
vt 0.68115997 0.82299799
vt 0.68115997 0.82299799
vt 0.58001202 0.74953300
vt 0.58001202 0.74953300
vt 0.58001202 0.74953300
vt 0.58001202 0.74953300
vt 0.58001202 0.74953300
vt 0.79434401 0.82299799
vt 0.79434401 0.82299799
vt 0.79434401 0.82299799
vt 0.79434401 0.82299799
vt 0.79434401 0.82299799
vt 0.79434401 0.82299799
vt 0.79434401 0.82299799
vt 0.59408998 0.85691398
vt 0.59408998 0.85691398
vt 0.59408998 0.85691398
vt 0.59408998 0.85691398
vt 0.59408998 0.85691398
vt 0.59408998 0.85691398
vt 0.62618202 0.86928600
vt 0.62618202 0.86928600
vt 0.62618202 0.86928600
vt 0.62618202 0.86928600
vt 0.62618202 0.86928600
vt 0.57291597 0.67159998
vt 0.57291597 0.67159998
vt 0.55742699 0.70335400
vt 0.55742699 0.70335400
vt 0.69884598 0.23421901
vt 0.69884598 0.23421901
vt 0.69884598 0.23421901
vt 0.69884598 0.23421901
vt 0.69884598 0.23421901
vt 0.60107601 0.74953300
vt 0.60107601 0.74953300
vt 0.60107601 0.74953300
vt 0.60107601 0.74953300
vt 0.60107601 0.74953300
vt 0.60107601 0.74953300
vt 0.60107601 0.74953300
vt 0.74497902 0.99817300
vt 0.74497902 0.99817300
vt 0.74497902 0.99817300
vt 0.74497902 0.99817300
vt 0.77859902 0.24061900
vt 0.77859902 0.24061900
vt 0.77859902 0.24061900
vt 0.77859902 0.24061900
vt 0.78266197 0.30091298
vt 0.78266197 0.30091298
vt 0.78266197 0.30091298
vt 0.78266197 0.30091298
vt 0.78266197 0.30091298
vt 0.68766499 0.26631498
vt 0.68766499 0.26631498
vt 0.68766499 0.26631498
vt 0.68766499 0.26631498
vt 0.68766499 0.26631498
vt 0.73398501 0.28558803
vt 0.73398501 0.28558803
vt 0.73398501 0.28558803
vt 0.73398501 0.28558803
vt 0.73398501 0.28558803
vt 0.88331002 0.68907100
vt 0.88331002 0.68907100
vt 0.88331002 0.68907100
vt 0.88331002 0.68907100
vt 0.88331002 0.68907100
vt 0.83486402 0.31398600
vt 0.83486402 0.31398600
vt 0.83486402 0.31398600
vt 0.83486402 0.31398600
vt 0.83486402 0.31398600
vt 0.83486402 0.31398600
vt 0.59847498 0.87167901
vt 0.59847498 0.87167901
vt 0.59847498 0.87167901
vt 0.59847498 0.87167901
vt 0.88284802 0.70173198
vt 0.88284802 0.70173198
vt 0.88284802 0.70173198
vt 0.88284802 0.70173198
vt 0.88284802 0.70173198
vt 0.85273802 0.28415298
vt 0.85273802 0.28415298
vt 0.85273802 0.28415298
vt 0.85273802 0.28415298
vt 0.85273802 0.28415298
vt 0.85273802 0.28415298
vt 0.68479198 0.27540499
vt 0.68479198 0.27540499
vt 0.68479198 0.27540499
vt 0.68479198 0.27540499
vt 0.68479198 0.27540499
vt 0.68479198 0.27540499
vt 0.66056299 0.22184598
vt 0.66056299 0.22184598
vt 0.66056299 0.22184598
vt 0.66056299 0.22184598
vt 0.66056299 0.22184598
vt 0.66056299 0.22184598
vt 0.94025701 0.16352302
vt 0.94025701 0.16352302
vt 0.94025701 0.16352302
vt 0.84023702 0.16853297
vt 0.84023702 0.16853297
vt 0.60099202 0.16853297
vt 0.56167603 0.74953300
vt 0.56167603 0.74953300
vt 0.56167603 0.74953300
vt 0.64759499 0.25671500
vt 0.64759499 0.25671500
vt 0.64759499 0.25671500
vt 0.64759499 0.25671500
vt 0.64759499 0.25671500
vt 0.64759499 0.25671500
vt 0.75337601 0.36141300
vt 0.75337601 0.36141300
vt 0.75337601 0.36141300
vt 0.75337601 0.36141300
vt 0.75337601 0.36141300
vt 0.75337601 0.36141300
vt 0.75337601 0.36141300
vt 0.75337601 0.36141300
vt 0.94200897 0.23109299
vt 0.94200897 0.23109299
vt 0.94200897 0.23109299
vt 0.77017999 0.16853297
vt 0.77017999 0.16853297
vt 0.95030600 0.17586702
vt 0.95030600 0.17586702
vt 0.95030600 0.17586702
vt 0.69598502 0.12077600
vt 0.69598502 0.12077600
vt 0.69598502 0.12077600
vt 0.64995903 0.99817300
vt 0.64995903 0.99817300
vt 0.64995903 0.99817300
vt 0.64995903 0.99817300
vt 0.68209600 0.21649802
vt 0.68209600 0.21649802
vt 0.68209600 0.21649802
vt 0.68209600 0.21649802
vt 0.68209600 0.21649802
vt 0.88469100 0.84577900
vt 0.88469100 0.84577900
vt 0.88469100 0.84577900
vt 0.88469100 0.84577900
vt 0.88469100 0.84577900
vt 0.88469100 0.84577900
vt 0.83465803 0.32300699
vt 0.83465803 0.32300699
vt 0.83465803 0.32300699
vt 0.83465803 0.32300699
vt 0.83465803 0.32300699
vt 0.83465803 0.32300699
vt 0.83465803 0.32300699
vt 0.95234001 0.22033399
vt 0.95234001 0.22033399
vt 0.95234001 0.22033399
vt 0.61608601 0.12077600
vt 0.73994398 0.12077600
vt 0.73994398 0.12077600
vt 0.58507198 0.82299799
vt 0.58507198 0.82299799
vt 0.23552500 0.58951902
vt 0.23552500 0.58951902
vt 0.23552500 0.58951902
vt 0.57915801 0.84257501
vt 0.23552500 0.58951902
vt 0.57915801 0.84257501
vt 0.57915801 0.84257501
vt 0.58507198 0.82299799
vt 0.58507198 0.82299799
vt 0.89099097 0.67159998
vt 0.89099097 0.67159998
vt 0.89099097 0.67159998
vt 0.67582601 0.33003104
vt 0.67582601 0.33003104
vt 0.67582601 0.33003104
vt 0.67582601 0.33003104
vt 0.67582601 0.33003104
vt 0.67582601 0.33003104
vt 0.67582601 0.33003104
vt 0.64415598 0.26723802
vt 0.64415598 0.26723802
vt 0.64415598 0.26723802
vt 0.64415598 0.26723802
vt 0.64415598 0.26723802
vt 0.96894002 0.17566901
vt 0.96894002 0.17566901
vt 0.96894002 0.17566901
vt 0.66481102 0.12077600
vt 0.66481102 0.12077600
vt 0.66481102 0.12077600
vt 0.60614002 0.82299799
vt 0.60614002 0.82299799
vt 0.60614002 0.82299799
vt 0.60614002 0.82299799
vt 0.60614002 0.82299799
vt 0.97036701 0.21936500
vt 0.97036701 0.21936500
vt 0.97036701 0.21936500
vt 0.63393301 0.12077600
vt 0.63393301 0.12077600
vt 0.63393301 0.12077600
vt 0.61624599 0.24608803
vt 0.61624599 0.24608803
vt 0.23202001 0.78272003
vt 0.23202001 0.78272003
vt 0.23202001 0.78272003
vt 0.23202001 0.78272003
vt 0.61624599 0.24608803
vt 0.22810000 0.79210198
vt 0.22810000 0.79210198
vt 0.22810000 0.79210198
vt 0.22810000 0.79210198
vt 0.22810000 0.79210198
vt 0.84023702 0.15659297
vt 0.60099202 0.15659297
vt 0.60099202 0.15659297
vt 0.86991501 0.23207998
vt 0.86991501 0.23207998
vt 0.86991501 0.23207998
vt 0.63012701 0.20888102
vt 0.23213400 0.74125803
vt 0.23213400 0.74125803
vt 0.58442301 0.99817300
vt 0.63012701 0.20888102
vt 0.63012701 0.20888102
vt 0.58442301 0.99817300
vt 0.97832298 0.16149402
vt 0.97832298 0.16149402
vt 0.97832298 0.16149402
vt 0.64818102 0.16853297
vt 0.64818102 0.16853297
vt 0.64818102 0.16853297
vt 0.77017999 0.15659297
vt 0.77017999 0.15659297
vt 0.77017999 0.15659297
vt 0.77017999 0.15659297
vt 0.86863399 0.16473800
vt 0.86863399 0.16473800
vt 0.86863399 0.16473800
vt 0.88503599 0.86228502
vt 0.88503599 0.86228502
vt 0.88503599 0.86228502
vt 0.88503599 0.86228502
vt 0.88503599 0.86228502
vt 0.98189902 0.22823101
vt 0.98189902 0.22823101
vt 0.98189902 0.22823101
vt 0.70190603 0.16853297
vt 0.70190603 0.16853297
vt 0.70190603 0.16853297
vt 0.70190603 0.16853297
vt 0.21707000 0.59654999
vt 0.21707000 0.59654999
vt 0.21707000 0.59654999
vt 0.21707000 0.59654999
vt 0.21707000 0.59654999
vt 0.61608601 0.10947299
vt 0.61608601 0.10947299
vt 0.73994398 0.10947299
vt 0.88046497 0.17473298
vt 0.88046497 0.17473298
vt 0.88046497 0.17473298
vt 0.71841401 0.46429396
vt 0.71841401 0.46429396
vt 0.71841401 0.46429396
vt 0.71841401 0.46429396
vt 0.71841401 0.46429396
vt 0.71841401 0.46429396
vt 0.63393301 0.10947299
vt 0.63393301 0.10947299
vt 0.63393301 0.10947299
vt 0.89786500 0.17691100
vt 0.89786500 0.17691100
vt 0.89786500 0.17691100
vt 0.78603297 0.44628000
vt 0.78603297 0.44628000
vt 0.78603297 0.44628000
vt 0.78603297 0.44628000
vt 0.78603297 0.44628000
vt 0.78603297 0.44628000
vt 0.69598502 0.10947299
vt 0.69598502 0.10947299
vt 0.69598502 0.10947299
vt 0.88123399 0.21899301
vt 0.88123399 0.21899301
vt 0.88123399 0.21899301
vt 0.21478499 0.73994702
vt 0.21478499 0.73994702
vt 0.21478499 0.73994702
vt 0.21484500 0.74017602
vt 0.21470501 0.74043798
vt 0.21478499 0.73994702
vt 0.21470501 0.74043798
vt 0.24314600 0.58467698
vt 0.24314600 0.58467698
vt 0.57060403 0.82299799
vt 0.72196800 0.42752200
vt 0.72196800 0.42752200
vt 0.72196800 0.42752200
vt 0.72196800 0.42752200
vt 0.72196800 0.42752200
vt 0.72196800 0.42752200
vt 0.67372900 0.38921601
vt 0.67372900 0.38921601
vt 0.67372900 0.38921601
vt 0.67372900 0.38921601
vt 0.67372900 0.38921601
vt 0.67372900 0.38921601
vt 0.21397801 0.77333301
vt 0.21397801 0.77333301
vt 0.21397801 0.77333301
vt 0.21397801 0.77333301
vt 0.21397801 0.77333301
vt 0.66481102 0.10947299
vt 0.66481102 0.10947299
vt 0.66481102 0.10947299
vt 0.89923799 0.22016597
vt 0.89923799 0.22016597
vt 0.89923799 0.22016597
vt 0.85453099 0.99817300
vt 0.85453099 0.99817300
vt 0.85453099 0.99817300
vt 0.85453099 0.99817300
vt 0.85453099 0.99817300
vt 0.88490599 0.28583401
vt 0.88490599 0.28583401
vt 0.88490599 0.28583401
vt 0.88490599 0.28583401
vt 0.77984500 0.41988897
vt 0.77984500 0.41988897
vt 0.77984500 0.41988897
vt 0.77984500 0.41988897
vt 0.77984500 0.41988897
vt 0.60966903 0.25884199
vt 0.24232300 0.79155803
vt 0.24232300 0.79155803
vt 0.60966903 0.25884199
vt 0.60966903 0.25884199
vt 0.60130000 0.27278101
vt 0.60130000 0.27278101
vt 0.60130000 0.27278101
vt 0.60130000 0.27278101
vt 0.60130000 0.27278101
vt 0.23108700 0.80093801
vt 0.23108700 0.80093801
vt 0.23108700 0.80093801
vt 0.64818102 0.15659297
vt 0.64818102 0.15659297
vt 0.64818102 0.15659297
vt 0.90762502 0.23361099
vt 0.90762502 0.23361099
vt 0.90762502 0.23361099
vt 0.16522300 0.51004702
vt 0.16522300 0.51004702
vt 0.16522300 0.51004702
vt 0.16522300 0.51004702
vt 0.16522300 0.51004702
vt 0.16522300 0.51004702
vt 0.16522300 0.51004702
vt 0.16522300 0.51004702
vt 0.59826601 0.99817300
vt 0.59826601 0.99817300
vt 0.59826601 0.99817300
vt 0.63497901 0.19668102
vt 0.16060100 0.44437099
vt 0.16060100 0.44437099
vt 0.16060100 0.44437099
vt 0.16060100 0.44437099
vt 0.16060100 0.44437099
vt 0.16060100 0.44437099
vt 0.70190603 0.15659297
vt 0.70190603 0.15659297
vt 0.90731603 0.16687703
vt 0.90731603 0.16687703
vt 0.90731603 0.16687703
vt 0.15668599 0.39125800
vt 0.15668599 0.39125800
vt 0.15668599 0.39125800
vt 0.15668599 0.39125800
vt 0.67302901 0.46887004
vt 0.67302901 0.46887004
vt 0.67302901 0.46887004
vt 0.67302901 0.46887004
vt 0.67302901 0.46887004
vt 0.67302901 0.46887004
vt 0.17591000 0.50665098
vt 0.17591000 0.50665098
vt 0.17591000 0.50665098
vt 0.67777401 0.42567897
vt 0.67777401 0.42567897
vt 0.67777401 0.42567897
vt 0.67777401 0.42567897
vt 0.67777401 0.42567897
vt 0.90593100 0.31064600
vt 0.90593100 0.31064600
vt 0.90593100 0.31064600
vt 0.90593100 0.31064600
vt 0.90593100 0.31064600
vt 0.89055800 0.34330404
vt 0.89055800 0.34330404
vt 0.89055800 0.34330404
vt 0.89055800 0.34330404
vt 0.89055800 0.34330404
vt 0.89055800 0.34330404
vt 0.83106601 0.40967596
vt 0.83106601 0.40967596
vt 0.83106601 0.40967596
vt 0.83106601 0.40967596
vt 0.83106601 0.40967596
vt 0.83659202 0.42399299
vt 0.83659202 0.42399299
vt 0.83659202 0.42399299
vt 0.83659202 0.42399299
vt 0.83659202 0.42399299
vt 0.60729402 0.34920597
vt 0.60729402 0.34920597
vt 0.60729402 0.34920597
vt 0.60729402 0.34920597
vt 0.60729402 0.34920597
vt 0.60729402 0.34920597
vt 0.17149100 0.44314599
vt 0.17149100 0.44314599
vt 0.17149100 0.44314599
vt 0.17149100 0.44314599
vt 0.16354001 0.62435699
vt 0.16354001 0.62435699
vt 0.16354001 0.62435699
vt 0.16354001 0.62435699
vt 0.16354001 0.62435699
vt 0.16354001 0.62435699
vt 0.16354001 0.62435699
vt 0.16354001 0.62435699
vt 0.91204298 0.74953300
vt 0.91204298 0.74953300
vt 0.91204298 0.74953300
vt 0.91204298 0.74953300
vt 0.91204298 0.74953300
vt 0.91204298 0.74953300
vt 0.16670799 0.38444602
vt 0.16670799 0.38444602
vt 0.16670799 0.38444602
vt 0.16670799 0.38444602
vt 0.16670799 0.38444602
vt 0.14833200 0.52016997
vt 0.14833200 0.52016997
vt 0.14833200 0.52016997
vt 0.14833200 0.52016997
vt 0.14833200 0.52016997
vt 0.14833200 0.52016997
vt 0.14616001 0.44489801
vt 0.14616001 0.44489801
vt 0.14616001 0.44489801
vt 0.14616001 0.44489801
vt 0.14616001 0.44489801
vt 0.14440601 0.40230501
vt 0.14440601 0.40230501
vt 0.14440601 0.40230501
vt 0.14440601 0.40230501
vt 0.14440601 0.40230501
vt 0.14440601 0.40230501
vt 0.16350900 0.77334499
vt 0.16350900 0.77334499
vt 0.16350900 0.77334499
vt 0.16350900 0.77334499
vt 0.16350900 0.77334499
vt 0.16359800 0.78953898
vt 0.16359800 0.78953898
vt 0.16359800 0.78953898
vt 0.16359800 0.78953898
vt 0.16359800 0.78953898
vt 0.16359800 0.78953898
vt 0.16359800 0.78953898
vt 0.88655001 0.35321796
vt 0.88655001 0.35321796
vt 0.88655001 0.35321796
vt 0.88655001 0.35321796
vt 0.88655001 0.35321796
vt 0.94819200 0.68907100
vt 0.94819200 0.68907100
vt 0.94819200 0.68907100
vt 0.94819200 0.68907100
vt 0.94819200 0.68907100
vt 0.94819200 0.68907100
vt 0.90958703 0.82299799
vt 0.90958703 0.82299799
vt 0.90958703 0.82299799
vt 0.90958703 0.82299799
vt 0.90958703 0.82299799
vt 0.90958703 0.82299799
vt 0.90958703 0.82299799
vt 0.90958703 0.82299799
vt 0.94473898 0.70173198
vt 0.94473898 0.70173198
vt 0.94473898 0.70173198
vt 0.94473898 0.70173198
vt 0.94473898 0.70173198
vt 0.94473898 0.70173198
vt 0.79542202 0.46978402
vt 0.79542202 0.46978402
vt 0.79542202 0.46978402
vt 0.79542202 0.46978402
vt 0.79542202 0.46978402
vt 0.52959400 0.28043401
vt 0.52959400 0.28043401
vt 0.16276801 0.80190903
vt 0.16276801 0.80190903
vt 0.16276801 0.80190903
vt 0.16276801 0.80190903
vt 0.84500200 0.43728304
vt 0.84500200 0.43728304
vt 0.84500200 0.43728304
vt 0.84500200 0.43728304
vt 0.84500200 0.43728304
vt 0.84500200 0.43728304
vt 0.62164497 0.42693198
vt 0.62164497 0.42693198
vt 0.62164497 0.42693198
vt 0.62164497 0.42693198
vt 0.62164497 0.42693198
vt 0.62164497 0.42693198
vt 0.62164497 0.42693198
vt 0.61768699 0.47065800
vt 0.61768699 0.47065800
vt 0.61768699 0.47065800
vt 0.61768699 0.47065800
vt 0.61768699 0.47065800
vt 0.61768699 0.47065800
vt 0.95347601 0.67159998
vt 0.95347601 0.67159998
vt 0.73214698 0.49639899
vt 0.73214698 0.49639899
vt 0.73214698 0.49639899
vt 0.73214698 0.49639899
vt 0.73214698 0.49639899
vt 0.73214698 0.49639899
vt 0.94405299 0.84520203
vt 0.94405299 0.84520203
vt 0.94405299 0.84520203
vt 0.94405299 0.84520203
vt 0.94405299 0.84520203
vt 0.89115500 0.39869297
vt 0.89115500 0.39869297
vt 0.89115500 0.39869297
vt 0.89115500 0.39869297
vt 0.89115500 0.39869297
vt 0.89115500 0.39869297
vt 0.89115500 0.39869297
vt 0.89115500 0.39869297
vt 0.89115500 0.39869297
vt 0.53597498 0.32371402
vt 0.53597498 0.32371402
vt 0.53597498 0.32371402
vt 0.53597498 0.32371402
vt 0.53597498 0.32371402
vt 0.53597498 0.32371402
vt 0.10135100 0.37167901
vt 0.10135100 0.37167901
vt 0.10135100 0.37167901
vt 0.10135100 0.37167901
vt 0.10135100 0.37167901
vt 0.10135100 0.37167901
vt 0.94517797 0.86312997
vt 0.94517797 0.86312997
vt 0.94517797 0.86312997
vt 0.94517797 0.86312997
vt 0.94517797 0.86312997
vt 0.94517797 0.86312997
vt 0.11692000 0.64868200
vt 0.11692000 0.64868200
vt 0.11692000 0.64868200
vt 0.11692000 0.64868200
vt 0.11692000 0.64868200
vt 0.11692000 0.64868200
vt 0.09940400 0.38683498
vt 0.09940400 0.38683498
vt 0.09940400 0.38683498
vt 0.09940400 0.38683498
vt 0.09940400 0.38683498
vt 0.09940400 0.38683498
vt 0.11763000 0.77118498
vt 0.11763000 0.77118498
vt 0.11763000 0.77118498
vt 0.11763000 0.77118498
vt 0.11763000 0.77118498
vt 0.10765600 0.35683000
vt 0.10765600 0.35683000
vt 0.10765600 0.35683000
vt 0.10076400 0.65842903
vt 0.10076400 0.65842903
vt 0.10076400 0.65842903
vt 0.10076400 0.65842903
vt 0.10076400 0.65842903
vt 0.10076400 0.65842903
vt 0.09857000 0.44434100
vt 0.09857000 0.44434100
vt 0.09857000 0.44434100
vt 0.09857000 0.44434100
vt 0.09857000 0.44434100
vt 0.09857000 0.44434100
vt 0.09857000 0.44434100
vt 0.54885203 0.38624501
vt 0.54885203 0.38624501
vt 0.54885203 0.38624501
vt 0.54885203 0.38624501
vt 0.54885203 0.38624501
vt 0.54885203 0.38624501
vt 0.68247598 0.51051599
vt 0.68247598 0.51051599
vt 0.68247598 0.51051599
vt 0.68247598 0.51051599
vt 0.68247598 0.51051599
vt 0.68247598 0.51051599
vt 0.68247598 0.51051599
vt 0.10482900 0.78768098
vt 0.10482900 0.78768098
vt 0.10482900 0.78768098
vt 0.10482900 0.78768098
vt 0.10482900 0.78768098
vt 0.10482900 0.78768098
vt 0.10482900 0.78768098
vt 0.10482900 0.78768098
vt 0.09646100 0.54307801
vt 0.09646100 0.54307801
vt 0.09646100 0.54307801
vt 0.09646100 0.54307801
vt 0.09646100 0.54307801
vt 0.09646100 0.54307801
vt 0.95635599 0.34270597
vt 0.95635599 0.34270597
vt 0.95635599 0.34270597
vt 0.95635599 0.34270597
vt 0.95635599 0.34270597
vt 0.95635599 0.34270597
vt 0.94102800 0.37427902
vt 0.94102800 0.37427902
vt 0.94102800 0.37427902
vt 0.94102800 0.37427902
vt 0.94102800 0.37427902
vt 0.94102800 0.37427902
vt 0.55487001 0.42525303
vt 0.55487001 0.42525303
vt 0.55487001 0.42525303
vt 0.55487001 0.42525303
vt 0.55487001 0.42525303
vt 0.03333600 0.99381000
vt 0.03333600 0.99381000
vt 0.25254199 0.64915800
vt 0.25254199 0.64915800
vt 0.25254199 0.64915800
vt 0.08869200 0.69222403
vt 0.08869200 0.69222403
vt 0.25448000 0.68032098
vt 0.08278000 0.66576803
vt 0.08278000 0.66576803
vt 0.08278000 0.66576803
vt 0.03130300 0.89788598
vt 0.03130300 0.89788598
vt 0.10052300 0.79296702
vt 0.03130300 0.89788598
vt 0.03130300 0.89788598
vt 0.10052300 0.79296702
vt 0.10052300 0.79296702
vt 0.21488599 0.48359400
vt 0.21488599 0.48359400
vt 0.21488599 0.48359400
vt 0.21488599 0.48359400
vt 0.21488599 0.48359400
vt 0.21488599 0.48359400
vt 0.55039501 0.46633804
vt 0.55039501 0.46633804
vt 0.55039501 0.46633804
vt 0.55039501 0.46633804
vt 0.55039501 0.46633804
vt 0.55039501 0.46633804
vt 0.93607402 0.38258302
vt 0.93607402 0.38258302
vt 0.93607402 0.38258302
vt 0.93607402 0.38258302
vt 0.93607402 0.38258302
vt 0.04108300 0.98354101
vt 0.26093701 0.63818300
vt 0.26093701 0.63818300
vt 0.26093701 0.63818300
vt 0.26093701 0.63818300
vt 0.28932500 0.83943802
vt 0.03389900 0.93246698
vt 0.03389900 0.93246698
vt 0.03389900 0.93246698
vt 0.03389900 0.93246698
vt 0.08083300 0.75584602
vt 0.08083300 0.75584602
vt 0.08083300 0.75584602
vt 0.03406600 0.91189098
vt 0.03406600 0.91189098
vt 0.08439700 0.78153998
vt 0.08439700 0.78153998
vt 0.04253300 0.95012599
vt 0.04253300 0.95012599
vt 0.04253300 0.95012599
vt 0.04253300 0.95012599
vt 0.25398400 0.83943802
vt 0.25398400 0.83943802
vt 0.25398400 0.83943802
vt 0.46595100 0.29504901
vt 0.46595100 0.29504901
vt 0.46595100 0.29504901
vt 0.10266000 0.80447602
vt 0.03233700 0.88677800
vt 0.19430700 0.47870898
vt 0.19912900 0.49883801
vt 0.08085300 0.60841697
vt 0.08085300 0.60841697
vt 0.08085300 0.60841697
vt 0.08085300 0.60841697
vt 0.08085300 0.60841697
vt 0.08085300 0.60841697
vt 0.99161601 0.68907100
vt 0.99161601 0.68907100
vt 0.99161601 0.68907100
vt 0.99161601 0.68907100
vt 0.99161601 0.68907100
vt 0.22811000 0.43944001
vt 0.22811000 0.43944001
vt 0.22811000 0.43944001
vt 0.22811000 0.43944001
vt 0.22811000 0.43944001
vt 0.99161601 0.70173198
vt 0.99161601 0.70173198
vt 0.99161601 0.70173198
vt 0.99161601 0.70173198
vt 0.99161601 0.70173198
vt 0.99161601 0.70173198
vt 0.61707997 0.51479799
vt 0.61707997 0.51479799
vt 0.61707997 0.51479799
vt 0.61707997 0.51479799
vt 0.61707997 0.51479799
vt 0.61707997 0.51479799
vt 0.99161601 0.67159998
vt 0.99161601 0.67159998
vt 0.06835300 0.61565298
vt 0.06835300 0.61565298
vt 0.06835300 0.61565298
vt 0.06835300 0.61565298
vt 0.06835300 0.61565298
vt 0.06835300 0.61565298
vt 0.06835300 0.61565298
vt 0.26356500 0.61695200
vt 0.28932500 0.82062799
vt 0.28932500 0.82062799
vt 0.20809700 0.43478501
vt 0.20809700 0.43478501
vt 0.22808900 0.41877198
vt 0.25398400 0.82062799
vt 0.25398400 0.82062799
vt 0.25398400 0.82062799
vt 0.99161601 0.84646899
vt 0.99161601 0.84646899
vt 0.99161601 0.84646899
vt 0.99161601 0.84646899
vt 0.99161601 0.84646899
vt 0.99161601 0.84646899
vt 0.24023500 0.50299299
vt 0.24023500 0.50299299
vt 0.24023500 0.50299299
vt 0.24023500 0.50299299
vt 0.99161601 0.74953300
vt 0.99161601 0.74953300
vt 0.99161601 0.74953300
vt 0.99161601 0.74953300
vt 0.99161601 0.74953300
vt 0.99161601 0.74953300
vt 0.99161601 0.74953300
vt 0.99161601 0.74953300
vt 0.99161601 0.86400801
vt 0.99161601 0.86400801
vt 0.99161601 0.86400801
vt 0.99161601 0.86400801
vt 0.99161601 0.86400801
vt 0.99161601 0.86400801
vt 0.28884199 0.72014701
vt 0.28884199 0.72014701
vt 0.28884199 0.72014701
vt 0.28884199 0.72014701
vt 0.05404600 0.62518698
vt 0.05404600 0.62518698
vt 0.51108903 0.45954704
vt 0.51108903 0.45954704
vt 0.51108903 0.45954704
vt 0.51108903 0.45954704
vt 0.51108903 0.45954704
vt 0.51108903 0.45954704
vt 0.50532401 0.42297196
vt 0.50532401 0.42297196
vt 0.50532401 0.42297196
vt 0.50532401 0.42297196
vt 0.50532401 0.42297196
vt 0.50532401 0.42297196
vt 0.05056600 0.37086904
vt 0.05056600 0.37086904
vt 0.05056600 0.37086904
vt 0.05056600 0.37086904
vt 0.99161601 0.82299799
vt 0.99161601 0.82299799
vt 0.99161601 0.82299799
vt 0.99161601 0.82299799
vt 0.22569400 0.51970202
vt 0.22569400 0.51970202
vt 0.22569400 0.51970202
vt 0.22569400 0.51970202
vt 0.25041801 0.44010198
vt 0.25041801 0.44010198
vt 0.25041801 0.44010198
vt 0.25041801 0.44010198
vt 0.25348401 0.48829401
vt 0.25348401 0.48829401
vt 0.25348401 0.48829401
vt 0.25348401 0.48829401
vt 0.25348401 0.48829401
vt 0.25348401 0.48829401
vt 0.25348401 0.48829401
vt 0.25348401 0.48829401
vt 0.99473000 0.36180401
vt 0.99473000 0.36180401
vt 0.99473000 0.36180401
vt 0.99473000 0.36180401
vt 0.04045500 0.35240400
vt 0.04045500 0.35240400
vt 0.04045500 0.35240400
vt 0.04045500 0.35240400
vt 0.04045500 0.35240400
vt 0.04045500 0.35240400
vt 0.04045500 0.35240400
vt 0.25354299 0.50606102
vt 0.25354299 0.50606102
vt 0.25354299 0.50606102
vt 0.25354299 0.50606102
vt 0.25354299 0.50606102
vt 0.25354299 0.50606102
vt 0.45508400 0.36346501
vt 0.45508400 0.36346501
vt 0.45508400 0.36346501
vt 0.45508400 0.36346501
vt 0.45508400 0.36346501
vt 0.45508400 0.36346501
vt 0.45508400 0.36346501
vt 0.45508400 0.36346501
vt 0.04852800 0.45336699
vt 0.04852800 0.45336699
vt 0.04852800 0.45336699
vt 0.04852800 0.45336699
vt 0.04852800 0.45336699
vt 0.04852800 0.45336699
vt 0.97866499 0.39519703
vt 0.97866499 0.39519703
vt 0.97866499 0.39519703
vt 0.97866499 0.39519703
vt 0.97866499 0.39519703
vt 0.97866499 0.39519703
vt 0.03862000 0.36899102
vt 0.03862000 0.36899102
vt 0.03862000 0.36899102
vt 0.03862000 0.36899102
vt 0.03862000 0.36899102
vt 0.03862000 0.36899102
vt 0.03862000 0.36899102
vt 0.90847600 0.50701702
vt 0.90847600 0.50701702
vt 0.90847600 0.50701702
vt 0.90847600 0.50701702
vt 0.90847600 0.50701702
vt 0.99161601 0.99817300
vt 0.99161601 0.99817300
vt 0.99161601 0.99817300
vt 0.99727499 0.34663498
vt 0.99727499 0.34663498
vt 0.99727499 0.34663498
vt 0.99727499 0.34663498
vt 0.99161601 0.99817300
vt 0.25039899 0.42173696
vt 0.25039899 0.42173696
vt 0.25039899 0.42173696
vt 0.25039899 0.42173696
vt 0.97142500 0.40646100
vt 0.97142500 0.40646100
vt 0.97142500 0.40646100
vt 0.97142500 0.40646100
vt 0.97142500 0.40646100
vt 0.97142500 0.40646100
vt 0.97142500 0.40646100
vt 0.97142500 0.40646100
vt 0.42087600 0.31111097
vt 0.42087600 0.31111097
vt 0.07270800 0.88812399
vt 0.07270800 0.88812399
vt 0.07270800 0.88812399
vt 0.08500600 0.95072401
vt 0.08500600 0.95072401
vt 0.21592601 0.83943802
vt 0.21592601 0.83943802
vt 0.21592601 0.83943802
vt 0.03822600 0.34522998
vt 0.03822600 0.34522998
vt 0.24150100 0.52493697
vt 0.24150100 0.52493697
vt 0.94606298 0.45281500
vt 0.94606298 0.45281500
vt 0.94606298 0.45281500
vt 0.94606298 0.45281500
vt 0.94606298 0.45281500
vt 0.94606298 0.45281500
vt 0.03828800 0.45302099
vt 0.03828800 0.45302099
vt 0.03828800 0.45302099
vt 0.03828800 0.45302099
vt 0.03828800 0.45302099
vt 0.03828800 0.45302099
vt 0.32667801 0.97439498
vt 0.32667801 0.97439498
vt 0.32667801 0.97439498
vt 0.03294000 0.35773200
vt 0.03294000 0.35773200
vt 0.03294000 0.35773200
vt 0.32532299 0.95644599
vt 0.32532299 0.95644599
vt 0.32532299 0.95644599
vt 0.32532299 0.95644599
vt 0.02599600 0.37455797
vt 0.02599600 0.37455797
vt 0.54364997 0.50690198
vt 0.54364997 0.50690198
vt 0.54364997 0.50690198
vt 0.54364997 0.50690198
vt 0.54364997 0.50690198
vt 0.54364997 0.50690198
vt 0.08570600 0.89984399
vt 0.08570600 0.89984399
vt 0.08570600 0.89984399
vt 0.08570600 0.89984399
vt 0.08570600 0.89984399
vt 0.08570600 0.89984399
vt 0.84420300 0.54460901
vt 0.84420300 0.54460901
vt 0.84420300 0.54460901
vt 0.84420300 0.54460901
vt 0.84420300 0.54460901
vt 0.84420300 0.54460901
vt 0.84420300 0.54460901
vt 0.03869100 0.52788103
vt 0.03869100 0.52788103
vt 0.03869100 0.52788103
vt 0.03869100 0.52788103
vt 0.03869100 0.52788103
vt 0.03869100 0.52788103
vt 0.08564200 0.93620098
vt 0.08564200 0.93620098
vt 0.08564200 0.93620098
vt 0.08564200 0.93620098
vt 0.08564200 0.93620098
vt 0.08564200 0.93620098
vt 0.08487200 0.91242599
vt 0.08487200 0.91242599
vt 0.08487200 0.91242599
vt 0.08487200 0.91242599
vt 0.08487200 0.91242599
vt 0.08487200 0.91242599
vt 0.08487200 0.91242599
vt 0.90717298 0.52312702
vt 0.90717298 0.52312702
vt 0.90717298 0.52312702
vt 0.90717298 0.52312702
vt 0.90717298 0.52312702
vt 0.90717298 0.52312702
vt 0.32915199 0.99680501
vt 0.24023500 0.50299299
vt 0.24023500 0.50299299
vt 0.24023500 0.50299299
vt 0.24023500 0.50299299
vt 0.32365799 0.88021302
vt 0.32365799 0.88021302
vt 0.02450700 0.45053196
vt 0.02450700 0.45053196
vt 0.02450700 0.45053196
vt 0.21592601 0.82062799
vt 0.21592601 0.82062799
vt 0.21592601 0.82062799
vt 0.03307000 0.56819898
vt 0.03307000 0.56819898
vt 0.03307000 0.56819898
vt 0.03307000 0.56819898
vt 0.03307000 0.56819898
vt 0.02767600 0.52988100
vt 0.02767600 0.52988100
vt 0.02767600 0.52988100
vt 0.02767600 0.52988100
vt 0.02767600 0.52988100
vt 0.02767600 0.52988100
vt 0.22811000 0.43944001
vt 0.22811000 0.43944001
vt 0.22811000 0.43944001
vt 0.22811000 0.43944001
vt 0.22811000 0.43944001
vt 0.22569400 0.51970202
vt 0.22569400 0.51970202
vt 0.22569400 0.51970202
vt 0.22569400 0.51970202
vt 0.45875800 0.41154003
vt 0.45875800 0.41154003
vt 0.45875800 0.41154003
vt 0.45875800 0.41154003
vt 0.45875800 0.41154003
vt 0.33019400 0.80533803
vt 0.33019400 0.80533803
vt 0.33019400 0.80533803
vt 0.01521400 0.52530801
vt 0.01521400 0.52530801
vt 0.01521400 0.52530801
vt 0.90847600 0.50701702
vt 0.90847600 0.50701702
vt 0.90847600 0.50701702
vt 0.90847600 0.50701702
vt 0.90847600 0.50701702
vt 0.22808900 0.41877198
vt 0.20809700 0.43478501
vt 0.20809700 0.43478501
vt 0.46417400 0.44769204
vt 0.46417400 0.44769204
vt 0.46417400 0.44769204
vt 0.46417400 0.44769204
vt 0.46417400 0.44769204
vt 0.02142000 0.57436597
vt 0.02142000 0.57436597
vt 0.02142000 0.57436597
vt 0.02142000 0.57436597
vt 0.02142000 0.57436597
vt 0.33668599 0.75511402
vt 0.33668599 0.75511402
vt 0.33668599 0.75511402
vt 0.01071300 0.57993901
vt 0.01071300 0.57993901
vt 0.01071300 0.57993901
vt 0.01071300 0.57993901
vt 0.76538801 0.58977002
vt 0.76538801 0.58977002
vt 0.76538801 0.58977002
vt 0.76538801 0.58977002
vt 0.76538801 0.58977002
vt 0.76538801 0.58977002
vt 0.84259498 0.59077102
vt 0.84259498 0.59077102
vt 0.84259498 0.59077102
vt 0.84259498 0.59077102
vt 0.84259498 0.59077102
vt 0.84259498 0.59077102
vt 0.95347601 0.67159998
vt 0.95347601 0.67159998
vt 0.95347601 0.67159998
vt 0.49329400 0.49448699
vt 0.49329400 0.49448699
vt 0.49329400 0.49448699
vt 0.49329400 0.49448699
vt 0.49329400 0.49448699
vt 0.49329400 0.49448699
vt 0.94819200 0.68907100
vt 0.94819200 0.68907100
vt 0.94819200 0.68907100
vt 0.94819200 0.68907100
vt 0.94819200 0.68907100
vt 0.94819200 0.68907100
vt 0.35665101 0.97026497
vt 0.35665101 0.97026497
vt 0.35665101 0.97026497
vt 0.35665101 0.97026497
vt 0.35665101 0.97026497
vt 0.35665101 0.97026497
vt 0.21488599 0.48359400
vt 0.21488599 0.48359400
vt 0.21488599 0.48359400
vt 0.21488599 0.48359400
vt 0.21488599 0.48359400
vt 0.21488599 0.48359400
vt 0.94405299 0.84520203
vt 0.94405299 0.84520203
vt 0.94405299 0.84520203
vt 0.94405299 0.84520203
vt 0.94405299 0.84520203
vt 0.94473898 0.70173198
vt 0.94473898 0.70173198
vt 0.94473898 0.70173198
vt 0.94473898 0.70173198
vt 0.94473898 0.70173198
vt 0.94473898 0.70173198
vt 0.35521299 0.95480603
vt 0.35521299 0.95480603
vt 0.35521299 0.95480603
vt 0.35521299 0.95480603
vt 0.94517797 0.86312997
vt 0.94517797 0.86312997
vt 0.94517797 0.86312997
vt 0.94517797 0.86312997
vt 0.94517797 0.86312997
vt 0.94517797 0.86312997
vt 0.33920801 0.64200902
vt 0.33920801 0.64200902
vt 0.33920801 0.64200902
vt 0.33920801 0.64200902
vt 0.33920801 0.64200902
vt 0.33920801 0.64200902
vt 0.33829701 0.65347397
vt 0.33829701 0.65347397
vt 0.33829701 0.65347397
vt 0.33829701 0.65347397
vt 0.33829701 0.65347397
vt 0.33829701 0.65347397
vt 0.95635599 0.34270597
vt 0.95635599 0.34270597
vt 0.95635599 0.34270597
vt 0.95635599 0.34270597
vt 0.95635599 0.34270597
vt 0.95635599 0.34270597
vt 0.19912900 0.49883801
vt 0.19430700 0.47870898
vt 0.36234900 0.99181497
vt 0.36234900 0.99181497
vt 0.36234900 0.99181497
vt 0.36234900 0.99181497
vt 0.94102800 0.37427902
vt 0.94102800 0.37427902
vt 0.94102800 0.37427902
vt 0.94102800 0.37427902
vt 0.94102800 0.37427902
vt 0.94102800 0.37427902
vt 0.34310400 0.62205601
vt 0.33960301 0.62201899
vt 0.33960301 0.62201899
vt 0.93607402 0.38258302
vt 0.93607402 0.38258302
vt 0.93607402 0.38258302
vt 0.93607402 0.38258302
vt 0.93607402 0.38258302
vt 0.84420300 0.54460901
vt 0.84420300 0.54460901
vt 0.84420300 0.54460901
vt 0.84420300 0.54460901
vt 0.84420300 0.54460901
vt 0.84420300 0.54460901
vt 0.84420300 0.54460901
vt 0.69827700 0.60905498
vt 0.69827700 0.60905498
vt 0.69827700 0.60905498
vt 0.69827700 0.60905498
vt 0.69827700 0.60905498
vt 0.44524601 0.46949899
vt 0.44524601 0.46949899
vt 0.44524601 0.46949899
vt 0.44524601 0.46949899
vt 0.77637500 0.63156098
vt 0.77637500 0.63156098
vt 0.77637500 0.63156098
vt 0.77637500 0.63156098
vt 0.77637500 0.63156098
vt 0.77637500 0.63156098
vt 0.13800900 0.95028502
vt 0.13800900 0.95028502
vt 0.13800900 0.95028502
vt 0.17128900 0.83943802
vt 0.17128900 0.83943802
vt 0.17128900 0.83943802
vt 0.13858899 0.93662900
vt 0.13858899 0.93662900
vt 0.13858899 0.93662900
vt 0.13858899 0.93662900
vt 0.13858899 0.93662900
vt 0.13858899 0.93662900
vt 0.13928200 0.90011400
vt 0.13928200 0.90011400
vt 0.13928200 0.90011400
vt 0.13928200 0.90011400
vt 0.13928200 0.90011400
vt 0.13928200 0.90011400
vt 0.13935199 0.91277403
vt 0.13935199 0.91277403
vt 0.13935199 0.91277403
vt 0.13935199 0.91277403
vt 0.13935199 0.91277403
vt 0.13935199 0.91277403
vt 0.17128900 0.82062799
vt 0.17128900 0.82062799
vt 0.17128900 0.82062799
vt 0.37780899 0.89368802
vt 0.37780899 0.89368802
vt 0.37780899 0.89368802
vt 0.37780899 0.89368802
vt 0.37780899 0.89368802
vt 0.37780899 0.89368802
vt 0.37780899 0.89368802
vt 0.37780899 0.89368802
vt 0.37780899 0.89368802
vt 0.35949701 0.34986901
vt 0.35949701 0.34986901
vt 0.35949701 0.34986901
vt 0.14032701 0.88879001
vt 0.14032701 0.88879001
vt 0.14032701 0.88879001
vt 0.91204298 0.74953300
vt 0.91204298 0.74953300
vt 0.91204298 0.74953300
vt 0.91204298 0.74953300
vt 0.91204298 0.74953300
vt 0.91204298 0.74953300
vt 0.37816101 0.80488801
vt 0.37816101 0.80488801
vt 0.37816101 0.80488801
vt 0.37816101 0.80488801
vt 0.37816101 0.80488801
vt 0.37816101 0.80488801
vt 0.90958703 0.82299799
vt 0.90958703 0.82299799
vt 0.90958703 0.82299799
vt 0.90958703 0.82299799
vt 0.90958703 0.82299799
vt 0.90958703 0.82299799
vt 0.90958703 0.82299799
vt 0.90958703 0.82299799
vt 0.38653201 0.41352999
vt 0.38653201 0.41352999
vt 0.38653201 0.41352999
vt 0.38653201 0.41352999
vt 0.38653201 0.41352999
vt 0.38653201 0.41352999
vt 0.38653201 0.41352999
vt 0.38653201 0.41352999
vt 0.38653201 0.41352999
vt 0.38653201 0.41352999
vt 0.38653201 0.41352999
vt 0.37783900 0.70904303
vt 0.37783900 0.70904303
vt 0.37783900 0.70904303
vt 0.37783900 0.70904303
vt 0.37783900 0.70904303
vt 0.37783900 0.70904303
vt 0.37783900 0.70904303
vt 0.76538801 0.58977002
vt 0.76538801 0.58977002
vt 0.76538801 0.58977002
vt 0.76538801 0.58977002
vt 0.76538801 0.58977002
vt 0.76538801 0.58977002
vt 0.69953197 0.65930998
vt 0.69953197 0.65930998
vt 0.69953197 0.65930998
vt 0.69953197 0.65930998
vt 0.69953197 0.65930998
vt 0.69953197 0.65930998
vt 0.61847800 0.61668801
vt 0.61847800 0.61668801
vt 0.61847800 0.61668801
vt 0.61847800 0.61668801
vt 0.61847800 0.61668801
vt 0.61847800 0.61668801
vt 0.89115500 0.39869297
vt 0.89115500 0.39869297
vt 0.89115500 0.39869297
vt 0.89115500 0.39869297
vt 0.89115500 0.39869297
vt 0.89115500 0.39869297
vt 0.89115500 0.39869297
vt 0.89115500 0.39869297
vt 0.89115500 0.39869297
vt 0.89099097 0.67159998
vt 0.89099097 0.67159998
vt 0.89099097 0.67159998
vt 0.41506100 0.95363301
vt 0.41506100 0.95363301
vt 0.41506100 0.95363301
vt 0.41506100 0.95363301
vt 0.41506100 0.95363301
vt 0.88503599 0.86228502
vt 0.88503599 0.86228502
vt 0.88503599 0.86228502
vt 0.88503599 0.86228502
vt 0.88503599 0.86228502
vt 0.88469100 0.84577900
vt 0.88469100 0.84577900
vt 0.88469100 0.84577900
vt 0.88469100 0.84577900
vt 0.88469100 0.84577900
vt 0.88469100 0.84577900
vt 0.88284802 0.70173198
vt 0.88284802 0.70173198
vt 0.88284802 0.70173198
vt 0.88284802 0.70173198
vt 0.88284802 0.70173198
vt 0.18425500 0.95160598
vt 0.18425500 0.95160598
vt 0.12095700 0.83943802
vt 0.12095700 0.83943802
vt 0.12095700 0.83943802
vt 0.18425500 0.95160598
vt 0.69827700 0.60905498
vt 0.69827700 0.60905498
vt 0.69827700 0.60905498
vt 0.69827700 0.60905498
vt 0.69827700 0.60905498
vt 0.42232299 0.96743000
vt 0.42232299 0.96743000
vt 0.42232299 0.96743000
vt 0.42232299 0.96743000
vt 0.42232299 0.96743000
vt 0.42232299 0.96743000
vt 0.18407699 0.93753898
vt 0.18407699 0.93753898
vt 0.18407699 0.93753898
vt 0.18407699 0.93753898
vt 0.18407699 0.93753898
vt 0.18407699 0.93753898
vt 0.18407699 0.93753898
vt 0.88331002 0.68907100
vt 0.88331002 0.68907100
vt 0.88331002 0.68907100
vt 0.88331002 0.68907100
vt 0.88331002 0.68907100
vt 0.88331002 0.68907100
vt 0.90593100 0.31064600
vt 0.90593100 0.31064600
vt 0.90593100 0.31064600
vt 0.90593100 0.31064600
vt 0.90593100 0.31064600
vt 0.88655001 0.35321796
vt 0.88655001 0.35321796
vt 0.88655001 0.35321796
vt 0.88655001 0.35321796
vt 0.88655001 0.35321796
vt 0.89055800 0.34330404
vt 0.89055800 0.34330404
vt 0.89055800 0.34330404
vt 0.89055800 0.34330404
vt 0.89055800 0.34330404
vt 0.89055800 0.34330404
vt 0.61833298 0.66817999
vt 0.61833298 0.66817999
vt 0.61833298 0.66817999
vt 0.61833298 0.66817999
vt 0.61833298 0.66817999
vt 0.61833298 0.66817999
vt 0.18631400 0.91550899
vt 0.18631400 0.91550899
vt 0.18631400 0.91550899
vt 0.18631400 0.91550899
vt 0.18631400 0.91550899
vt 0.18631400 0.91550899
vt 0.40853599 0.65696800
vt 0.40853599 0.65696800
vt 0.40853599 0.65696800
vt 0.40853599 0.65696800
vt 0.40853599 0.65696800
vt 0.18732500 0.89952999
vt 0.18732500 0.89952999
vt 0.18732500 0.89952999
vt 0.18732500 0.89952999
vt 0.84500200 0.43728304
vt 0.84500200 0.43728304
vt 0.84500200 0.43728304
vt 0.84500200 0.43728304
vt 0.84500200 0.43728304
vt 0.84500200 0.43728304
vt 0.52742898 0.60804701
vt 0.52742898 0.60804701
vt 0.52742898 0.60804701
vt 0.52742898 0.60804701
vt 0.52742898 0.60804701
vt 0.52742898 0.60804701
vt 0.43531400 0.98226601
vt 0.43531400 0.98226601
vt 0.43531400 0.98226601
vt 0.41194800 0.64690697
vt 0.41194800 0.64690697
vt 0.41194800 0.64690697
vt 0.41194800 0.64690697
vt 0.41194800 0.64690697
vt 0.41194800 0.64690697
vt 0.12095700 0.82062799
vt 0.12095700 0.82062799
vt 0.12095700 0.82062799
vt 0.31709799 0.37481797
vt 0.18796401 0.88688397
vt 0.18796401 0.88688397
vt 0.18796401 0.88688397
vt 0.18796401 0.88688397
vt 0.31709799 0.37481797
vt 0.43428901 0.92847902
vt 0.43428901 0.92847902
vt 0.43428901 0.92847902
vt 0.43428901 0.92847902
vt 0.43428901 0.92847902
vt 0.43428901 0.92847902
vt 0.42329201 0.63128901
vt 0.42329201 0.63128901
vt 0.42329201 0.63128901
vt 0.43508300 0.90300697
vt 0.43508300 0.90300697
vt 0.43508300 0.90300697
vt 0.43508300 0.90300697
vt 0.43508300 0.90300697
vt 0.83659202 0.42399299
vt 0.83659202 0.42399299
vt 0.83659202 0.42399299
vt 0.83659202 0.42399299
vt 0.83659202 0.42399299
vt 0.43498701 0.80725801
vt 0.43498701 0.80725801
vt 0.43498701 0.80725801
vt 0.43498701 0.80725801
vt 0.43498701 0.80725801
vt 0.43498701 0.80725801
vt 0.46996599 0.58679497
vt 0.46996599 0.58679497
vt 0.46996599 0.58679497
vt 0.46996599 0.58679497
vt 0.46996599 0.58679497
vt 0.46996599 0.58679497
vt 0.61847800 0.61668801
vt 0.61847800 0.61668801
vt 0.61847800 0.61668801
vt 0.61847800 0.61668801
vt 0.61847800 0.61668801
vt 0.61847800 0.61668801
vt 0.43448400 0.71158499
vt 0.43448400 0.71158499
vt 0.43448400 0.71158499
vt 0.43448400 0.71158499
vt 0.43448400 0.71158499
vt 0.83106601 0.40967596
vt 0.83106601 0.40967596
vt 0.83106601 0.40967596
vt 0.83106601 0.40967596
vt 0.83106601 0.40967596
vt 0.88490599 0.28583401
vt 0.88490599 0.28583401
vt 0.88490599 0.28583401
vt 0.88490599 0.28583401
vt 0.85453099 0.99817300
vt 0.85453099 0.99817300
vt 0.85453099 0.99817300
vt 0.85453099 0.99817300
vt 0.85453099 0.99817300
vt 0.43317300 0.68605000
vt 0.43317300 0.68605000
vt 0.43317300 0.68605000
vt 0.43317300 0.68605000
vt 0.43317300 0.68605000
vt 0.43317300 0.68605000
vt 0.44735301 0.93560398
vt 0.44735301 0.93560398
vt 0.44735301 0.93560398
vt 0.44735301 0.93560398
vt 0.44735301 0.93560398
vt 0.44971099 0.90334100
vt 0.44971099 0.90334100
vt 0.44971099 0.90334100
vt 0.44971099 0.90334100
vt 0.44971099 0.90334100
vt 0.44971099 0.90334100
vt 0.52870101 0.65392798
vt 0.52870101 0.65392798
vt 0.52870101 0.65392798
vt 0.52870101 0.65392798
vt 0.52870101 0.65392798
vt 0.52870101 0.65392798
vt 0.44946599 0.80672699
vt 0.44946599 0.80672699
vt 0.44946599 0.80672699
vt 0.44946599 0.80672699
vt 0.44946599 0.80672699
vt 0.44946599 0.80672699
vt 0.79542202 0.46978402
vt 0.79542202 0.46978402
vt 0.79542202 0.46978402
vt 0.79542202 0.46978402
vt 0.79542202 0.46978402
vt 0.46773601 0.94274497
vt 0.46773601 0.94274497
vt 0.46773601 0.94274497
vt 0.47248200 0.90514302
vt 0.47248200 0.90514302
vt 0.47248200 0.90514302
vt 0.22170800 0.90041500
vt 0.22170800 0.90041500
vt 0.22170800 0.90041500
vt 0.22170800 0.90041500
vt 0.22008000 0.89995700
vt 0.22008000 0.89995700
vt 0.22008000 0.89995700
vt 0.22008000 0.89995700
vt 0.22008000 0.89995700
vt 0.22008000 0.89995700
vt 0.22008000 0.89995700
vt 0.44936001 0.71019101
vt 0.44936001 0.71019101
vt 0.44936001 0.71019101
vt 0.44936001 0.71019101
vt 0.44936001 0.71019101
vt 0.44936001 0.71019101
vt 0.44936001 0.71019101
vt 0.22263899 0.91152799
vt 0.22263899 0.91152799
vt 0.22263899 0.91152799
vt 0.22263899 0.91152799
vt 0.22263899 0.91152799
vt 0.22263899 0.91152799
vt 0.40631399 0.55255598
vt 0.40631399 0.55255598
vt 0.40631399 0.55255598
vt 0.40631399 0.55255598
vt 0.40631399 0.55255598
vt 0.40631399 0.55255598
vt 0.40631399 0.55255598
vt 0.44603100 0.67842799
vt 0.44603100 0.67842799
vt 0.44603100 0.67842799
vt 0.44603100 0.67842799
vt 0.44603100 0.67842799
vt 0.47213501 0.80663401
vt 0.47213501 0.80663401
vt 0.47213501 0.80663401
vt 0.22721100 0.90961200
vt 0.22721100 0.90961200
vt 0.22721100 0.90961200
vt 0.22721100 0.90961200
vt 0.22721100 0.90961200
vt 0.22721100 0.90961200
vt 0.83647299 0.67159998
vt 0.83647299 0.67159998
vt 0.83647299 0.67159998
vt 0.22325400 0.88842797
vt 0.22307800 0.88905603
vt 0.28528500 0.40208197
vt 0.22307800 0.88905603
vt 0.28528500 0.40208197
vt 0.47208199 0.70780498
vt 0.47208199 0.70780498
vt 0.47208199 0.70780498
vt 0.23375000 0.93771899
vt 0.23375000 0.93771899
vt 0.23375000 0.93771899
vt 0.23375000 0.93771899
vt 0.23375000 0.93771899
vt 0.46517801 0.66978800
vt 0.46517801 0.66978800
vt 0.46517801 0.66978800
vt 0.23733300 0.93453002
vt 0.23733300 0.93453002
vt 0.23733300 0.93453002
vt 0.23375900 0.92485601
vt 0.23375900 0.92485601
vt 0.23375900 0.92485601
vt 0.52742898 0.60804701
vt 0.52742898 0.60804701
vt 0.52742898 0.60804701
vt 0.52742898 0.60804701
vt 0.52742898 0.60804701
vt 0.52742898 0.60804701
vt 0.23324201 0.89902300
vt 0.23324201 0.89902300
vt 0.23324201 0.89902300
vt 0.23324201 0.89902300
vt 0.23324201 0.89902300
vt 0.23324201 0.89902300
vt 0.23324201 0.89902300
vt 0.23324201 0.89902300
vt 0.45488399 0.62459499
vt 0.45488399 0.62459499
vt 0.45488399 0.62459499
vt 0.45488399 0.62459499
vt 0.45488399 0.62459499
vt 0.45488399 0.62459499
vt 0.06729800 0.82062799
vt 0.06729800 0.82062799
vt 0.06729800 0.82062799
vt 0.06729800 0.82062799
vt 0.06729800 0.83943802
vt 0.24069101 0.94987500
vt 0.24069101 0.94987500
vt 0.24069101 0.94987500
vt 0.06729800 0.83943802
vt 0.06729800 0.83943802
vt 0.24069101 0.94987500
vt 0.24069101 0.94987500
vt 0.23733300 0.93453002
vt 0.23733300 0.93453002
vt 0.24223600 0.94849300
vt 0.24223600 0.94849300
vt 0.24223600 0.94849300
vt 0.23733300 0.93453002
vt 0.82921398 0.86232400
vt 0.82921398 0.86232400
vt 0.82921398 0.86232400
vt 0.82921398 0.86232400
vt 0.82921398 0.86232400
vt 0.82700801 0.70173198
vt 0.82700801 0.70173198
vt 0.82700801 0.70173198
vt 0.82700801 0.70173198
vt 0.82700801 0.70173198
vt 0.82700801 0.70173198
vt 0.06729800 0.82062799
vt 0.06729800 0.82062799
vt 0.06729800 0.82062799
vt 0.06729800 0.82062799
vt 0.06729800 0.82062799
vt 0.06729800 0.83943802
vt 0.06729800 0.83943802
vt 0.06729800 0.83943802
vt 0.24223600 0.94849300
vt 0.85273802 0.28415298
vt 0.85273802 0.28415298
vt 0.85273802 0.28415298
vt 0.85273802 0.28415298
vt 0.85273802 0.28415298
vt 0.85273802 0.28415298
vt 0.34733099 0.50489002
vt 0.34733099 0.50489002
vt 0.34733099 0.50489002
vt 0.34733099 0.50489002
vt 0.34733099 0.50489002
vt 0.83465803 0.32300699
vt 0.83465803 0.32300699
vt 0.83465803 0.32300699
vt 0.83465803 0.32300699
vt 0.83465803 0.32300699
vt 0.83465803 0.32300699
vt 0.83465803 0.32300699
vt 0.78603297 0.44628000
vt 0.78603297 0.44628000
vt 0.78603297 0.44628000
vt 0.78603297 0.44628000
vt 0.78603297 0.44628000
vt 0.78603297 0.44628000
vt 0.24052399 0.91155797
vt 0.24052399 0.91155797
vt 0.24052399 0.91155797
vt 0.24052399 0.91155797
vt 0.24052399 0.91155797
vt 0.82824397 0.84519798
vt 0.82824397 0.84519798
vt 0.82824397 0.84519798
vt 0.82824397 0.84519798
vt 0.82824397 0.84519798
vt 0.46773601 0.94274497
vt 0.46773601 0.94274497
vt 0.46773601 0.94274497
vt 0.82719201 0.68907100
vt 0.82719201 0.68907100
vt 0.82719201 0.68907100
vt 0.82719201 0.68907100
vt 0.82719201 0.68907100
vt 0.82719201 0.68907100
vt 0.47248200 0.90514302
vt 0.47248200 0.90514302
vt 0.47248200 0.90514302
vt 0.83486402 0.31398600
vt 0.83486402 0.31398600
vt 0.83486402 0.31398600
vt 0.83486402 0.31398600
vt 0.83486402 0.31398600
vt 0.83486402 0.31398600
vt 0.38998899 0.58143097
vt 0.38998899 0.58143097
vt 0.38998899 0.58143097
vt 0.38998899 0.58143097
vt 0.38998899 0.58143097
vt 0.38998899 0.58143097
vt 0.77984500 0.41988897
vt 0.77984500 0.41988897
vt 0.77984500 0.41988897
vt 0.77984500 0.41988897
vt 0.77984500 0.41988897
vt 0.02195700 0.82062799
vt 0.02195700 0.82062799
vt 0.02195700 0.82062799
vt 0.02195700 0.82062799
vt 0.02195700 0.82062799
vt 0.46996599 0.58679497
vt 0.46996599 0.58679497
vt 0.46996599 0.58679497
vt 0.46996599 0.58679497
vt 0.46996599 0.58679497
vt 0.46996599 0.58679497
vt 0.02195700 0.82062799
vt 0.02195700 0.82062799
vt 0.02195700 0.82062799
vt 0.47213501 0.80663401
vt 0.47213501 0.80663401
vt 0.47213501 0.80663401
vt 0.73214698 0.49639899
vt 0.73214698 0.49639899
vt 0.73214698 0.49639899
vt 0.73214698 0.49639899
vt 0.73214698 0.49639899
vt 0.73214698 0.49639899
vt 0.02195700 0.83943802
vt 0.02195700 0.83943802
vt 0.02195700 0.83943802
vt 0.02195700 0.83943802
vt 0.25949800 0.94977599
vt 0.25949800 0.94977599
vt 0.25949800 0.94977599
vt 0.25102401 0.86029899
vt 0.25102401 0.86029899
vt 0.28033999 0.44247997
vt 0.28033999 0.44247997
vt 0.28033999 0.44247997
vt 0.28033999 0.44247997
vt 0.25102401 0.86029899
vt 0.25102401 0.86029899
vt 0.26034799 0.95122403
vt 0.26034799 0.95122403
vt 0.26034799 0.95122403
vt 0.26034799 0.95122403
vt 0.25641400 0.93313003
vt 0.25641400 0.93313003
vt 0.25641400 0.93313003
vt 0.25949800 0.94977599
vt 0.25949800 0.94977599
vt 0.25643501 0.93419600
vt 0.25643501 0.93419600
vt 0.25643501 0.93419600
vt 0.25643501 0.93419600
vt 0.25643501 0.93419600
vt 0.25643501 0.93419600
vt 0.29369500 0.46108001
vt 0.29369500 0.46108001
vt 0.29369500 0.46108001
vt 0.29369500 0.46108001
vt 0.29369500 0.46108001
vt 0.29369500 0.46108001
vt 0.79434401 0.82299799
vt 0.79434401 0.82299799
vt 0.79434401 0.82299799
vt 0.79434401 0.82299799
vt 0.79434401 0.82299799
vt 0.79434401 0.82299799
vt 0.79434401 0.82299799
vt 0.47208199 0.70780498
vt 0.47208199 0.70780498
vt 0.47208199 0.70780498
vt 0.33572200 0.52668101
vt 0.33572200 0.52668101
vt 0.33572200 0.52668101
vt 0.33572200 0.52668101
vt 0.25586101 0.89692700
vt 0.25586101 0.89692700
vt 0.25586101 0.89692700
vt 0.25586101 0.89692700
vt 0.25586101 0.89692700
vt 0.25586101 0.89692700
vt 0.79459602 0.74953300
vt 0.79459602 0.74953300
vt 0.79459602 0.74953300
vt 0.79459602 0.74953300
vt 0.79459602 0.74953300
vt 0.79459602 0.74953300
vt 0.79459602 0.74953300
vt 0.46517801 0.66978800
vt 0.46517801 0.66978800
vt 0.46517801 0.66978800
vt 0.06729800 0.82062799
vt 0.06729800 0.82062799
vt 0.06729800 0.82062799
vt 0.06729800 0.82062799
vt 0.06729800 0.82062799
vt 0.25853899 0.87397701
vt 0.25853899 0.87397701
vt 0.25853899 0.87397701
vt 0.25853899 0.87397701
vt 0.40631399 0.55255598
vt 0.40631399 0.55255598
vt 0.40631399 0.55255598
vt 0.40631399 0.55255598
vt 0.40631399 0.55255598
vt 0.40631399 0.55255598
vt 0.40631399 0.55255598
vt 0.34733099 0.50489002
vt 0.34733099 0.50489002
vt 0.34733099 0.50489002
vt 0.34733099 0.50489002
vt 0.34733099 0.50489002
vt 0.43531400 0.98226601
vt 0.43531400 0.98226601
vt 0.43531400 0.98226601
vt 0.44735301 0.93560398
vt 0.44735301 0.93560398
vt 0.44735301 0.93560398
vt 0.44735301 0.93560398
vt 0.44735301 0.93560398
vt 0.44971099 0.90334100
vt 0.44971099 0.90334100
vt 0.44971099 0.90334100
vt 0.44971099 0.90334100
vt 0.44971099 0.90334100
vt 0.44971099 0.90334100
vt 0.06729800 0.82062799
vt 0.06729800 0.82062799
vt 0.06729800 0.82062799
vt 0.06729800 0.82062799
vt 0.06729800 0.83943802
vt 0.24223600 0.94849300
vt 0.24223600 0.94849300
vt 0.06729800 0.83943802
vt 0.44946599 0.80672699
vt 0.44946599 0.80672699
vt 0.44946599 0.80672699
vt 0.44946599 0.80672699
vt 0.44946599 0.80672699
vt 0.44946599 0.80672699
vt 0.24108200 0.91118199
vt 0.24108200 0.91118199
vt 0.24108200 0.91118199
vt 0.24108200 0.91118199
vt 0.24108200 0.91118199
vt 0.68247598 0.51051599
vt 0.68247598 0.51051599
vt 0.68247598 0.51051599
vt 0.68247598 0.51051599
vt 0.68247598 0.51051599
vt 0.68247598 0.51051599
vt 0.68247598 0.51051599
vt 0.44936001 0.71019101
vt 0.44936001 0.71019101
vt 0.44936001 0.71019101
vt 0.44936001 0.71019101
vt 0.44936001 0.71019101
vt 0.44936001 0.71019101
vt 0.44936001 0.71019101
vt 0.24069101 0.94987500
vt 0.06729800 0.83943802
vt 0.06729800 0.83943802
vt 0.23733300 0.93453002
vt 0.24069101 0.94987500
vt 0.24069101 0.94987500
vt 0.06729800 0.83943802
vt 0.06729800 0.83943802
vt 0.24069101 0.94987500
vt 0.24069101 0.94987500
vt 0.43508300 0.90300697
vt 0.43508300 0.90300697
vt 0.43508300 0.90300697
vt 0.43508300 0.90300697
vt 0.43508300 0.90300697
vt 0.22307800 0.88905603
vt 0.22307800 0.88905603
vt 0.28528500 0.40208197
vt 0.28528500 0.40208197
vt 0.22325400 0.88842797
vt 0.43428901 0.92847902
vt 0.43428901 0.92847902
vt 0.43428901 0.92847902
vt 0.43428901 0.92847902
vt 0.43428901 0.92847902
vt 0.43428901 0.92847902
vt 0.24223600 0.94849300
vt 0.24223600 0.94849300
vt 0.23733300 0.93453002
vt 0.24223600 0.94849300
vt 0.44603100 0.67842799
vt 0.44603100 0.67842799
vt 0.44603100 0.67842799
vt 0.44603100 0.67842799
vt 0.44603100 0.67842799
vt 0.23375000 0.93771899
vt 0.23375000 0.93771899
vt 0.23375000 0.93771899
vt 0.23375000 0.93771899
vt 0.23375000 0.93771899
vt 0.23406500 0.92470598
vt 0.23406500 0.92470598
vt 0.23406500 0.92470598
vt 0.23733300 0.93453002
vt 0.23733300 0.93453002
vt 0.23733300 0.93453002
vt 0.43498701 0.80725801
vt 0.43498701 0.80725801
vt 0.43498701 0.80725801
vt 0.43498701 0.80725801
vt 0.43498701 0.80725801
vt 0.43498701 0.80725801
vt 0.23324201 0.89902300
vt 0.23324201 0.89902300
vt 0.23324201 0.89902300
vt 0.23324201 0.89902300
vt 0.23324201 0.89902300
vt 0.23324201 0.89902300
vt 0.23324201 0.89902300
vt 0.23324201 0.89902300
vt 0.42232299 0.96743000
vt 0.42232299 0.96743000
vt 0.42232299 0.96743000
vt 0.42232299 0.96743000
vt 0.42232299 0.96743000
vt 0.42232299 0.96743000
vt 0.22263899 0.91152799
vt 0.22263899 0.91152799
vt 0.22263899 0.91152799
vt 0.22263899 0.91152799
vt 0.22263899 0.91152799
vt 0.22263899 0.91152799
vt 0.43448400 0.71158499
vt 0.43448400 0.71158499
vt 0.43448400 0.71158499
vt 0.43448400 0.71158499
vt 0.43448400 0.71158499
vt 0.43317300 0.68605000
vt 0.43317300 0.68605000
vt 0.43317300 0.68605000
vt 0.43317300 0.68605000
vt 0.43317300 0.68605000
vt 0.43317300 0.68605000
vt 0.22721100 0.90961200
vt 0.22721100 0.90961200
vt 0.22721100 0.90961200
vt 0.22721100 0.90961200
vt 0.22721100 0.90961200
vt 0.22721100 0.90961200
vt 0.42329201 0.63128901
vt 0.42329201 0.63128901
vt 0.42329201 0.63128901
vt 0.78266197 0.30091298
vt 0.78266197 0.30091298
vt 0.78266197 0.30091298
vt 0.78266197 0.30091298
vt 0.78266197 0.30091298
vt 0.75337601 0.36141300
vt 0.75337601 0.36141300
vt 0.75337601 0.36141300
vt 0.75337601 0.36141300
vt 0.75337601 0.36141300
vt 0.75337601 0.36141300
vt 0.75337601 0.36141300
vt 0.75337601 0.36141300
vt 0.41506100 0.95363301
vt 0.41506100 0.95363301
vt 0.41506100 0.95363301
vt 0.41506100 0.95363301
vt 0.41506100 0.95363301
vt 0.71841401 0.46429396
vt 0.71841401 0.46429396
vt 0.71841401 0.46429396
vt 0.71841401 0.46429396
vt 0.71841401 0.46429396
vt 0.71841401 0.46429396
vt 0.72196800 0.42752200
vt 0.72196800 0.42752200
vt 0.72196800 0.42752200
vt 0.72196800 0.42752200
vt 0.72196800 0.42752200
vt 0.72196800 0.42752200
vt 0.22008000 0.89995700
vt 0.22008000 0.89995700
vt 0.22008000 0.89995700
vt 0.22008000 0.89995700
vt 0.22008000 0.89995700
vt 0.22008000 0.89995700
vt 0.22008000 0.89995700
vt 0.79720300 0.26136804
vt 0.79720300 0.26136804
vt 0.79720300 0.26136804
vt 0.79720300 0.26136804
vt 0.79720300 0.26136804
vt 0.22170800 0.90041500
vt 0.22170800 0.90041500
vt 0.22170800 0.90041500
vt 0.22170800 0.90041500
vt 0.76459098 0.86266202
vt 0.76459098 0.86266202
vt 0.76459098 0.86266202
vt 0.76459098 0.86266202
vt 0.76459098 0.86266202
vt 0.76459098 0.86266202
vt 0.75583500 0.67159998
vt 0.75583500 0.67159998
vt 0.75583500 0.67159998
vt 0.78388703 0.29282999
vt 0.78388703 0.29282999
vt 0.78388703 0.29282999
vt 0.78388703 0.29282999
vt 0.78388703 0.29282999
vt 0.78388703 0.29282999
vt 0.76157099 0.70173198
vt 0.76157099 0.70173198
vt 0.76157099 0.70173198
vt 0.76157099 0.70173198
vt 0.76157099 0.70173198
vt 0.12095700 0.82062799
vt 0.12095700 0.82062799
vt 0.12095700 0.82062799
vt 0.76538801 0.84649998
vt 0.76538801 0.84649998
vt 0.76538801 0.84649998
vt 0.76538801 0.84649998
vt 0.76538801 0.84649998
vt 0.76538801 0.84649998
vt 0.76104599 0.68907100
vt 0.76104599 0.68907100
vt 0.76104599 0.68907100
vt 0.76104599 0.68907100
vt 0.76104599 0.68907100
vt 0.76104599 0.68907100
vt 0.77859902 0.24061900
vt 0.77859902 0.24061900
vt 0.77859902 0.24061900
vt 0.77859902 0.24061900
vt 0.74497902 0.99817300
vt 0.74497902 0.99817300
vt 0.74497902 0.99817300
vt 0.74497902 0.99817300
vt 0.61707997 0.51479799
vt 0.61707997 0.51479799
vt 0.61707997 0.51479799
vt 0.61707997 0.51479799
vt 0.61707997 0.51479799
vt 0.61707997 0.51479799
vt 0.40853599 0.65696800
vt 0.40853599 0.65696800
vt 0.40853599 0.65696800
vt 0.40853599 0.65696800
vt 0.40853599 0.65696800
vt 0.41194800 0.64690697
vt 0.41194800 0.64690697
vt 0.41194800 0.64690697
vt 0.41194800 0.64690697
vt 0.41194800 0.64690697
vt 0.41194800 0.64690697
vt 0.36234900 0.99181497
vt 0.36234900 0.99181497
vt 0.36234900 0.99181497
vt 0.36234900 0.99181497
vt 0.18631400 0.91550899
vt 0.18631400 0.91550899
vt 0.18631400 0.91550899
vt 0.18631400 0.91550899
vt 0.18631400 0.91550899
vt 0.18631400 0.91550899
vt 0.37780899 0.89368802
vt 0.37780899 0.89368802
vt 0.37780899 0.89368802
vt 0.37780899 0.89368802
vt 0.37780899 0.89368802
vt 0.37780899 0.89368802
vt 0.37780899 0.89368802
vt 0.37780899 0.89368802
vt 0.37780899 0.89368802
vt 0.18796401 0.88688397
vt 0.18796401 0.88688397
vt 0.31709799 0.37481797
vt 0.18796401 0.88688397
vt 0.18796401 0.88688397
vt 0.31709799 0.37481797
vt 0.18407699 0.93753898
vt 0.18407699 0.93753898
vt 0.18407699 0.93753898
vt 0.18407699 0.93753898
vt 0.18407699 0.93753898
vt 0.18407699 0.93753898
vt 0.18407699 0.93753898
vt 0.67777401 0.42567897
vt 0.67777401 0.42567897
vt 0.67777401 0.42567897
vt 0.67777401 0.42567897
vt 0.67777401 0.42567897
vt 0.12095700 0.83943802
vt 0.12095700 0.83943802
vt 0.12095700 0.83943802
vt 0.18425500 0.95160598
vt 0.18425500 0.95160598
vt 0.18425500 0.95160598
vt 0.18732500 0.89952999
vt 0.18732500 0.89952999
vt 0.18732500 0.89952999
vt 0.18732500 0.89952999
vt 0.37816101 0.80488801
vt 0.37816101 0.80488801
vt 0.37816101 0.80488801
vt 0.37816101 0.80488801
vt 0.37816101 0.80488801
vt 0.37816101 0.80488801
vt 0.73398501 0.28558803
vt 0.73398501 0.28558803
vt 0.73398501 0.28558803
vt 0.73398501 0.28558803
vt 0.73398501 0.28558803
vt 0.67302901 0.46887004
vt 0.67302901 0.46887004
vt 0.67302901 0.46887004
vt 0.67302901 0.46887004
vt 0.67302901 0.46887004
vt 0.67302901 0.46887004
vt 0.37783900 0.70904303
vt 0.37783900 0.70904303
vt 0.37783900 0.70904303
vt 0.37783900 0.70904303
vt 0.37783900 0.70904303
vt 0.37783900 0.70904303
vt 0.37783900 0.70904303
vt 0.70594603 0.67159998
vt 0.70594603 0.67159998
vt 0.70594603 0.67159998
vt 0.32915199 0.99680501
vt 0.54364997 0.50690198
vt 0.54364997 0.50690198
vt 0.54364997 0.50690198
vt 0.54364997 0.50690198
vt 0.54364997 0.50690198
vt 0.54364997 0.50690198
vt 0.74939698 0.24539900
vt 0.74939698 0.24539900
vt 0.74939698 0.24539900
vt 0.74939698 0.24539900
vt 0.74939698 0.24539900
vt 0.74939698 0.24539900
vt 0.35521299 0.95480603
vt 0.35521299 0.95480603
vt 0.35521299 0.95480603
vt 0.35521299 0.95480603
vt 0.67372900 0.38921601
vt 0.67372900 0.38921601
vt 0.67372900 0.38921601
vt 0.67372900 0.38921601
vt 0.67372900 0.38921601
vt 0.67372900 0.38921601
vt 0.68115997 0.82299799
vt 0.68115997 0.82299799
vt 0.68115997 0.82299799
vt 0.68115997 0.82299799
vt 0.68115997 0.82299799
vt 0.68115997 0.82299799
vt 0.68115997 0.82299799
vt 0.73799300 0.27721900
vt 0.73799300 0.27721900
vt 0.73799300 0.27721900
vt 0.73799300 0.27721900
vt 0.73799300 0.27721900
vt 0.73799300 0.27721900
vt 0.73799300 0.27721900
vt 0.35665101 0.97026497
vt 0.35665101 0.97026497
vt 0.35665101 0.97026497
vt 0.35665101 0.97026497
vt 0.35665101 0.97026497
vt 0.35665101 0.97026497
vt 0.70968097 0.86559403
vt 0.70968097 0.86559403
vt 0.70968097 0.86559403
vt 0.70968097 0.86559403
vt 0.70968097 0.86559403
vt 0.17128900 0.82062799
vt 0.17128900 0.82062799
vt 0.17128900 0.82062799
vt 0.71082997 0.70173198
vt 0.71082997 0.70173198
vt 0.71082997 0.70173198
vt 0.71082997 0.70173198
vt 0.71082997 0.70173198
vt 0.71082997 0.70173198
vt 0.67971802 0.74953300
vt 0.67971802 0.74953300
vt 0.67971802 0.74953300
vt 0.67971802 0.74953300
vt 0.67971802 0.74953300
vt 0.67971802 0.74953300
vt 0.67971802 0.74953300
vt 0.49329400 0.49448699
vt 0.49329400 0.49448699
vt 0.49329400 0.49448699
vt 0.49329400 0.49448699
vt 0.49329400 0.49448699
vt 0.49329400 0.49448699
vt 0.33960301 0.62201899
vt 0.33960301 0.62201899
vt 0.34310400 0.62205601
vt 0.67582601 0.33003104
vt 0.67582601 0.33003104
vt 0.67582601 0.33003104
vt 0.67582601 0.33003104
vt 0.67582601 0.33003104
vt 0.67582601 0.33003104
vt 0.67582601 0.33003104
vt 0.70952201 0.84909397
vt 0.70952201 0.84909397
vt 0.70952201 0.84909397
vt 0.70952201 0.84909397
vt 0.70952201 0.84909397
vt 0.44524601 0.46949899
vt 0.44524601 0.46949899
vt 0.44524601 0.46949899
vt 0.44524601 0.46949899
vt 0.38653201 0.41352999
vt 0.38653201 0.41352999
vt 0.38653201 0.41352999
vt 0.38653201 0.41352999
vt 0.38653201 0.41352999
vt 0.38653201 0.41352999
vt 0.38653201 0.41352999
vt 0.38653201 0.41352999
vt 0.38653201 0.41352999
vt 0.38653201 0.41352999
vt 0.38653201 0.41352999
vt 0.03822600 0.34522998
vt 0.03822600 0.34522998
vt 0.70873201 0.68907100
vt 0.70873201 0.68907100
vt 0.70873201 0.68907100
vt 0.70873201 0.68907100
vt 0.70873201 0.68907100
vt 0.70873201 0.68907100
vt 0.62164497 0.42693198
vt 0.62164497 0.42693198
vt 0.62164497 0.42693198
vt 0.62164497 0.42693198
vt 0.62164497 0.42693198
vt 0.62164497 0.42693198
vt 0.62164497 0.42693198
vt 0.03294000 0.35773200
vt 0.03294000 0.35773200
vt 0.03294000 0.35773200
vt 0.32667801 0.97439498
vt 0.32667801 0.97439498
vt 0.32667801 0.97439498
vt 0.02599600 0.37455797
vt 0.02599600 0.37455797
vt 0.32532299 0.95644599
vt 0.32532299 0.95644599
vt 0.32532299 0.95644599
vt 0.32532299 0.95644599
vt 0.14032701 0.88879001
vt 0.14032701 0.88879001
vt 0.14032701 0.88879001
vt 0.35949701 0.34986901
vt 0.35949701 0.34986901
vt 0.35949701 0.34986901
vt 0.13858899 0.93662900
vt 0.13858899 0.93662900
vt 0.13858899 0.93662900
vt 0.13858899 0.93662900
vt 0.13858899 0.93662900
vt 0.13858899 0.93662900
vt 0.02450700 0.45053196
vt 0.02450700 0.45053196
vt 0.02450700 0.45053196
vt 0.32365799 0.88021302
vt 0.32365799 0.88021302
vt 0.13935199 0.91277403
vt 0.13935199 0.91277403
vt 0.13935199 0.91277403
vt 0.13935199 0.91277403
vt 0.13935199 0.91277403
vt 0.13935199 0.91277403
vt 0.68479198 0.27540499
vt 0.68479198 0.27540499
vt 0.68479198 0.27540499
vt 0.68479198 0.27540499
vt 0.68479198 0.27540499
vt 0.68479198 0.27540499
vt 0.01521400 0.52530801
vt 0.01521400 0.52530801
vt 0.01521400 0.52530801
vt 0.33019400 0.80533803
vt 0.33019400 0.80533803
vt 0.33019400 0.80533803
vt 0.01071300 0.57993901
vt 0.01071300 0.57993901
vt 0.01071300 0.57993901
vt 0.01071300 0.57993901
vt 0.33668599 0.75511402
vt 0.33668599 0.75511402
vt 0.33668599 0.75511402
vt 0.17128900 0.83943802
vt 0.17128900 0.83943802
vt 0.17128900 0.83943802
vt 0.13800900 0.95028502
vt 0.13800900 0.95028502
vt 0.13800900 0.95028502
vt 0.61768699 0.47065800
vt 0.61768699 0.47065800
vt 0.61768699 0.47065800
vt 0.61768699 0.47065800
vt 0.61768699 0.47065800
vt 0.61768699 0.47065800
vt 0.13928200 0.90011400
vt 0.13928200 0.90011400
vt 0.13928200 0.90011400
vt 0.13928200 0.90011400
vt 0.13928200 0.90011400
vt 0.13928200 0.90011400
vt 0.68209600 0.21649802
vt 0.68209600 0.21649802
vt 0.68209600 0.21649802
vt 0.68209600 0.21649802
vt 0.68209600 0.21649802
vt 0.64995903 0.99817300
vt 0.64995903 0.99817300
vt 0.64995903 0.99817300
vt 0.64995903 0.99817300
vt 0.33829701 0.65347397
vt 0.33829701 0.65347397
vt 0.33829701 0.65347397
vt 0.33829701 0.65347397
vt 0.33829701 0.65347397
vt 0.33829701 0.65347397
vt 0.63541198 0.67159998
vt 0.63541198 0.67159998
vt 0.63541198 0.67159998
vt 0.86863399 0.16473800
vt 0.86863399 0.16473800
vt 0.86863399 0.16473800
vt 0.77017999 0.15659297
vt 0.77017999 0.15659297
vt 0.77017999 0.15659297
vt 0.77017999 0.15659297
vt 0.04045500 0.35240400
vt 0.04045500 0.35240400
vt 0.04045500 0.35240400
vt 0.04045500 0.35240400
vt 0.04045500 0.35240400
vt 0.04045500 0.35240400
vt 0.04045500 0.35240400
vt 0.69884598 0.23421901
vt 0.69884598 0.23421901
vt 0.69884598 0.23421901
vt 0.69884598 0.23421901
vt 0.69884598 0.23421901
vt 0.65804899 0.86682600
vt 0.65804899 0.86682600
vt 0.65804899 0.86682600
vt 0.65804899 0.86682600
vt 0.65804899 0.86682600
vt 0.65804899 0.86682600
vt 0.03862000 0.36899102
vt 0.03862000 0.36899102
vt 0.03862000 0.36899102
vt 0.03862000 0.36899102
vt 0.03862000 0.36899102
vt 0.03862000 0.36899102
vt 0.03862000 0.36899102
vt 0.05056600 0.37086904
vt 0.05056600 0.37086904
vt 0.05056600 0.37086904
vt 0.05056600 0.37086904
vt 0.33920801 0.64200902
vt 0.33920801 0.64200902
vt 0.33920801 0.64200902
vt 0.33920801 0.64200902
vt 0.33920801 0.64200902
vt 0.33920801 0.64200902
vt 0.68766499 0.26631498
vt 0.68766499 0.26631498
vt 0.68766499 0.26631498
vt 0.68766499 0.26631498
vt 0.68766499 0.26631498
vt 0.21592601 0.82062799
vt 0.21592601 0.82062799
vt 0.21592601 0.82062799
vt 0.60614002 0.82299799
vt 0.60614002 0.82299799
vt 0.60614002 0.82299799
vt 0.60614002 0.82299799
vt 0.60614002 0.82299799
vt 0.03828800 0.45302099
vt 0.03828800 0.45302099
vt 0.03828800 0.45302099
vt 0.03828800 0.45302099
vt 0.03828800 0.45302099
vt 0.03828800 0.45302099
vt 0.24314600 0.58467698
vt 0.24314600 0.58467698
vt 0.57060403 0.82299799
vt 0.04852800 0.45336699
vt 0.04852800 0.45336699
vt 0.04852800 0.45336699
vt 0.04852800 0.45336699
vt 0.04852800 0.45336699
vt 0.04852800 0.45336699
vt 0.88046497 0.17473298
vt 0.88046497 0.17473298
vt 0.88046497 0.17473298
vt 0.61608601 0.10947299
vt 0.61608601 0.10947299
vt 0.73994398 0.10947299
vt 0.88123399 0.21899301
vt 0.88123399 0.21899301
vt 0.88123399 0.21899301
vt 0.69598502 0.10947299
vt 0.69598502 0.10947299
vt 0.69598502 0.10947299
vt 0.45875800 0.41154003
vt 0.45875800 0.41154003
vt 0.45875800 0.41154003
vt 0.45875800 0.41154003
vt 0.45875800 0.41154003
vt 0.86991501 0.23207998
vt 0.86991501 0.23207998
vt 0.86991501 0.23207998
vt 0.84023702 0.15659297
vt 0.60099202 0.15659297
vt 0.60099202 0.15659297
vt 0.02767600 0.52988100
vt 0.02767600 0.52988100
vt 0.02767600 0.52988100
vt 0.02767600 0.52988100
vt 0.02767600 0.52988100
vt 0.02767600 0.52988100
vt 0.28932500 0.82062799
vt 0.28932500 0.82062799
vt 0.26356500 0.61695200
vt 0.64415598 0.26723802
vt 0.64415598 0.26723802
vt 0.64415598 0.26723802
vt 0.64415598 0.26723802
vt 0.64415598 0.26723802
vt 0.02142000 0.57436597
vt 0.02142000 0.57436597
vt 0.02142000 0.57436597
vt 0.02142000 0.57436597
vt 0.02142000 0.57436597
vt 0.65886402 0.84924799
vt 0.65886402 0.84924799
vt 0.65886402 0.84924799
vt 0.65886402 0.84924799
vt 0.65886402 0.84924799
vt 0.65886402 0.84924799
vt 0.25398400 0.82062799
vt 0.25398400 0.82062799
vt 0.25398400 0.82062799
vt 0.55487001 0.42525303
vt 0.55487001 0.42525303
vt 0.55487001 0.42525303
vt 0.55487001 0.42525303
vt 0.55487001 0.42525303
vt 0.03869100 0.52788103
vt 0.03869100 0.52788103
vt 0.03869100 0.52788103
vt 0.03869100 0.52788103
vt 0.03869100 0.52788103
vt 0.03869100 0.52788103
vt 0.64045399 0.70173198
vt 0.64045399 0.70173198
vt 0.64045399 0.70173198
vt 0.64045399 0.70173198
vt 0.64045399 0.70173198
vt 0.60729402 0.34920597
vt 0.60729402 0.34920597
vt 0.60729402 0.34920597
vt 0.60729402 0.34920597
vt 0.60729402 0.34920597
vt 0.60729402 0.34920597
vt 0.03307000 0.56819898
vt 0.03307000 0.56819898
vt 0.03307000 0.56819898
vt 0.03307000 0.56819898
vt 0.03307000 0.56819898
vt 0.77017999 0.16853297
vt 0.77017999 0.16853297
vt 0.94200897 0.23109299
vt 0.94200897 0.23109299
vt 0.94200897 0.23109299
vt 0.56167603 0.74953300
vt 0.56167603 0.74953300
vt 0.56167603 0.74953300
vt 0.59826601 0.99817300
vt 0.63497901 0.19668102
vt 0.59826601 0.99817300
vt 0.59826601 0.99817300
vt 0.05404600 0.62518698
vt 0.05404600 0.62518698
vt 0.28884199 0.72014701
vt 0.28884199 0.72014701
vt 0.28884199 0.72014701
vt 0.28884199 0.72014701
vt 0.50532401 0.42297196
vt 0.50532401 0.42297196
vt 0.50532401 0.42297196
vt 0.50532401 0.42297196
vt 0.50532401 0.42297196
vt 0.50532401 0.42297196
vt 0.90731603 0.16687703
vt 0.90731603 0.16687703
vt 0.90731603 0.16687703
vt 0.70190603 0.15659297
vt 0.70190603 0.15659297
vt 0.62618202 0.86928600
vt 0.62618202 0.86928600
vt 0.62618202 0.86928600
vt 0.62618202 0.86928600
vt 0.62618202 0.86928600
vt 0.10765600 0.35683000
vt 0.10765600 0.35683000
vt 0.10765600 0.35683000
vt 0.54885203 0.38624501
vt 0.54885203 0.38624501
vt 0.54885203 0.38624501
vt 0.54885203 0.38624501
vt 0.54885203 0.38624501
vt 0.54885203 0.38624501
vt 0.60107601 0.74953300
vt 0.60107601 0.74953300
vt 0.60107601 0.74953300
vt 0.60107601 0.74953300
vt 0.60107601 0.74953300
vt 0.60107601 0.74953300
vt 0.60107601 0.74953300
vt 0.61608601 0.12077600
vt 0.73994398 0.12077600
vt 0.73994398 0.12077600
vt 0.95234001 0.22033399
vt 0.95234001 0.22033399
vt 0.95234001 0.22033399
vt 0.66056299 0.22184598
vt 0.66056299 0.22184598
vt 0.66056299 0.22184598
vt 0.66056299 0.22184598
vt 0.66056299 0.22184598
vt 0.66056299 0.22184598
vt 0.89786500 0.17691100
vt 0.89786500 0.17691100
vt 0.89786500 0.17691100
vt 0.63393301 0.10947299
vt 0.63393301 0.10947299
vt 0.63393301 0.10947299
vt 0.08564200 0.93620098
vt 0.08564200 0.93620098
vt 0.08564200 0.93620098
vt 0.08564200 0.93620098
vt 0.08564200 0.93620098
vt 0.08564200 0.93620098
vt 0.89923799 0.22016597
vt 0.89923799 0.22016597
vt 0.89923799 0.22016597
vt 0.66481102 0.10947299
vt 0.66481102 0.10947299
vt 0.66481102 0.10947299
vt 0.07270800 0.88812399
vt 0.07270800 0.88812399
vt 0.07270800 0.88812399
vt 0.42087600 0.31111097
vt 0.42087600 0.31111097
vt 0.64759499 0.25671500
vt 0.64759499 0.25671500
vt 0.64759499 0.25671500
vt 0.64759499 0.25671500
vt 0.64759499 0.25671500
vt 0.64759499 0.25671500
vt 0.08487200 0.91242599
vt 0.08487200 0.91242599
vt 0.08487200 0.91242599
vt 0.08487200 0.91242599
vt 0.08487200 0.91242599
vt 0.08487200 0.91242599
vt 0.08487200 0.91242599
vt 0.84023702 0.16853297
vt 0.84023702 0.16853297
vt 0.60099202 0.16853297
vt 0.94025701 0.16352302
vt 0.94025701 0.16352302
vt 0.94025701 0.16352302
vt 0.57915801 0.84257501
vt 0.23552500 0.58951902
vt 0.57915801 0.84257501
vt 0.58507198 0.82299799
vt 0.58507198 0.82299799
vt 0.57915801 0.84257501
vt 0.58507198 0.82299799
vt 0.58507198 0.82299799
vt 0.23552500 0.58951902
vt 0.23552500 0.58951902
vt 0.23552500 0.58951902
vt 0.24232300 0.79155803
vt 0.24232300 0.79155803
vt 0.60966903 0.25884199
vt 0.60966903 0.25884199
vt 0.60966903 0.25884199
vt 0.63799697 0.68907100
vt 0.63799697 0.68907100
vt 0.63799697 0.68907100
vt 0.63799697 0.68907100
vt 0.63799697 0.68907100
vt 0.63799697 0.68907100
vt 0.55039501 0.46633804
vt 0.55039501 0.46633804
vt 0.55039501 0.46633804
vt 0.55039501 0.46633804
vt 0.55039501 0.46633804
vt 0.55039501 0.46633804
vt 0.23108700 0.80093801
vt 0.23108700 0.80093801
vt 0.23108700 0.80093801
vt 0.60130000 0.27278101
vt 0.60130000 0.27278101
vt 0.60130000 0.27278101
vt 0.60130000 0.27278101
vt 0.60130000 0.27278101
vt 0.21707000 0.59654999
vt 0.21707000 0.59654999
vt 0.21707000 0.59654999
vt 0.21707000 0.59654999
vt 0.21707000 0.59654999
vt 0.69598502 0.12077600
vt 0.69598502 0.12077600
vt 0.69598502 0.12077600
vt 0.95030600 0.17586702
vt 0.95030600 0.17586702
vt 0.95030600 0.17586702
vt 0.46417400 0.44769204
vt 0.46417400 0.44769204
vt 0.46417400 0.44769204
vt 0.46417400 0.44769204
vt 0.46417400 0.44769204
vt 0.16670799 0.38444602
vt 0.16670799 0.38444602
vt 0.16670799 0.38444602
vt 0.16670799 0.38444602
vt 0.16670799 0.38444602
vt 0.90762502 0.23361099
vt 0.90762502 0.23361099
vt 0.90762502 0.23361099
vt 0.64818102 0.15659297
vt 0.64818102 0.15659297
vt 0.64818102 0.15659297
vt 0.45508400 0.36346501
vt 0.45508400 0.36346501
vt 0.45508400 0.36346501
vt 0.45508400 0.36346501
vt 0.45508400 0.36346501
vt 0.45508400 0.36346501
vt 0.45508400 0.36346501
vt 0.45508400 0.36346501
vt 0.63393301 0.12077600
vt 0.63393301 0.12077600
vt 0.63393301 0.12077600
vt 0.97036701 0.21936500
vt 0.97036701 0.21936500
vt 0.97036701 0.21936500
vt 0.21592601 0.83943802
vt 0.21592601 0.83943802
vt 0.21592601 0.83943802
vt 0.08500600 0.95072401
vt 0.08500600 0.95072401
vt 0.57291597 0.67159998
vt 0.57291597 0.67159998
vt 0.55742699 0.70335400
vt 0.55742699 0.70335400
vt 0.08278000 0.66576803
vt 0.08278000 0.66576803
vt 0.08278000 0.66576803
vt 0.25448000 0.68032098
vt 0.59847498 0.87167901
vt 0.59847498 0.87167901
vt 0.59847498 0.87167901
vt 0.59847498 0.87167901
vt 0.08570600 0.89984399
vt 0.08570600 0.89984399
vt 0.08570600 0.89984399
vt 0.08570600 0.89984399
vt 0.08570600 0.89984399
vt 0.08570600 0.89984399
vt 0.62385100 0.85395700
vt 0.62385100 0.85395700
vt 0.62385100 0.85395700
vt 0.62385100 0.85395700
vt 0.62385100 0.85395700
vt 0.62385100 0.85395700
vt 0.53597498 0.32371402
vt 0.53597498 0.32371402
vt 0.53597498 0.32371402
vt 0.53597498 0.32371402
vt 0.53597498 0.32371402
vt 0.53597498 0.32371402
vt 0.59651399 0.70173198
vt 0.59651399 0.70173198
vt 0.59651399 0.70173198
vt 0.59651399 0.70173198
vt 0.51108903 0.45954704
vt 0.51108903 0.45954704
vt 0.51108903 0.45954704
vt 0.51108903 0.45954704
vt 0.51108903 0.45954704
vt 0.51108903 0.45954704
vt 0.09940400 0.38683498
vt 0.09940400 0.38683498
vt 0.09940400 0.38683498
vt 0.09940400 0.38683498
vt 0.09940400 0.38683498
vt 0.09940400 0.38683498
vt 0.10266000 0.80447602
vt 0.03233700 0.88677800
vt 0.46595100 0.29504901
vt 0.46595100 0.29504901
vt 0.46595100 0.29504901
vt 0.08085300 0.60841697
vt 0.08085300 0.60841697
vt 0.08085300 0.60841697
vt 0.08085300 0.60841697
vt 0.08085300 0.60841697
vt 0.08085300 0.60841697
vt 0.70190603 0.16853297
vt 0.70190603 0.16853297
vt 0.70190603 0.16853297
vt 0.70190603 0.16853297
vt 0.98189902 0.22823101
vt 0.98189902 0.22823101
vt 0.98189902 0.22823101
vt 0.58442301 0.99817300
vt 0.63012701 0.20888102
vt 0.63012701 0.20888102
vt 0.58442301 0.99817300
vt 0.63012701 0.20888102
vt 0.23213400 0.74125803
vt 0.23213400 0.74125803
vt 0.09857000 0.44434100
vt 0.09857000 0.44434100
vt 0.09857000 0.44434100
vt 0.09857000 0.44434100
vt 0.09857000 0.44434100
vt 0.09857000 0.44434100
vt 0.09857000 0.44434100
vt 0.17149100 0.44314599
vt 0.17149100 0.44314599
vt 0.17149100 0.44314599
vt 0.17149100 0.44314599
vt 0.08083300 0.75584602
vt 0.08083300 0.75584602
vt 0.08083300 0.75584602
vt 0.03389900 0.93246698
vt 0.03389900 0.93246698
vt 0.03389900 0.93246698
vt 0.03389900 0.93246698
vt 0.66481102 0.12077600
vt 0.66481102 0.12077600
vt 0.66481102 0.12077600
vt 0.96894002 0.17566901
vt 0.96894002 0.17566901
vt 0.96894002 0.17566901
vt 0.08869200 0.69222403
vt 0.08869200 0.69222403
vt 0.25254199 0.64915800
vt 0.25254199 0.64915800
vt 0.25254199 0.64915800
vt 0.03333600 0.99381000
vt 0.03333600 0.99381000
vt 0.08439700 0.78153998
vt 0.08439700 0.78153998
vt 0.03406600 0.91189098
vt 0.03406600 0.91189098
vt 0.28932500 0.83943802
vt 0.26093701 0.63818300
vt 0.26093701 0.63818300
vt 0.26093701 0.63818300
vt 0.26093701 0.63818300
vt 0.04108300 0.98354101
vt 0.14440601 0.40230501
vt 0.14440601 0.40230501
vt 0.14440601 0.40230501
vt 0.14440601 0.40230501
vt 0.14440601 0.40230501
vt 0.14440601 0.40230501
vt 0.09646100 0.54307801
vt 0.09646100 0.54307801
vt 0.09646100 0.54307801
vt 0.09646100 0.54307801
vt 0.09646100 0.54307801
vt 0.09646100 0.54307801
vt 0.25398400 0.83943802
vt 0.25398400 0.83943802
vt 0.25398400 0.83943802
vt 0.04253300 0.95012599
vt 0.04253300 0.95012599
vt 0.04253300 0.95012599
vt 0.04253300 0.95012599
vt 0.21478499 0.73994702
vt 0.21478499 0.73994702
vt 0.21484500 0.74017602
vt 0.21478499 0.73994702
vt 0.21470501 0.74043798
vt 0.21478499 0.73994702
vt 0.21470501 0.74043798
vt 0.06835300 0.61565298
vt 0.06835300 0.61565298
vt 0.06835300 0.61565298
vt 0.06835300 0.61565298
vt 0.06835300 0.61565298
vt 0.06835300 0.61565298
vt 0.06835300 0.61565298
vt 0.10135100 0.37167901
vt 0.10135100 0.37167901
vt 0.10135100 0.37167901
vt 0.10135100 0.37167901
vt 0.10135100 0.37167901
vt 0.10135100 0.37167901
vt 0.23202001 0.78272003
vt 0.61624599 0.24608803
vt 0.61624599 0.24608803
vt 0.61624599 0.24608803
vt 0.23202001 0.78272003
vt 0.23202001 0.78272003
vt 0.23202001 0.78272003
vt 0.58001202 0.74953300
vt 0.58001202 0.74953300
vt 0.58001202 0.74953300
vt 0.58001202 0.74953300
vt 0.58001202 0.74953300
vt 0.22810000 0.79210198
vt 0.22810000 0.79210198
vt 0.22810000 0.79210198
vt 0.22810000 0.79210198
vt 0.22810000 0.79210198
vt 0.21397801 0.77333301
vt 0.21397801 0.77333301
vt 0.21397801 0.77333301
vt 0.21397801 0.77333301
vt 0.21397801 0.77333301
vt 0.64818102 0.16853297
vt 0.64818102 0.16853297
vt 0.64818102 0.16853297
vt 0.97832298 0.16149402
vt 0.97832298 0.16149402
vt 0.97832298 0.16149402
vt 0.17591000 0.50665098
vt 0.17591000 0.50665098
vt 0.17591000 0.50665098
vt 0.14616001 0.44489801
vt 0.14616001 0.44489801
vt 0.14616001 0.44489801
vt 0.14616001 0.44489801
vt 0.14616001 0.44489801
vt 0.16276801 0.80190903
vt 0.16276801 0.80190903
vt 0.16276801 0.80190903
vt 0.16276801 0.80190903
vt 0.52959400 0.28043401
vt 0.52959400 0.28043401
vt 0.15668599 0.39125800
vt 0.15668599 0.39125800
vt 0.15668599 0.39125800
vt 0.15668599 0.39125800
vt 0.10052300 0.79296702
vt 0.10052300 0.79296702
vt 0.10052300 0.79296702
vt 0.03130300 0.89788598
vt 0.03130300 0.89788598
vt 0.03130300 0.89788598
vt 0.03130300 0.89788598
vt 0.59408998 0.85691398
vt 0.59408998 0.85691398
vt 0.59408998 0.85691398
vt 0.59408998 0.85691398
vt 0.59408998 0.85691398
vt 0.59408998 0.85691398
vt 0.11692000 0.64868200
vt 0.11692000 0.64868200
vt 0.11692000 0.64868200
vt 0.11692000 0.64868200
vt 0.11692000 0.64868200
vt 0.11692000 0.64868200
vt 0.16354001 0.62435699
vt 0.16354001 0.62435699
vt 0.16354001 0.62435699
vt 0.16354001 0.62435699
vt 0.16354001 0.62435699
vt 0.16354001 0.62435699
vt 0.16354001 0.62435699
vt 0.16354001 0.62435699
vt 0.16060100 0.44437099
vt 0.16060100 0.44437099
vt 0.16060100 0.44437099
vt 0.16060100 0.44437099
vt 0.16060100 0.44437099
vt 0.16060100 0.44437099
vt 0.14833200 0.52016997
vt 0.14833200 0.52016997
vt 0.14833200 0.52016997
vt 0.14833200 0.52016997
vt 0.14833200 0.52016997
vt 0.14833200 0.52016997
vt 0.57527798 0.68907100
vt 0.57527798 0.68907100
vt 0.57527798 0.68907100
vt 0.57527798 0.68907100
vt 0.57527798 0.68907100
vt 0.57527798 0.68907100
vt 0.10076400 0.65842903
vt 0.10076400 0.65842903
vt 0.10076400 0.65842903
vt 0.10076400 0.65842903
vt 0.10076400 0.65842903
vt 0.10076400 0.65842903
vt 0.11763000 0.77118498
vt 0.11763000 0.77118498
vt 0.11763000 0.77118498
vt 0.11763000 0.77118498
vt 0.11763000 0.77118498
vt 0.16522300 0.51004702
vt 0.16522300 0.51004702
vt 0.16522300 0.51004702
vt 0.16522300 0.51004702
vt 0.16522300 0.51004702
vt 0.16522300 0.51004702
vt 0.16522300 0.51004702
vt 0.16522300 0.51004702
vt 0.16350900 0.77334499
vt 0.16350900 0.77334499
vt 0.16350900 0.77334499
vt 0.16350900 0.77334499
vt 0.16350900 0.77334499
vt 0.16359800 0.78953898
vt 0.16359800 0.78953898
vt 0.16359800 0.78953898
vt 0.16359800 0.78953898
vt 0.16359800 0.78953898
vt 0.16359800 0.78953898
vt 0.16359800 0.78953898
vt 0.10482900 0.78768098
vt 0.10482900 0.78768098
vt 0.10482900 0.78768098
vt 0.10482900 0.78768098
vt 0.10482900 0.78768098
vt 0.10482900 0.78768098
vt 0.10482900 0.78768098
vt 0.10482900 0.78768098
f 1384/1384 1003/1003 1357/1357
f 1385/1385 1169/1169 1005/1005
f 956/956 1002/1002 1168/1168
f 955/955 763/763 998/998
f 712/712 1000/1000 764/764
f 760/760 577/577 710/710
f 576/576 501/501 709/709
f 497/497 573/573 334/334
f 463/463 335/335 574/574
f 461/461 270/270 331/331
f 802/802 762/762 954/954
f 457/457 272/272 462/462
f 490/490 274/274 459/459
f 575/575 676/676 465/465
f 759/759 800/800 678/678
f 761/761 679/679 578/578
f 460/460 464/464 550/550
f 466/466 677/677 551/551
f 1166/1166 947/947 953/953
f 1165/1165 1184/1184 946/946
f 1220/1220 950/950 1186/1186
f 1221/1221 1187/1187 1313/1313
f 1217/1217 1311/1311 1672/1672
f 1675/1675 1312/1312 1390/1390
f 1314/1314 1188/1188 1393/1393
f 1673/1673 1387/1387 1782/1782
f 1391/1391 1891/1891 1783/1783
f 1218/1218 1674/1674 1579/1579
f 1089/1089 1216/1216 1577/1577
f 1093/1093 949/949 1219/1219
f 1090/1090 1578/1578 1530/1530
f 1528/1528 892/892 1088/1088
f 1529/1529 1418/1418 893/893
f 768/768 891/891 1417/1417
f 767/767 1416/1416 1310/1310
f 766/766 1309/1309 1206/1206
f 765/765 1205/1205 690/690
f 1105/1105 688/688 1204/1204
f 1106/1106 657/657 689/689
f 669/669 656/656 1104/1104
f 668/668 1103/1103 1029/1029
f 703/703 667/667 1027/1027
f 704/704 1028/1028 1065/1065
f 1042/1042 705/705 1066/1066
f 1043/1043 834/834 706/706
f 833/833 632/632 702/702
f 770/770 683/683 894/894
f 771/771 543/543 684/684
f 693/693 542/542 769/769
f 660/660 425/425 691/691
f 692/692 426/426 541/541
f 659/659 438/438 424/424
f 672/672 437/437 658/658
f 670/670 571/571 436/436
f 707/707 572/572 671/671
f 547/547 538/538 422/422
f 548/548 423/423 458/458
f 455/455 421/421 433/433
f 456/456 434/434 487/487
f 489/489 435/435 569/569
f 488/488 568/568 563/563
f 566/566 570/570 699/699
f 674/674 680/680 540/540
f 673/673 539/539 549/549
f 799/799 682/682 675/675
f 798/798 827/827 681/681
f 896/896 685/685 831/831
f 895/895 830/830 1091/1091
f 1092/1092 832/832 948/948
f 951/951 945/945 828/828
f 952/952 829/829 801/801
f 564/564 275/275 491/491
f 565/565 305/305 277/277
f 304/304 203/203 276/276
f 271/271 202/202 212/212
f 701/701 307/307 567/567
f 700/700 631/631 306/306
f 273/273 214/214 333/333
f 332/332 213/213 243/243
f 336/336 244/244 338/338
f 499/499 337/337 340/340
f 498/498 339/339 492/492
f 708/708 500/500 661/661
f 662/662 863/863 713/713
f 711/711 862/862 999/999
f 1050/1050 1001/1001 864/864
f 1358/1358 1004/1004 1051/1051
f 1386/1386 1359/1359 1543/1543
f 1697/1697 1392/1392 1548/1548
f 1869/1869 1389/1389 1695/1695
f 1868/1868 1890/1890 1388/1388
f 1383/1383 1185/1185 1167/1167
f 1889/1889 1906/1906 1780/1780
f 1779/1779 1905/1905 1825/1825
f 1781/1781 1827/1827 1671/1671
f 1669/1669 1826/1826 1730/1730
f 1670/1670 1731/1731 1576/1576
f 1575/1575 1729/1729 1624/1624
f 1574/1574 1623/1623 1527/1527
f 1526/1526 1622/1622 1500/1500
f 1525/1525 1499/1499 1415/1415
f 1413/1413 1498/1498 1407/1407
f 1414/1414 1409/1409 1308/1308
f 1306/1306 1408/1408 1316/1316
f 1307/1307 1317/1317 1203/1203
f 1202/1202 1315/1315 1209/1209
f 1201/1201 1207/1207 1101/1101
f 1102/1102 1208/1208 1127/1127
f 1100/1100 1126/1126 1025/1025
f 1026/1026 1128/1128 1064/1064
f 1471/1471 1506/1506 1344/1344
f 1469/1469 1342/1342 1330/1330
f 1327/1327 1339/1339 1123/1123
f 1328/1328 1124/1124 1116/1116
f 1120/1120 846/846 1113/1113
f 1119/1119 851/851 845/845
f 1452/1452 1470/1470 1331/1331
f 1745/1745 1475/1475 1457/1457
f 1742/1742 1705/1705 1474/1474
f 1453/1453 1332/1332 1323/1323
f 1321/1321 1329/1329 1117/1117
f 1322/1322 1118/1118 1056/1056
f 858/858 1055/1055 1115/1115
f 857/857 1114/1114 847/847
f 803/803 855/855 844/844
f 804/804 838/838 856/856
f 1095/1095 1125/1125 1340/1340
f 1096/1096 1341/1341 1333/1333
f 1335/1335 1343/1343 1505/1505
f 1334/1334 1504/1504 1515/1515
f 1517/1517 1509/1509 1651/1651
f 1650/1650 1508/1508 1667/1667
f 1473/1473 1704/1704 1668/1668
f 1472/1472 1666/1666 1507/1507
f 815/815 852/852 1122/1122
f 814/814 1121/1121 1094/1094
f 1609/1609 1514/1514 1400/1400
f 1608/1608 1399/1399 1588/1588
f 1513/1513 1272/1272 1397/1397
f 1512/1512 1263/1263 1271/1271
f 1511/1511 1535/1535 1262/1262
f 1605/1605 1534/1534 1510/1510
f 1267/1267 1261/1261 839/839
f 1268/1268 840/840 806/806
f 1270/1270 942/942 1395/1395
f 807/807 940/940 1269/1269
f 1607/1607 1677/1677 1536/1536
f 1610/1610 1590/1590 1658/1658
f 1606/1606 1656/1656 1676/1676
f 1374/1374 1587/1587 1398/1398
f 1373/1373 1570/1570 1586/1586
f 1657/1657 1589/1589 1571/1571
f 1354/1354 1569/1569 1372/1372
f 1353/1353 1558/1558 1568/1568
f 1549/1549 1559/1559 1355/1355
f 1551/1551 1617/1617 1562/1562
f 1554/1554 1612/1612 1618/1618
f 1553/1553 1467/1467 1611/1611
f 1552/1552 1435/1435 1464/1464
f 1550/1550 1356/1356 1433/1433
f 1434/1434 1231/1231 1463/1463
f 1432/1432 1254/1254 1230/1230
f 1352/1352 1253/1253 1431/1431
f 1629/1629 1573/1573 1560/1560
f 1630/1630 1561/1561 1616/1616
f 1659/1659 1572/1572 1628/1628
f 805/805 810/810 939/939
f 1084/1084 1229/1229 1252/1252
f 1348/1348 1083/1083 1251/1251
f 1082/1082 1076/1076 1228/1228
f 1351/1351 1369/1369 1171/1171
f 1195/1195 1172/1172 1370/1370
f 1349/1349 1170/1170 1137/1137
f 1396/1396 1196/1196 1371/1371
f 941/941 1194/1194 1394/1394
f 1350/1350 1138/1138 1085/1085
f 1097/1097 1338/1338 1361/1361
f 1099/1099 1362/1362 1054/1054
f 1337/1337 1545/1545 1360/1360
f 1336/1336 1516/1516 1544/1544
f 1546/1546 1518/1518 1654/1654
f 1547/1547 1655/1655 1696/1696
f 1053/1053 818/818 1098/1098
f 1052/1052 866/866 817/817
f 1694/1694 1652/1652 1724/1724
f 1653/1653 1647/1647 1725/1725
f 1721/1721 1930/1930 1866/1866
f 1722/1722 1867/1867 1693/1693
f 1884/1884 1714/1714 1752/1752
f 1883/1883 1800/1800 1713/1713
f 1885/1885 1911/1911 1801/1801
f 1726/1726 1799/1799 1909/1909
f 1727/1727 1910/1910 1931/1931
f 1723/1723 1688/1688 1798/1798
f 1687/1687 1712/1712 1797/1797
f 1728/1728 1648/1648 1689/1689
f 1621/1621 1615/1615 1641/1641
f 1619/1619 1640/1640 1642/1642
f 1631/1631 1620/1620 1643/1643
f 1632/1632 1644/1644 1681/1681
f 1660/1660 1633/1633 1682/1682
f 1661/1661 1683/1683 1699/1699
f 1700/1700 1680/1680 1662/1662
f 1698/1698 1708/1708 1679/1679
f 1533/1533 1639/1639 1614/1614
f 1532/1532 1613/1613 1468/1468
f 1860/1860 1771/1771 1768/1768
f 1859/1859 1767/1767 1839/1839
f 1542/1542 1738/1738 1744/1744
f 1541/1541 1743/1743 1456/1456
f 1346/1346 1540/1540 1455/1455
f 1345/1345 1454/1454 1324/1324
f 1142/1142 1347/1347 1325/1325
f 1143/1143 1326/1326 1058/1058
f 913/913 1144/1144 1059/1059
f 912/912 1057/1057 859/859
f 1265/1265 1537/1537 1556/1556
f 1264/1264 1555/1555 1291/1291
f 1707/1707 1557/1557 1539/1539
f 1706/1706 1538/1538 1678/1678
f 1466/1466 1233/1233 1284/1284
f 1465/1465 1282/1282 1531/1531
f 1078/1078 1283/1283 1232/1232
f 1077/1077 1132/1132 1281/1281
f 1293/1293 906/906 842/842
f 1292/1292 841/841 1266/1266
f 908/908 914/914 861/861
f 907/907 860/860 843/843
f 194/194 51/51 57/57
f 479/479 53/53 197/197
f 478/478 143/143 52/52
f 480/480 398/398 144/144
f 196/196 58/58 114/114
f 195/195 112/112 289/289
f 290/290 113/113 173/173
f 481/481 720/720 401/401
f 482/482 1030/1030 721/721
f 1031/1031 933/933 724/724
f 55/55 38/38 59/59
f 54/54 31/31 37/37
f 145/145 32/32 56/56
f 146/146 97/97 33/33
f 399/399 98/98 147/147
f 934/934 695/695 725/725
f 935/935 915/915 696/696
f 400/400 298/298 99/99
f 723/723 694/694 300/300
f 722/722 299/299 402/402
f 60/60 39/39 75/75
f 61/61 77/77 116/116
f 115/115 76/76 106/106
f 117/117 108/108 176/176
f 175/175 107/107 167/167
f 177/177 168/168 230/230
f 228/228 291/291 174/174
f 229/229 519/519 292/292
f 160/160 90/90 68/68
f 161/161 69/69 148/148
f 642/642 94/94 162/162
f 643/643 591/591 95/95
f 644/644 925/925 595/595
f 645/645 961/961 926/926
f 149/149 70/70 191/191
f 150/150 193/193 350/350
f 318/318 349/349 190/190
f 317/317 189/189 156/156
f 187/187 84/84 155/155
f 188/188 102/102 85/85
f 71/71 103/103 192/192
f 87/87 105/105 46/46
f 74/74 43/43 104/104
f 86/86 45/45 23/23
f 22/22 44/44 14/14
f 93/93 13/13 73/73
f 72/72 11/11 42/42
f 24/24 16/16 3/3
f 2/2 15/15 21/21
f 1/1 19/19 8/8
f 9/9 20/20 66/66
f 7/7 63/63 47/47
f 48/48 67/67 234/234
f 49/49 235/235 217/217
f 219/219 236/236 652/652
f 218/218 651/651 636/636
f 637/637 655/655 886/886
f 638/638 887/887 875/875
f 92/92 18/18 12/12
f 91/91 62/62 17/17
f 928/928 885/885 654/654
f 927/927 653/653 596/596
f 592/592 232/232 64/64
f 593/593 65/65 96/96
f 594/594 650/650 233/233
f 34/34 163/163 151/151
f 35/35 152/152 40/40
f 100/100 164/164 36/36
f 303/303 166/166 101/101
f 301/301 647/647 165/165
f 41/41 153/153 78/78
f 79/79 154/154 351/351
f 80/80 352/352 110/110
f 698/698 648/648 302/302
f 917/917 646/646 697/697
f 920/920 964/964 649/649
f 325/325 111/111 353/353
f 322/322 171/171 109/109
f 10/10 30/30 29/29
f 10/10 29/29 5/5
f 50/50 30/30 10/10
f 50/50 118/118 30/30
f 221/221 118/118 50/50
f 221/221 330/330 118/118
f 4/4 28/28 81/81
f 6/6 82/82 25/25
f 26/26 83/83 178/178
f 27/27 179/179 88/88
f 640/640 329/329 220/220
f 639/639 686/686 328/328
f 877/877 687/687 641/641
f 877/877 897/897 687/687
f 157/157 89/89 180/180
f 159/159 181/181 263/263
f 327/327 158/158 262/262
f 326/326 261/261 454/454
f 603/603 609/609 754/754
f 606/606 755/755 782/782
f 590/590 605/605 781/781
f 583/583 410/410 602/602
f 515/515 610/610 607/607
f 513/513 604/604 414/414
f 517/517 527/527 612/612
f 511/511 412/412 320/320
f 1111/1111 785/785 756/756
f 784/784 1110/1110 1149/1149
f 874/874 783/783 1148/1148
f 589/589 780/780 871/871
f 1145/1145 1109/1109 1151/1151
f 1146/1146 1152/1152 1189/1189
f 1191/1191 873/873 1147/1147
f 1072/1072 1150/1150 1108/1108
f 1071/1071 1107/1107 1007/1007
f 1112/1112 758/758 1010/1010
f 1018/1018 1070/1070 1006/1006
f 1019/1019 1008/1008 957/957
f 1020/1020 958/958 985/985
f 988/988 960/960 737/737
f 1011/1011 735/735 959/959
f 987/987 736/736 716/716
f 715/715 733/733 616/616
f 714/714 615/615 535/535
f 618/618 528/528 536/536
f 1009/1009 757/757 734/734
f 752/752 613/613 732/732
f 753/753 608/608 614/614
f 617/617 611/611 526/526
f 1190/1190 901/901 872/872
f 729/729 869/869 900/900
f 728/728 899/899 747/747
f 773/773 727/727 746/746
f 772/772 738/738 726/726
f 626/626 739/739 774/774
f 627/627 622/622 740/740
f 588/588 870/870 731/731
f 741/741 623/623 586/586
f 742/742 587/587 730/730
f 624/624 467/467 620/620
f 447/447 621/621 468/468
f 585/585 619/619 446/446
f 625/625 367/367 469/469
f 368/368 363/363 470/470
f 364/364 450/450 471/471
f 584/584 445/445 411/411
f 451/451 321/321 413/413
f 449/449 380/380 319/319
f 379/379 448/448 362/362
f 664/664 628/628 775/775
f 666/666 776/776 819/819
f 503/503 629/629 665/665
f 504/504 371/371 630/630
f 816/816 865/865 663/663
f 717/717 537/537 600/600
f 719/719 601/601 745/745
f 744/744 989/989 718/718
f 743/743 1060/1060 986/986
f 494/494 365/365 370/370
f 493/493 369/369 502/502
f 905/905 944/944 812/812
f 904/904 811/811 748/748
f 808/808 750/750 813/813
f 850/850 751/751 809/809
f 849/849 778/778 749/749
f 848/848 853/853 777/777
f 779/779 854/854 820/820
f 902/902 1197/1197 943/943
f 903/903 1192/1192 1198/1198
f 991/991 1061/1061 1081/1081
f 990/990 1079/1079 1021/1021
f 1022/1022 1080/1080 1086/1086
f 1139/1139 1023/1023 1087/1087
f 1141/1141 1074/1074 1024/1024
f 1073/1073 1140/1140 1173/1173
f 1075/1075 1174/1174 1153/1153
f 1154/1154 1175/1175 1199/1199
f 1155/1155 1200/1200 1193/1193
f 512/512 545/545 580/580
f 514/514 582/582 525/525
f 452/452 546/546 516/516
f 453/453 518/518 323/323
f 524/524 581/581 599/599
f 523/523 598/598 534/534
f 881/881 825/825 973/973
f 882/882 976/976 969/969
f 922/922 974/974 826/826
f 923/923 992/992 975/975
f 967/967 1063/1063 996/996
f 968/968 997/997 924/924
f 821/821 880/880 909/909
f 822/822 910/910 867/867
f 1039/1039 911/911 883/883
f 1041/1041 884/884 972/972
f 966/966 921/921 824/824
f 965/965 823/823 868/868
f 405/405 387/387 345/345
f 404/404 344/344 356/356
f 279/279 403/403 354/354
f 280/280 355/355 312/312
f 255/255 278/278 311/311
f 257/257 313/313 285/285
f 386/386 256/256 284/284
f 385/385 283/283 343/343
f 391/391 281/281 258/258
f 392/392 259/259 372/372
f 506/506 390/390 408/408
f 507/507 409/409 530/530
f 393/393 529/529 406/406
f 394/394 407/407 282/282
f 373/373 260/260 388/388
f 374/374 389/389 505/505
f 597/597 579/579 544/544
f 199/199 123/123 136/136
f 198/198 135/135 240/240
f 201/201 241/241 484/484
f 486/486 242/242 556/556
f 296/296 124/124 200/200
f 294/294 185/185 122/122
f 295/295 254/254 186/186
f 483/483 555/555 789/789
f 485/485 791/791 1034/1034
f 1033/1033 790/790 983/983
f 293/293 382/382 253/253
f 297/297 522/522 383/383
f 120/120 125/125 138/138
f 119/119 137/137 132/132
f 133/133 139/139 222/222
f 134/134 223/223 237/237
f 239/239 224/224 558/558
f 238/238 557/557 552/552
f 182/182 126/126 121/121
f 183/183 207/207 127/127
f 250/250 208/208 184/184
f 251/251 265/265 209/209
f 554/554 559/559 793/793
f 553/553 792/792 786/786
f 788/788 794/794 1013/1013
f 787/787 1012/1012 981/981
f 249/249 360/360 264/264
f 252/252 378/378 361/361
f 141/141 205/205 308/308
f 142/142 309/309 225/225
f 226/226 310/310 633/633
f 227/227 634/634 561/561
f 562/562 635/635 837/837
f 560/560 836/836 797/797
f 796/796 835/835 1045/1045
f 795/795 1044/1044 1014/1014
f 128/128 204/204 140/140
f 130/130 215/215 206/206
f 131/131 248/248 216/216
f 129/129 210/210 245/245
f 267/267 247/247 211/211
f 266/266 341/341 246/246
f 268/268 495/495 342/342
f 269/269 366/366 496/496
f 520/520 231/231 169/169
f 521/521 170/170 381/381
f 172/172 324/324 384/384
f 346/346 472/472 427/427
f 347/347 428/428 357/357
f 315/315 417/417 440/440
f 316/316 441/441 288/288
f 358/358 429/429 415/415
f 359/359 416/416 314/314
f 286/286 439/439 473/473
f 287/287 474/474 348/348
f 476/476 508/508 533/533
f 475/475 531/531 430/430
f 419/419 396/396 377/377
f 418/418 375/375 442/442
f 431/431 532/532 395/395
f 432/432 397/397 420/420
f 443/443 376/376 509/509
f 444/444 510/510 477/477
f 1875/1875 1882/1882 1750/1750
f 1877/1877 1751/1751 1746/1746
f 1740/1740 1749/1749 1709/1709
f 1741/1741 1710/1710 1702/1702
f 1703/1703 1711/1711 1685/1685
f 1701/1701 1684/1684 1664/1664
f 1665/1665 1686/1686 1646/1646
f 1663/1663 1645/1645 1649/1649
f 2363/2363 2396/2396 2786/2786
f 2362/2362 2785/2785 2552/2552
f 2636/2636 2554/2554 2788/2788
f 2641/2641 2791/2791 2660/2660
f 2832/2832 2658/2658 2790/2790
f 2657/2657 2830/2830 2611/2611
f 2612/2612 2831/2831 2757/2757
f 2753/2753 2343/2343 2608/2608
f 2286/2286 2607/2607 2342/2342
f 2284/2284 2339/2339 2097/2097
f 2595/2595 2640/2640 2659/2659
f 2112/2112 2282/2282 2095/2095
f 1834/1834 2109/2109 2093/2093
f 2609/2609 2287/2287 2375/2375
f 2656/2656 2379/2379 2593/2593
f 2655/2655 2610/2610 2378/2378
f 2113/2113 2223/2223 2283/2283
f 2285/2285 2224/2224 2373/2373
f 2556/2556 2638/2638 2843/2843
f 2555/2555 2841/2841 2773/2773
f 2331/2331 2771/2771 2839/2839
f 2329/2329 2350/2350 2769/2769
f 2334/2334 1935/1935 2352/2352
f 1936/1936 2357/2357 2353/2353
f 2351/2351 2354/2354 2770/2770
f 1937/1937 1942/1942 2359/2359
f 2356/2356 1941/1941 1892/1892
f 2333/2333 1843/1843 1934/1934
f 2271/2271 1842/1842 2332/2332
f 2267/2267 2330/2330 2838/2838
f 2270/2270 1717/1717 1841/1841
f 1716/1716 2269/2269 2179/2179
f 1715/1715 2178/2178 1582/1582
f 1984/1984 1580/1580 2177/2177
f 1985/1985 1459/1459 1581/1581
f 1982/1982 1402/1402 1458/1458
f 1983/1983 1858/1858 1403/1403
f 1302/1302 1401/1401 1857/1857
f 1301/1301 1856/1856 1638/1638
f 1522/1522 1299/1299 1637/1637
f 1524/1524 1178/1178 1300/1300
f 1423/1423 1177/1177 1523/1523
f 1422/1422 1068/1068 1176/1176
f 1047/1047 1067/1067 1421/1421
f 1046/1046 1420/1420 1294/1294
f 1297/1297 1424/1424 1488/1488
f 1981/1981 2174/2174 2441/2441
f 1980/1980 2440/2440 2251/2251
f 1854/1854 1979/1979 2249/2249
f 1635/1635 1853/1853 2103/2103
f 1855/1855 2250/2250 2105/2105
f 1636/1636 2104/2104 1793/1793
f 1520/1520 1634/1634 1791/1791
f 1521/1521 1792/1792 1564/1564
f 1419/1419 1519/1519 1563/1563
f 2225/2225 2107/2107 2252/2252
f 2226/2226 2114/2114 2108/2108
f 2111/2111 1796/1796 2106/2106
f 2110/2110 1835/1835 1795/1795
f 1833/1833 1567/1567 1794/1794
f 1832/1832 1595/1595 1566/1566
f 1592/1592 1427/1427 1565/1565
f 2374/2374 2227/2227 2253/2253
f 2376/2376 2254/2254 2443/2443
f 2592/2592 2377/2377 2445/2445
f 2591/2591 2444/2444 2748/2748
f 2175/2175 2744/2744 2442/2442
f 2176/2176 2266/2266 2745/2745
f 2268/2268 2840/2840 2746/2746
f 2639/2639 2594/2594 2749/2749
f 2637/2637 2747/2747 2842/2842
f 1593/1593 1831/1831 2090/2090
f 1594/1594 2092/2092 1790/1790
f 1789/1789 2091/2091 2088/2088
f 2094/2094 2246/2246 2089/2089
f 1425/1425 1591/1591 1787/1787
f 1426/1426 1788/1788 1491/1491
f 2096/2096 2338/2338 2247/2247
f 2340/2340 2419/2419 2248/2248
f 2341/2341 2574/2574 2420/2420
f 2754/2754 2575/2575 2344/2344
f 2755/2755 2737/2737 2576/2576
f 2828/2828 2995/2995 2756/2756
f 2996/2996 2829/2829 2852/2852
f 2833/2833 2792/2792 2854/2854
f 2702/2702 2853/2853 2789/2789
f 2397/2397 2701/2701 2787/2787
f 2361/2361 2215/2215 2395/2395
f 2010/2010 2212/2212 2355/2355
f 1870/1870 2011/2011 2358/2358
f 1871/1871 2360/2360 1893/1893
f 2364/2364 2553/2553 2772/2772
f 1894/1894 1944/1944 1907/1907
f 1945/1945 1830/1830 1908/1908
f 1943/1943 1940/1940 1829/1829
f 1939/1939 1734/1734 1828/1828
f 1938/1938 1845/1845 1733/1733
f 1844/1844 1625/1625 1732/1732
f 1846/1846 1720/1720 1627/1627
f 1718/1718 1502/1502 1626/1626
f 1719/1719 1585/1585 1503/1503
f 1584/1584 1412/1412 1501/1501
f 1583/1583 1462/1462 1411/1411
f 1461/1461 1320/1320 1410/1410
f 1460/1460 1406/1406 1319/1319
f 1404/1404 1211/1211 1318/1318
f 1405/1405 1305/1305 1212/1212
f 1303/1303 1130/1130 1210/1210
f 1304/1304 1180/1180 1131/1131
f 1179/1179 1069/1069 1129/1129
f 2222/2222 2400/2400 2412/2412
f 2221/2221 2410/2410 2200/2200
f 2403/2403 2713/2713 2414/2414
f 2402/2402 2688/2688 2712/2712
f 2714/2714 2691/2691 2890/2890
f 2715/2715 2891/2891 2909/2909
f 2233/2233 2399/2399 2220/2220
f 1997/1997 2231/2231 2216/2216
f 1998/1998 2217/2217 2028/2028
f 2232/2232 2437/2437 2398/2398
f 2439/2439 2687/2687 2401/2401
f 2438/2438 2802/2802 2686/2686
f 2932/2932 2889/2889 2690/2690
f 2931/2931 2689/2689 2803/2803
f 2904/2904 2892/2892 2933/2933
f 2905/2905 2934/2934 2915/2915
f 2819/2819 2411/2411 2709/2709
f 2820/2820 2451/2451 2413/2413
f 2450/2450 2199/2199 2409/2409
f 2449/2449 2237/2237 2197/2197
f 2235/2235 2119/2119 2195/2195
f 2120/2120 2059/2059 2196/2196
f 2219/2219 2198/2198 2061/2061
f 2218/2218 2060/2060 2029/2029
f 3006/3006 2821/2821 2710/2710
f 3007/3007 2711/2711 2908/2908
f 2072/2072 2067/2067 2256/2256
f 2071/2071 2255/2255 2180/2180
f 2183/2183 2259/2259 2462/2462
f 2182/2182 2461/2461 2510/2510
f 2181/2181 2509/2509 2188/2188
f 2075/2075 2184/2184 2190/2190
f 2464/2464 2913/2913 2511/2511
f 2465/2465 2901/2901 2914/2914
f 2463/2463 2260/2260 2632/2632
f 2902/2902 2466/2466 2634/2634
f 2073/2073 2189/2189 2026/2026
f 2074/2074 2027/2027 1992/1992
f 2070/2070 1991/1991 2066/2066
f 2238/2238 2257/2257 2068/2068
f 2240/2240 2069/2069 2043/2043
f 1990/1990 2041/2041 2065/2065
f 2203/2203 2239/2239 2042/2042
f 2204/2204 2044/2044 2007/2007
f 2018/2018 2202/2202 2006/2006
f 2016/2016 2005/2005 1959/1959
f 2013/2013 1957/1957 1952/1952
f 2014/2014 1953/1953 2056/2056
f 2015/2015 2057/2057 2098/2098
f 2017/2017 2100/2100 2201/2201
f 2099/2099 2058/2058 2304/2304
f 2101/2101 2305/2305 2278/2278
f 2205/2205 2102/2102 2279/2279
f 1971/1971 1958/1958 2003/2003
f 1973/1973 2004/2004 2040/2040
f 1989/1989 1972/1972 2039/2039
f 2903/2903 2635/2635 2811/2811
f 2389/2389 2280/2280 2306/2306
f 2209/2209 2281/2281 2390/2390
f 2391/2391 2307/2307 2385/2385
f 2206/2206 2425/2425 2243/2243
f 2432/2432 2242/2242 2424/2424
f 2208/2208 2408/2408 2426/2426
f 2258/2258 2241/2241 2431/2431
f 2633/2633 2261/2261 2433/2433
f 2207/2207 2388/2388 2407/2407
f 2817/2817 2699/2699 2394/2394
f 2816/2816 2392/2392 2446/2446
f 2447/2447 2393/2393 2211/2211
f 2448/2448 2214/2214 2236/2236
f 2213/2213 2118/2118 2234/2234
f 2210/2210 2008/2008 2115/2115
f 2700/2700 2818/2818 3005/3005
f 2698/2698 3004/3004 2851/2851
f 2009/2009 2046/2046 2117/2117
f 2116/2116 2045/2045 2127/2127
f 2052/2052 2012/2012 1873/1873
f 2051/2051 1872/1872 1933/1933
f 1887/1887 2021/2021 2033/2033
f 1888/1888 2034/2034 1975/1975
f 1886/1886 1974/1974 1912/1912
f 2049/2049 1914/1914 1976/1976
f 2048/2048 1932/1932 1913/1913
f 2050/2050 1978/1978 2078/2078
f 2077/2077 1977/1977 2035/2035
f 2047/2047 2076/2076 2128/2128
f 1954/1954 1816/1816 1807/1807
f 1956/1956 1808/1808 1949/1949
f 1968/1968 1817/1817 1955/1955
f 1969/1969 1850/1850 1818/1818
f 1986/1986 1851/1851 1970/1970
f 1987/1987 1903/1903 1852/1852
f 1904/1904 1988/1988 2024/2024
f 1902/1902 2023/2023 1922/1922
f 1947/1947 1951/1951 1809/1809
f 1946/1946 2053/2053 1950/1950
f 1862/1862 1840/1840 1927/1927
f 1861/1861 1926/1926 1964/1964
f 2152/2152 2228/2228 1995/1995
f 2151/2151 1994/1994 1962/1962
f 2313/2313 2229/2229 2153/2153
f 2315/2315 2436/2436 2230/2230
f 2519/2519 2435/2435 2314/2314
f 2518/2518 2800/2800 2434/2434
f 2589/2589 2799/2799 2517/2517
f 2590/2590 2930/2930 2801/2801
f 2507/2507 2337/2337 2083/2083
f 2508/2508 2084/2084 2187/2187
f 1924/1924 2186/2186 2082/2082
f 1923/1923 2025/2025 2185/2185
f 2055/2055 1948/1948 2194/2194
f 2054/2054 2192/2192 2302/2302
f 2384/2384 2303/2303 2193/2193
f 2383/2383 2191/2191 2265/2265
f 2336/2336 2506/2506 2912/2912
f 2335/2335 2911/2911 2571/2571
f 2570/2570 2910/2910 2929/2929
f 2569/2569 2928/2928 2588/2588
f 2171/2171 2311/2311 2136/2136
f 1603/1603 2170/2170 2132/2132
f 1604/1604 2133/2133 1757/1757
f 1602/1602 1754/1754 1440/1440
f 2173/2173 2493/2493 2312/2312
f 2172/2172 2457/2457 2492/2492
f 2458/2458 2650/2650 2494/2494
f 1601/1601 1436/1436 1258/1258
f 1600/1600 1257/1257 1037/1037
f 1032/1032 1255/1255 936/936
f 2134/2134 2308/2308 2347/2347
f 2135/2135 2348/2348 2159/2159
f 1756/1756 2131/2131 2158/2158
f 1755/1755 2157/2157 1806/1806
f 1438/1438 1753/1753 1804/1804
f 937/937 1256/1256 1240/1240
f 938/938 1241/1241 916/916
f 1439/1439 1805/1805 1446/1446
f 1259/1259 1437/1437 1444/1444
f 1260/1260 1445/1445 1244/1244
f 2489/2489 2649/2649 2826/2826
f 2490/2490 2827/2827 2585/2585
f 2309/2309 2491/2491 2586/2586
f 2310/2310 2587/2587 2349/2349
f 2648/2648 3013/3013 2825/2825
f 2647/2647 2813/2813 3012/3012
f 2814/2814 2651/2651 2459/2459
f 2815/2815 2460/2460 2629/2629
f 1900/1900 2292/2292 2323/2323
f 1901/1901 2324/2324 1921/1921
f 1382/1382 1899/1899 1917/1917
f 1381/1381 1916/1916 1368/1368
f 1376/1376 1363/1363 931/931
f 1375/1375 930/930 962/962
f 2293/2293 2666/2666 2328/2328
f 2294/2294 2524/2524 2667/2667
f 2729/2729 2664/2664 2523/2523
f 2728/2728 2965/2965 2661/2661
f 2662/2662 2966/2966 3043/3043
f 2663/2663 3045/3045 2835/2835
f 2327/2327 2665/2665 2837/2837
f 3042/3042 2602/2602 2834/2834
f 2326/2326 2836/2836 2606/2606
f 3044/3044 2743/2743 2604/2604
f 2742/2742 2320/2320 2603/2603
f 1920/1920 2322/2322 2319/2319
f 2325/2325 2605/2605 2321/2321
f 2741/2741 2372/2372 2317/2317
f 2370/2370 2147/2147 2316/2316
f 1919/1919 2318/2318 2150/2150
f 2371/2371 2165/2165 2149/2149
f 2163/2163 1761/1761 2146/2146
f 2164/2164 1815/1815 1762/1762
f 1813/1813 1450/1450 1759/1759
f 1814/1814 1481/1481 1451/1451
f 1480/1480 1249/1249 1447/1447
f 1479/1479 1227/1227 1248/1248
f 1222/1222 889/889 1246/1246
f 1223/1223 876/876 890/890
f 1918/1918 2148/2148 1763/1763
f 929/929 1245/1245 888/888
f 932/932 1364/1364 1247/1247
f 1367/1367 1915/1915 1760/1760
f 1366/1366 1758/1758 1449/1449
f 1365/1365 1448/1448 1250/1250
f 2154/2154 2346/2346 2290/2290
f 2155/2155 2291/2291 1897/1897
f 1803/1803 2156/2156 1898/1898
f 1441/1441 1802/1802 1895/1895
f 1443/1443 1896/1896 1378/1378
f 2345/2345 2584/2584 2289/2289
f 2583/2583 2522/2522 2288/2288
f 2582/2582 2823/2823 2521/2521
f 1242/1242 1442/1442 1377/1377
f 919/919 1243/1243 1380/1380
f 918/918 1379/1379 963/963
f 2722/2722 2520/2520 2822/2822
f 2724/2724 2824/2824 3010/3010
f 2160/2160 2367/2367 2262/2262
f 2161/2161 2263/2263 2138/2138
f 1812/1812 2162/2162 2139/2139
f 1810/1810 2137/2137 1690/1690
f 1476/1476 1811/1811 1691/1691
f 1477/1477 1692/1692 1428/1428
f 2369/2369 2468/2468 2264/2264
f 2368/2368 2738/2738 2467/2467
f 2740/2740 2805/2805 2469/2469
f 2739/2739 3040/3040 2804/2804
f 1224/1224 1478/1478 1429/1429
f 1225/1225 1430/1430 1213/1213
f 878/878 1226/1226 1214/1214
f 879/879 1215/1215 898/898
f 2963/2963 2624/2624 2806/2806
f 2964/2964 2807/2807 3041/3041
f 2725/2725 2623/2623 2962/2962
f 2726/2726 2533/2533 2625/2625
f 3037/3037 2925/2925 2878/2878
f 3039/3039 2880/2880 2990/2990
f 3024/3024 2926/2926 3038/3038
f 3020/3020 3035/3035 2759/2759
f 3063/3063 3036/3036 2988/2988
f 3062/3062 2758/2758 3034/3034
f 3061/3061 2987/2987 3033/3033
f 3064/3064 2730/2730 2761/2761
f 2597/2597 2877/2877 2922/2922
f 2923/2923 2613/2613 2598/2598
f 2857/2857 2614/2614 2924/2924
f 3025/3025 2860/2860 2927/2927
f 2616/2616 2567/2567 2600/2600
f 2617/2617 2581/2581 2568/2568
f 2580/2580 2615/2615 2858/2858
f 2528/2528 2599/2599 2566/2566
f 2529/2529 2537/2537 2601/2601
f 2596/2596 2535/2535 2875/2875
f 2499/2499 2538/2538 2530/2530
f 2500/2500 2504/2504 2539/2539
f 2501/2501 2483/2483 2505/2505
f 2481/2481 2844/2844 2502/2502
f 2534/2534 2503/2503 2846/2846
f 2482/2482 2952/2952 2845/2845
f 2953/2953 2917/2917 2847/2847
f 2954/2954 3000/3000 2919/2919
f 2916/2916 2999/2999 3031/3031
f 2536/2536 2848/2848 2876/2876
f 2881/2881 2849/2849 2921/2921
f 2879/2879 2920/2920 2989/2989
f 2918/2918 3032/3032 2986/2986
f 2579/2579 2855/2855 2946/2946
f 3015/3015 2948/2948 2856/2856
f 3014/3014 3050/3050 2947/2947
f 3083/3083 3051/3051 3016/3016
f 3084/3084 3017/3017 3053/3053
f 3075/3075 3082/3082 3052/3052
f 3076/3076 3054/3054 3068/3068
f 3023/3023 3018/3018 2859/2859
f 3055/3055 3019/3019 3026/3026
f 3056/3056 3027/3027 3069/3069
f 3074/3074 3066/3066 2973/2973
f 2938/2938 2974/2974 3067/3067
f 3022/3022 2936/2936 3065/3065
f 3073/3073 2972/2972 2970/2970
f 2971/2971 2975/2975 2960/2960
f 2961/2961 2976/2976 2940/2940
f 3021/3021 2760/2760 2935/2935
f 2941/2941 2762/2762 2732/2732
f 2939/2939 2731/2731 2874/2874
f 2873/2873 2959/2959 2937/2937
f 2991/2991 3001/3001 3077/3077
f 2993/2993 3080/3080 3072/3072
f 2752/2752 2992/2992 3071/3071
f 2751/2751 3070/3070 2969/2969
f 3003/3003 2994/2994 2850/2850
f 2949/2949 2652/2652 2774/2774
f 2951/2951 2775/2775 2997/2997
f 2653/2653 2950/2950 2479/2479
f 2654/2654 2480/2480 2366/2366
f 2734/2734 2750/2750 2968/2968
f 2733/2733 2967/2967 2955/2955
f 2944/2944 3048/3048 2810/2810
f 2942/2942 2809/2809 2630/2630
f 2900/2900 2808/2808 3047/3047
f 2886/2886 2899/2899 3046/3046
f 2887/2887 3049/3049 3078/3078
f 2888/2888 3079/3079 2906/2906
f 3081/3081 3002/3002 2907/2907
f 2943/2943 2631/2631 2429/2429
f 2945/2945 2430/2430 2578/2578
f 2478/2478 2498/2498 2382/2382
f 2477/2477 2380/2380 2365/2365
f 2497/2497 2387/2387 2381/2381
f 2406/2406 2386/2386 2496/2496
f 2404/2404 2495/2495 2525/2525
f 2526/2526 2421/2421 2405/2405
f 2527/2527 2563/2563 2422/2422
f 2564/2564 2427/2427 2423/2423
f 2565/2565 2577/2577 2428/2428
f 3060/3060 3028/3028 2883/2883
f 3059/3059 2882/2882 2984/2984
f 2532/2532 3058/3058 2983/2983
f 2531/2531 2723/2723 3057/3057
f 2884/2884 3029/3029 2776/2776
f 2885/2885 2778/2778 2985/2985
f 3030/3030 2998/2998 2777/2777
f 1156/1156 970/970 977/977
f 1158/1158 980/980 1235/1235
f 1134/1134 1234/1234 979/979
f 1133/1133 978/978 993/993
f 1161/1161 1135/1135 994/994
f 1162/1162 995/995 1062/1062
f 1239/1239 1280/1280 1183/1183
f 1238/1238 1182/1182 1160/1160
f 1038/1038 971/971 1157/1157
f 1040/1040 1159/1159 1181/1181
f 1164/1164 1279/1279 1237/1237
f 1163/1163 1236/1236 1136/1136
f 2866/2866 2798/2798 2897/2897
f 2867/2867 2898/2898 2982/2982
f 2622/2622 2797/2797 2865/2865
f 2621/2621 2672/2672 2796/2796
f 2719/2719 2671/2671 2620/2620
f 2721/2721 2768/2768 2673/2673
f 2980/2980 2896/2896 2766/2766
f 2981/2981 2767/2767 2720/2720
f 2473/2473 2560/2560 2716/2716
f 2474/2474 2717/2717 2618/2618
f 2783/2783 2646/2646 2863/2863
f 2784/2784 2864/2864 2979/2979
f 2475/2475 2619/2619 2861/2861
f 2476/2476 2862/2862 2645/2645
f 2561/2561 2782/2782 2977/2977
f 2562/2562 2978/2978 2718/2718
f 2168/2168 2123/2123 2272/2272
f 2167/2167 1775/1775 2122/2122
f 2166/2166 1597/1597 1774/1774
f 1596/1596 1482/1482 1773/1773
f 2453/2453 2169/2169 2273/2273
f 2456/2456 2274/2274 2485/2485
f 2454/2454 2484/2484 2674/2674
f 1599/1599 1277/1277 1483/1483
f 1598/1598 1036/1036 1276/1276
f 1035/1035 984/984 1275/1275
f 2455/2455 2675/2675 2870/2870
f 2452/2452 2869/2869 2627/2627
f 2275/2275 2126/2126 2144/2144
f 2276/2276 2145/2145 2299/2299
f 2125/2125 1824/1824 2143/2143
f 2124/2124 1778/1778 1823/1823
f 1776/1776 1496/1496 1822/1822
f 1777/1777 1486/1486 1497/1497
f 2486/2486 2277/2277 2300/2300
f 2487/2487 2301/2301 2514/2514
f 2677/2677 2488/2488 2515/2515
f 2678/2678 2516/2516 2708/2708
f 1484/1484 1287/1287 1492/1492
f 1485/1485 1278/1278 1289/1289
f 1273/1273 1015/1015 1285/1285
f 1274/1274 982/982 1016/1016
f 2676/2676 2707/2707 2957/2957
f 2679/2679 2958/2958 2872/2872
f 2140/2140 1821/1821 1785/1785
f 2141/2141 1786/1786 2086/2086
f 1820/1820 1490/1490 1784/1784
f 1819/1819 1495/1495 1489/1489
f 1494/1494 1296/1296 1487/1487
f 1493/1493 1288/1288 1295/1295
f 1290/1290 1049/1049 1298/1298
f 1286/1286 1017/1017 1048/1048
f 2298/2298 2142/2142 2087/2087
f 2296/2296 2085/2085 2245/2245
f 2295/2295 2244/2244 2415/2415
f 2297/2297 2416/2416 2512/2512
f 2704/2704 2513/2513 2417/2417
f 2705/2705 2418/2418 2572/2572
f 2706/2706 2573/2573 2736/2736
f 2703/2703 2735/2735 2956/2956
f 2626/2626 2868/2868 3008/3008
f 2628/2628 3009/3009 2812/2812
f 3011/3011 2871/2871 2727/2727
f 2893/2893 2793/2793 2683/2683
f 2894/2894 2684/2684 2695/2695
f 2669/2669 2765/2765 2550/2550
f 2670/2670 2551/2551 2545/2545
f 2794/2794 2668/2668 2543/2543
f 2795/2795 2544/2544 2685/2685
f 2763/2763 2895/2895 2696/2696
f 2764/2764 2697/2697 2549/2549
f 2692/2692 2680/2680 2642/2642
f 2693/2693 2643/2643 2779/2779
f 2540/2540 2546/2546 2557/2557
f 2541/2541 2558/2558 2470/2470
f 2681/2681 2542/2542 2471/2471
f 2682/2682 2472/2472 2644/2644
f 2548/2548 2694/2694 2781/2781
f 2547/2547 2780/2780 2559/2559
f 1876/1876 1993/1993 2020/2020
f 1874/1874 2019/2019 1881/1881
f 2002/2002 2031/2031 2037/2037
f 2001/2001 2036/2036 2022/2022
f 2032/2032 2081/2081 2038/2038
f 2030/2030 2064/2064 2080/2080
f 2063/2063 2130/2130 2079/2079
f 2062/2062 2121/2121 2129/2129
f 1735/1735 1764/1764 1769/1769
f 1736/1736 1770/1770 1739/1739
f 1747/1747 1772/1772 1863/1863
f 1748/1748 1864/1864 1878/1878
f 1880/1880 1865/1865 1966/1966
f 1879/1879 1965/1965 1996/1996
f 1999/1999 1967/1967 1928/1928
f 2000/2000 1929/1929 1963/1963
f 1960/1960 1925/1925 1836/1836
f 1961/1961 1837/1837 1847/1847
f 1849/1849 1838/1838 1766/1766
f 1848/1848 1765/1765 1737/1737